source_file,informacion_personal_nombre_y_apellidos,informacion_personal_estado_civil,informacion_personal_regimen_economico_matrimonial,informacion_personal_fecha_eleccion,informacion_personal_fecha_presentacion_credencial,informacion_personal_cargo,informacion_personal_circunscripcion,facebook,instagram,twitter,website,rentas_percibidas_percepciones_salariales,rentas_percibidas_dividendos_y_participaciones,rentas_percibidas_intereses_financieros,rentas_percibidas_otras_rentas,irpf_cantidad_pagada,bienes_patrimoniales_inmuebles_urbanos,bienes_patrimoniales_inmuebles_rusticos,bienes_patrimoniales_bienes_sociedades_no_cotizadas,depositos_y_cuentas_cuentas,otros_bienes_y_derechos_deuda_publica_y_valores,otros_bienes_y_derechos_acciones_y_participaciones,otros_bienes_y_derechos_sociedades_participadas_mas_5_por_ciento,vehiculos,otros_bienes_no_declarados_anteriormente,deudas_y_obligaciones,observaciones,deputy_id,photo_path,logo_path,hemiciclo_path,name_slug,scraped_salary
deputy_001_assets_000002_000_e_0000007_20230731.json,Héctor Palencia Rubio,Soltero,,23 de Julio de 2023,31 de Julio de 2023,Diputado,Ávila,,https://www.instagram.com/hectorpalenciar/,https://twitter.com/HectorPalenciaR,,"[{""concepto"": ""Director de Gabinete del Presidente de la Junta de Castilla y León"", ""euros"": ""69.834,36 €""}, {""concepto"": ""Director de Administración Local de la Junta de Castilla y León"", ""euros"": null}]",[],[],[],20348.03,"[{""clase_y_caracteristicas"": ""Residencial"", ""situacion"": ""Ávila"", ""fecha_adquisicion"": ""2006"", ""derecho_sobre_el_bien"": ""Propietario (100%)"", ""titulo_adquisicion"": ""Compraventa""}, {""clase_y_caracteristicas"": ""Almacen (Residencial Garage)"", ""situacion"": ""Ávila"", ""fecha_adquisicion"": ""2006"", ""derecho_sobre_el_bien"": ""Propietario (100%)"", ""titulo_adquisicion"": ""Compraventa""}, {""clase_y_caracteristicas"": ""Residencial"", ""situacion"": ""Ávila"", ""fecha_adquisicion"": ""2019"", ""derecho_sobre_el_bien"": ""Nuda Propiedad (16,66%)"", ""titulo_adquisicion"": ""Herencia""}, {""clase_y_caracteristicas"": ""Residencial"", ""situacion"": ""Ávila"", ""fecha_adquisicion"": ""2019"", ""derecho_sobre_el_bien"": ""Nuda Propiedad (16,66%)"", ""titulo_adquisicion"": ""Herencia""}]",[],[],"[{""descripcion"": ""Cuenta Corriente en Caixa Bank y Caja Rural y Seguros de ahorro con AXA S.A., FWU S.A. y PLUS ULTRA"", ""saldo"": ""10.803,87 €""}]","[{""descripcion"": ""81 acciones de Telefonica SA"", ""valor"": ""311,27€""}, {""descripcion"": ""29 acciones de CaixaBank SA"", ""valor"": ""110,26€""}]",[],[],"[{""fecha_adquisicion"": ""2022"", ""descripcion"": ""Mini Countryman SE A Híbrido Enchufable (PHEV)""}]","[{""descripcion"": ""Plan de Pensiones"", ""valor"": ""19.269,85€""}]","[{""descripcion"": ""Hipotecario"", ""fecha_concesion"": ""2008"", ""importe_concedido"": ""140.505,00 €"", ""saldo_pendiente"": ""67.230,26 €""}, {""descripcion"": ""Personal (Vehículo)"", ""fecha_concesion"": ""2022"", ""importe_concedido"": ""35.000,00 €"", ""saldo_pendiente"": ""27.431,93 €""}]",,1,fotos_diputados\deputy_001.jpg,Logo_partidos\deputy_0001.jpg,hemiciclo\hemi_0001_3610.gif,hector-palencia-rubio,91261.66
deputy_002_assets_000001_000_e_0000005_20230731.json,Tomás Cabezón Casas,Casado,Gananciales,23 de Julio de 2023,31 de Julio de 2023,Diputado,SORIA,,https://www.instagram.com/tomascabezoncasas/,https://twitter.com/tcabcas,,[],[],[],[],13583.32,"[{""clase"": ""Vivienda habitual - piso"", ""situacion"": ""Soria"", ""fecha_adquisicion"": ""Diciembre 2010"", ""derecho_y_titulo"": ""Pleno Dominio - Compra venta""}, {""clase"": ""Plaza de aparcamiento"", ""situacion"": ""Soria"", ""fecha_adquisicion"": ""Mayo 2012"", ""derecho_y_titulo"": ""Pleno Dominio - Compra venta""}, {""clase"": ""Plaza de aparcamiento"", ""situacion"": ""Soria"", ""fecha_adquisicion"": ""2021"", ""derecho_y_titulo"": ""Pleno Dominio - Compra venta""}]",[],[],"[{""entidad"": ""Caja Rural"", ""saldo"": 27103}, {""entidad"": ""Caja Rural"", ""saldo"": 71035}, {""entidad"": ""Bankinter"", ""saldo"": 23500}]","[{""descripcion"": ""Fondos de ahorro e inversión Bankinter"", ""valor"": 40850}, {""descripcion"": ""Fondos de ahorro e inversión Caja Rural de Soria"", ""valor"": 21150}]",[],[],"[{""fecha_adquisicion"": ""Marzo 2019"", ""descripcion"": ""Volkswagen Tiguan""}]",[],"[{""descripcion"": ""Préstamo hipotecario destinado a la adquisición de la vivienda habitual"", ""fecha_concesion"": ""21-12-2010"", ""importe_concedido"": 170000, ""saldo_pendiente"": 70847.8}]",,2,fotos_diputados\deputy_002.jpg,Logo_partidos\deputy_0002.jpg,hemiciclo\hemi_0002_5802.gif,tomas-cabezon-casas,91261.66
deputy_003_assets_000004_000_e_0000015_20230801.json,María Luisa del Moral Leal,Casada,Separación de bienes,23/07/23,01-08-23,Diputado,JAÉN,,,,,"[{""concepto"": ""RENTA 2022.PROFESORA TITULAR DE UNIVERSIDAD, hasta 29 de agosto de 2022 y S.G.DE LA JUNTA DE ANDALUCIA, desde el 30 de agosto de 2022."", ""euros"": 69665.95}]",[],"[{""concepto"": ""RENDIMIENTO DEL CAPITAL MOBILIARIO Rendimiento neto reducido"", ""euros"": 1398.49}]","[{""concepto"": ""RENDIMIENTO DEL CAPITAL INMOBILIARIO. Rendimiento neto reducido"", ""euros"": 2033.72}]",23452.59,"[{""clase_y_caracteristicas"": ""VIVIENDA UNIFAMILIAR"", ""situacion"": ""JAÉN (23006)"", ""fecha_adquisicion"": ""30 JUNIO DE 1995"", ""derecho_sobre_el_bien"": ""PLENO DOMINIO"", ""titulo_adquisicion"": ""COMPRA VENTA""}, {""clase_y_caracteristicas"": ""VIVIENDA"", ""situacion"": ""JAÉN (23007)"", ""fecha_adquisicion"": ""7 OCTUBRE 2005"", ""derecho_sobre_el_bien"": ""PLENO DOMINIO"", ""titulo_adquisicion"": ""COMPRAVENTA""}, {""clase_y_caracteristicas"": ""VIVIENDA"", ""situacion"": ""JAÉN (23007)"", ""fecha_adquisicion"": ""7 OCTUBRE 2005"", ""derecho_sobre_el_bien"": ""PLENO DOMINIO"", ""titulo_adquisicion"": ""COMPRAVENTA""}, {""clase_y_caracteristicas"": ""VIVIENDA"", ""situacion"": ""FUENGIROLA (MÁLAGA)"", ""fecha_adquisicion"": ""2 AGOSTO 2012"", ""derecho_sobre_el_bien"": ""PLENO DOMINIO"", ""titulo_adquisicion"": ""HERENCIA""}, {""clase_y_caracteristicas"": ""PLAZA DE APARCAMIENTO"", ""situacion"": ""JAÉN"", ""fecha_adquisicion"": ""2 AGOSTO 2012"", ""derecho_sobre_el_bien"": ""PLENO DOMINIO"", ""titulo_adquisicion"": ""HERENCIA""}, {""clase_y_caracteristicas"": ""TRASTERO"", ""situacion"": ""JAÉN"", ""fecha_adquisicion"": ""2 AGOSTO 2012"", ""derecho_sobre_el_bien"": ""PLENO DOMINIO"", ""titulo_adquisicion"": ""HERENCIA""}]",[],[],"[{""entidad"": ""SANTANDER"", ""saldo"": 17992.99, ""titularidad"": ""DOS TITULARES""}, {""entidad"": ""INGBANK"", ""saldo"": 76.13, ""titularidad"": ""DOS TITULARES""}, {""entidad"": ""CAJA RURAL"", ""saldo"": 10358.28, ""titularidad"": ""DOS TITULARES""}]","[{""descripcion"": ""ACCIONES BANCO SANTANDER"", ""valor"": 40731.99}, {""descripcion"": ""ACCIONES ENDESA"", ""valor"": 2311.62}, {""descripcion"": ""FONDO MONETARIO SANTANDER (AL 50%)"", ""valor"": 45975.72}, {""descripcion"": ""FONDO SANTANDER VARIABLE (AL 50%)"", ""valor"": 4677.22}, {""descripcion"": ""MUTUA ACTIVOS (AL 50%)"", ""valor"": 5654.0}, {""descripcion"": ""FONDO URBANITAE (AL 50%)"", ""valor"": 10000.0}]",[],[],"[{""fecha_adquisicion"": ""23 DICIEMBRE 2015"", ""descripcion"": ""VOLKSWAGEN GOLF""}, {""fecha_adquisicion"": ""8 SEPTIEMBRE 2018"", ""descripcion"": ""VOLKSWAGEN UP""}]","[{""descripcion"": ""PLAN DE PENSIONES UNIVERSIDAD DE JAÉN"", ""valor"": 5176.71}, {""descripcion"": ""PREVISIÓN MÉDICA SANITARIA"", ""valor"": 10000.0}, {""descripcion"": ""NATIONALE NETHERLANDEN"", ""valor"": 8500.0}]",[],,3,fotos_diputados\deputy_003.jpg,Logo_partidos\deputy_0003.jpg,,maria-luisa-moral-leal,
deputy_004_assets_000003_000_e_0000012_20230801.json,FRANCISCO JOSÉ ALCARAZ MARTOS,VIUDO,,23-7-23,1-8-23,Diputado,JAÉN,,,https://twitter.com/fjosealcaraz,,"[{""procedencia"": ""Congreso Diputados"", ""concepto"": ""Percepciones netas de tipo salarial, sueldos, honorarios, aranceles y otras retribuciones"", ""euros"": ""58.590,28""}, {""procedencia"": ""Instituto Nacional de la Seguridad Social"", ""concepto"": ""viudedad"", ""euros"": ""8.131,51""}]",[],[],[],15584.94,"[{""clase"": ""garaje"", ""situacion"": ""Torredonjimeno"", ""fecha_adquisicion"": ""1.992"", ""derecho"": ""propiedad"", ""titulo"": ""herencia""}, {""clase"": ""Solar"", ""situacion"": ""Torredonjimeno"", ""fecha_adquisicion"": ""1.992"", ""derecho"": ""propiedad"", ""titulo"": ""herencia""}]",[],[],"[{""tipo"": ""plan de pensión"", ""saldo"": ""11.928,02""}]",[],[],[],"[{""fecha_adquisicion"": ""01-11-20"", ""descripcion"": ""Audi A6""}]","[{""descripcion"": ""casa móvil"", ""valor"": ""57.000""}]","[{""descripcion"": ""préstamo hipotecario"", ""fecha_concesion"": ""29/05/2009"", ""importe_concedido"": ""76.343,65"", ""saldo_pendiente"": ""36.529,74""}, {""descripcion"": ""préstamo consumo"", ""fecha_concesion"": ""02/10/2020"", ""importe_concedido"": ""27.405"", ""saldo_pendiente"": ""16.566,83""}, {""descripcion"": ""préstamo consumo"", ""fecha_concesion"": ""30/01/2020"", ""importe_concedido"": ""46.920"", ""saldo_pendiente"": ""29.863,97""}, {""descripcion"": ""cuotas pendiente préstamo vehículo"", ""saldo_pendiente"": ""1.357,26""}]",,4,fotos_diputados\deputy_004.jpg,Logo_partidos\deputy_0004.jpg,hemiciclo\hemi_0004_2611.gif,francisco-jose-alcaraz-martos,
deputy_005_assets_000005_000_e_0000019_20230801.json,MARIA DE LAS NIEVES RAMÍREZ MORENO,SOLTERA,,23/07/2023,01/08/2023,Diputado,MÁLAGA,,,https://twitter.com/MNievesRamirez,,"[{""procedencia"": ""GRUPO MUNICIPAL MÁLAGA"", ""concepto"": ""Percepciones netas de tipo salarial, sueldos, honorarios, aranceles y otras retribuciones"", ""euros"": 2774.75}]",[],[],[],8927.44,[],[],[],"[{""tipo"": ""Cuenta corriente en entidad bancaria"", ""saldo"": 15000}]",[],[],[],"[{""fecha_adquisicion"": ""2012"", ""descripcion"": ""VOLKSWAGEN GOLF""}, {""fecha_adquisicion"": ""2015"", ""descripcion"": ""HONDA SH 125""}, {""fecha_adquisicion"": ""2019"", ""descripcion"": ""VOLKSWAGEN SPORTVAN""}]",[],"[{""descripcion"": ""HIPOTECA"", ""fecha_concesion"": ""18/12/2023"", ""importe_concedido"": 62400, ""saldo_pendiente"": 42728.79}]",,5,fotos_diputados\deputy_005.jpg,Logo_partidos\deputy_0005.jpg,hemiciclo\hemi_0005_1414.gif,maria-las-nieves-ramirez-moreno,
deputy_005_assets_000005_001_e_0002977_20231023.json,MARIA DE LAS NIEVES RAMÍREZ MORENO,SOLTERA,,23/07/2023,01/08/2023,Senador,MALAGA,,,https://twitter.com/MNievesRamirez,,"[{""procedencia"": ""Grupo Municipal Socialista Mancomunidad Costa del Sol de Málaga"", ""concepto"": ""Percepciones netas de tipo salarial, sueldos, honorarios, aranceles y otras retribuciones"", ""euros"": ""2.774,75€ (mensual)""}]",[],[],[],8927.44,"[{""clase_y_caracteristicas"": ""PISO"", ""situacion"": ""TORROX- MÁLAGA"", ""fecha_adquisicion"": ""18/12/2013"", ""derecho_sobre_el_bien"": ""PLENO DOMINIO"", ""titulo_adquisicion"": ""COMPRAVENTA""}]",[],[],"[{""tipo"": ""Cuenta corriente en entidad bancaria"", ""saldo"": ""15.000""}]",[],[],[],"[{""fecha_adquisicion"": ""2012"", ""descripcion"": ""VOLKSWAGEN GOLF""}, {""fecha_adquisicion"": ""2015"", ""descripcion"": ""HONDA SH 125""}, {""fecha_adquisicion"": ""2019"", ""descripcion"": ""VOLKSWAGEN SPORTVAN""}]",[],"[{""prestamo"": ""HIPOTECA"", ""fecha_concesion"": ""18/12/2013"", ""importe_concedido"": ""62.400"", ""saldo_pendiente"": ""42.266""}]",,5,fotos_diputados\deputy_005.jpg,Logo_partidos\deputy_0005.jpg,hemiciclo\hemi_0005_1414.gif,maria-las-nieves-ramirez-moreno,
deputy_006_assets_000006_000_e_0000025_20230801.json,SUSANA SUMELZO JORDAN,DIVORCIADA,,23 DE JULIO DE 2023,1 DE AGOSTO DE 2023,Diputado,,,,,,[],[],[],[],17238.7,"[{""clase"": ""PISO"", ""situacion"": ""ZARAGOZA"", ""fecha_adquisicion"": ""12-11-2019"", ""derecho"": ""PLENO DOMINIO"", ""titulo_adquisicion"": ""COMPRAVENTA""}, {""clase"": ""PISO"", ""situacion"": ""ZARAGOZA"", ""fecha_adquisicion"": ""12-11-2019"", ""derecho"": ""PLENO DOMINIO"", ""titulo_adquisicion"": ""COMPRAVENTA""}, {""clase"": ""PLAZA APARCAMIENTO"", ""situacion"": ""ZARAGOZA"", ""fecha_adquisicion"": ""12-11-2019"", ""derecho"": ""PLENO DOMINIO"", ""titulo_adquisicion"": ""COMPRAVENTA""}]",[],[],"[{""tipo"": ""CUENTA CORRIENTE"", ""saldo"": 43836.44}]",[],[],[],[],"[{""descripcion"": ""PLAN PREVISIÓN SOCIAL CORTES GENERALES"", ""valor"": 24909.68}, {""descripcion"": ""MICROCREDITO AL PSOE (JUNIO 2023)"", ""valor"": 1000}]",[],,6,fotos_diputados\deputy_006.jpg,Logo_partidos\deputy_0006.jpg,,susana-sumelzo-jordan,111762.8
deputy_006_assets_000006_002_e_0008097_20240111.json,SUSANA SUMELZO JORDAN,DIVORCIADA,,23 julio 2023,1 agosto 2023,Diputado,ZARAGOZA,,,,,[],[],[],[],,[],[],[],"[{""saldo"": 8219.75}]",[],[],[],[],[],[],Me remito en todos los apartados no cumplimentados a mi última declaración presentada.,6,fotos_diputados\deputy_006.jpg,Logo_partidos\deputy_0006.jpg,,susana-sumelzo-jordan,111762.8
deputy_007_assets_000007_000_e_0000031_20230801.json,AGUSTÍN CONDE BAJÉN,CASADO,GANANCIALES,23/07/2023,01/08/2023,Diputado,TOLEDO,,,https://twitter.com/AgustinCondeB,,"[{""concepto"": ""Retribuciones dinerarias"", ""euros"": 62000.96}, {""concepto"": ""Actividades económicas"", ""euros"": 20000}]","[{""concepto"": ""Dividendos"", ""euros"": 17.05}]","[{""concepto"": ""Renta inmobiliaria imputada"", ""euros"": 767.89}]","[{""concepto"": ""Renta inmobiliaria imputada"", ""euros"": 767.89}]",10080.66,"[{""clase_y_caracteristicas"": ""Vivienda 7.500 m2 solar 650 m2 construidos"", ""situacion"": ""Toledo"", ""fecha_adquisicion"": ""2007"", ""derecho_sobre_el_bien"": ""Comprasenta y obra nueva pleno dominio 50%""}, {""clase_y_caracteristicas"": ""Casa 2.595 m2 solar 1.507 m2 construidos"", ""situacion"": ""Toledo"", ""fecha_adquisicion"": ""1990"", ""derecho_sobre_el_bien"": ""Herencia. Pleno dominio 32ª parte""}, {""clase_y_caracteristicas"": ""Solar 35.650 m2"", ""situacion"": ""Toledo"", ""fecha_adquisicion"": ""1990"", ""derecho_sobre_el_bien"": ""Herencia. pleno dominio 16ª parte""}, {""clase_y_caracteristicas"": ""Solar 2.231 m2"", ""situacion"": ""Toledo"", ""fecha_adquisicion"": ""1990"", ""derecho_sobre_el_bien"": ""Herencia. pleno dominio 48ª parte""}]",[],[],"[{""tipo"": ""Cuentas a la vista"", ""saldo"": 177963}]",[],"[{""descripcion"": ""Banco Santander"", ""valor"": 853.17}, {""descripcion"": ""Instituto de Liderazgo Político S.L. 20% capital social (600 acciones)"", ""valor"": 600}]",[],"[{""fecha_adquisicion"": ""2021"", ""descripcion"": ""Hyunday Tucson""}, {""fecha_adquisicion"": ""2015"", ""descripcion"": ""Citroën C2""}]","[{""tipo"": ""Plan de pensiones"", ""valor"": 43065.58}, {""tipo"": ""Fondos de inversión"", ""valor"": 80000}]",[],,7,fotos_diputados\deputy_007.jpg,Logo_partidos\deputy_0007.jpg,hemiciclo\hemi_0007_3612.gif,agustin-conde-bajen,91261.66
deputy_008_assets_000008_000_e_0000034_20230801.json,Isabel María Pérez Ortiz,Casada,Gananciales,23 julio 2023,1/8/2023,Diputado,Málaga,,https://www.instagram.com/isabelperezmarbella/,https://twitter.com/23IsaPerez,,"[{""concepto"": ""Sueldo de Concejal Ayto Marbella"", ""euros"": ""3.250,01€/mes""}, {""concepto"": ""Honorarios"", ""euros"": ""641,30€ (AÑO 22, CON IMPUESTOS)""}, {""concepto"": ""Alquileres"", ""euros"": ""1.250€""}]",[],[],[],5701.66,"[{""clase"": ""Vivienda"", ""situacion"": ""Málaga"", ""fecha_adquisicion"": ""2003"", ""derecho"": ""PD/Compraventa""}, {""clase"": ""Vivienda"", ""situacion"": ""Málaga"", ""fecha_adquisicion"": ""2004"", ""derecho"": ""PD/Compraventa""}, {""clase"": ""Vivienda"", ""situacion"": ""Málaga"", ""fecha_adquisicion"": ""2005"", ""derecho"": ""G (50%)/Compraventa""}, {""clase"": ""Garaje"", ""situacion"": ""Málaga"", ""fecha_adquisicion"": ""2003"", ""derecho"": ""PD/Compraventa""}, {""clase"": ""Garaje"", ""situacion"": ""Málaga"", ""fecha_adquisicion"": ""2005"", ""derecho"": ""G(50%)/Compraventa""}, {""clase"": ""Garaje"", ""situacion"": ""Málaga"", ""fecha_adquisicion"": ""2005"", ""derecho"": ""G(50%)/Compraventa""}, {""clase"": ""Garaje"", ""situacion"": ""Málaga"", ""fecha_adquisicion"": ""2005"", ""derecho"": ""G(50%)/Compraventa""}, {""clase"": ""Garaje"", ""situacion"": ""Málaga"", ""fecha_adquisicion"": ""2023"", ""derecho"": ""G(50%)/Compraventa""}, {""clase"": ""Garaje"", ""situacion"": ""Málaga"", ""fecha_adquisicion"": ""2023"", ""derecho"": ""G(50%)/Compraventa""}]",[],[],"[{""saldo"": ""15.817,90 €""}]","[{""descripcion"": ""Caixa"", ""valor"": ""8.885,00€""}, {""descripcion"": ""HNA (Hermandad Nacional de Arquitectos) SPP/Jubilación"", ""valor"": ""68.441,66€""}]",[],[],"[{""fecha_adquisicion"": ""2019"", ""descripcion"": ""Coche""}, {""fecha_adquisicion"": ""2018"", ""descripcion"": ""Moto""}]",[],"[{""prestamo"": ""Cajamar"", ""fecha_concesion"": ""15/07/2004"", ""importe_concedido"": ""114.000"", ""saldo_pendiente"": ""7.278,71 €""}, {""prestamo"": ""Caixa"", ""fecha_concesion"": ""13/12/2005"", ""importe_concedido"": ""205.195,67"", ""saldo_pendiente"": ""97.543,39 € 50%""}]",,8,fotos_diputados\deputy_008.jpg,Logo_partidos\deputy_0008.jpg,hemiciclo\hemi_0008_1817.gif,isabel-maria-perez-ortiz,91261.66
deputy_009_assets_000339_000_e_0001412_20230816.json,JUAN BRAVO BAENA,CASADO,GANANCIAL,23 JULIO 2023,01 AGOSTO 2023,Diputado,SEVILLA,,https://www.instagram.com/juan.bravo.baena/,https://twitter.com/juanBravoBaena,,"[{""concepto"": ""RENDIMIENTO DEL TRABAJO"", ""euros"": ""46.875,85""}, {""concepto"": ""RENDIMIENTO DEL TRABAJO"", ""euros"": ""2.266,67""}, {""concepto"": ""GASTOS REPRESENTACIÓN"", ""euros"": ""22.720,00""}]",[],[],[],45112.64,"[{""clase_y_caracteristicas"": ""PLAZA APARCAMIENTO"", ""situacion"": ""JAÉN"", ""fecha_adquisicion"": ""2002"", ""derecho_sobre_el_bien_y_titulo_adquisicion"": ""PLENO DOMINIO GANANCIAL COMPRA VENTA""}, {""clase_y_caracteristicas"": ""PLAZA APARCAMIENTO"", ""situacion"": ""JAÉN"", ""fecha_adquisicion"": ""2002"", ""derecho_sobre_el_bien_y_titulo_adquisicion"": ""PLENO DOMINIO GANANCIAL COMPRA VENTA""}]",[],[],"[{""saldo"": ""15.500,00""}]","[{""descripcion"": ""ACCIONES"", ""valor"": ""8.500,00 €""}]",[],[],"[{""fecha_adquisicion"": ""2019"", ""descripcion"": ""VOLVO XC 90""}]","[{""descripcion"": ""PLAN DE PENSIONES"", ""valor"": ""3.559,08 €""}]","[{""descripcion_y_acreedor"": ""HIPOTECA"", ""fecha_concesion"": ""2002"", ""importe_concedido"": ""144.242,91 €"", ""saldo_pendiente"": ""39.363,03 €""}, {""descripcion_y_acreedor"": ""PRESTAMO"", ""fecha_concesion"": ""2021"", ""importe_concedido"": ""50.000,00 €"", ""saldo_pendiente"": ""37.769,83 €""}]",,9,fotos_diputados\deputy_009.jpg,Logo_partidos\deputy_0009.jpg,hemiciclo\hemi_0009_3309.gif,juan-bravo-baena,91261.66
deputy_010_assets_000009_000_e_0000038_20230801.json,LUIS CARLOS SAHUQUILLO GARCÍA,CASADO,GANANCIALES,23 de julio de 2023,1 de agosto de 2023,Diputado,CICLNICA,,,https://twitter.com/lcsahuquillo,,"[{""concepto"": ""Trienios como funcionario de la Junta de Comunidades de Castilla-La Mancha"", ""euros"": 4035.0}]",[],"[{""concepto"": null, ""euros"": 4.21}]",[],9597.24,"[{""clase_y_caracteristicas"": ""PISO (118 m2)"", ""situacion"": ""Cuenca"", ""fecha_adquisicion"": ""Septiembre 1999"", ""derecho_sobre_el_bien"": ""Pleno dominio 50 %"", ""titulo_adquisicion"": ""Compraventa""}, {""clase_y_caracteristicas"": ""PLAZA GARAJE (25,55 M2)"", ""situacion"": ""Cuenca"", ""fecha_adquisicion"": ""Septiembre 1999"", ""derecho_sobre_el_bien"": ""Pleno dominio 50 %"", ""titulo_adquisicion"": ""Compraventa""}]",[],[],"[{""saldo"": 14280.19}]",[],[],[],"[{""fecha_adquisicion"": ""04-01-2021"", ""descripcion"": ""Land rover Range Evoque 2.0L TOI 150CV (matriculado 29-11-2017)""}]",[],"[{""prestamo"": ""Préstamo personal adquisición vehículo en Eurocajarural"", ""fecha_concesion"": ""29-12-20"", ""importe_concedido"": 12000, ""saldo_pendiente"": 6243.28}, {""prestamo"": ""Sentencia de divorcio de enero de 2018. Pensión alimenticia y pensión compensatoria."", ""fecha_concesion"": null, ""importe_concedido"": null, ""saldo_pendiente"": null}]","Plan de pensiones del Congreso de los diputados, por aportación de la Institución en la IX legislatura, de 15.726,26 €, más una aportación personal, en diciembre de 2025, de 8.000 €.",10,fotos_diputados\deputy_010.jpg,Logo_partidos\deputy_0010.jpg,hemiciclo\hemi_0010_1408.gif,luis-carlos-sahuquillo-garcia,91261.66
deputy_010_assets_000009_001_e_0004273_20231116.json,LUIS CARLOS SAHUQUILLO GARCÍA,CASADO,GANANCIALES,23 de julio de 2023,1 de agosto de 2023,Diputado,,,,https://twitter.com/lcsahuquillo,,[],[],[],[],,[],[],[],[],[],[],[],"[{""fecha_adquisicion"": ""04-01-2021"", ""descripcion"": ""Land Rover Range Evoque 2.0L TOI 150CV (matriculado 29-11-2017)""}, {""fecha_adquisicion"": ""13-11-2023"", ""descripcion"": ""Audi A6 Sport 45 TDI Quattro (matriculado 06-03-2020)""}]",[],[],Modificación de la declaración de bienes y rentas por adquisición de un nuevo vehículo.,10,fotos_diputados\deputy_010.jpg,Logo_partidos\deputy_0010.jpg,hemiciclo\hemi_0010_1408.gif,luis-carlos-sahuquillo-garcia,91261.66
deputy_011_assets_000010_000_e_0000042_20230801.json,LUIS ALFONSO REY DE LAS HERAS,SEPARADO,,23/07/2023,01/08/2023,Diputado,SORIA,,,https://twitter.com/LuisReyHeras,,"[{""procedencia"": ""SENADO"", ""concepto"": ""Percepciones netas de tipo salarial, sueldos, honorarios, aranceles y otras retribuciones"", ""euros"": null}]","[{""procedencia"": ""CAJA RURAL DE SORIA"", ""concepto"": ""Dividendos y participación en beneficios de sociedades"", ""euros"": ""0,30""}]",[],[],15481.76,"[{""clase"": ""VIVIENDA"", ""situacion"": ""SORIA"", ""fecha_adquisicion"": ""11/10/2002"", ""derecho"": ""GANANCIAL"", ""titulo_adquisicion"": ""COMPRAVENTA""}, {""clase"": ""VIVIENDA"", ""situacion"": ""SORIA"", ""fecha_adquisicion"": ""31/07/2020"", ""derecho"": ""GANANCIAL"", ""titulo_adquisicion"": ""COMPRAVENTA""}, {""clase"": ""PLAZA APARCAMIENTO"", ""situacion"": ""SORIA"", ""fecha_adquisicion"": ""08/04/2015"", ""derecho"": ""DCHO. SUPERFICIE"", ""titulo_adquisicion"": null}]",[],[],"[{""tipo"": ""CUENTAS CORRIENTES"", ""saldo"": ""22.411 €""}]",[],"[{""descripcion"": ""ACCION CAJA RURAL SORIA"", ""valor"": ""60€""}]",[],"[{""fecha_adquisicion"": ""22/11/2007"", ""descripcion"": ""VEHICULO SAAB 1.9.TDI""}, {""fecha_adquisicion"": ""07/06/2016"", ""descripcion"": ""MOTOCICLETA MAN. SEVENTY RSCC""}]",[],"[{""descripcion"": ""GANANCIAL - VIVIENDA UNIFAMILIAR"", ""fecha_concesion"": ""11/10/2002"", ""importe_concedido"": ""168.000€"", ""saldo_pendiente"": ""7.000€""}, {""descripcion"": ""GANANCIAL - VIVIENDA UNIFAMILIAR"", ""fecha_concesion"": ""31/07/2020"", ""importe_concedido"": ""150.000€"", ""saldo_pendiente"": ""143.506€""}, {""descripcion"": ""DCHO. SUPERFIC. - PLAZA APARCAMIENTO"", ""fecha_concesion"": ""08/04/2015"", ""importe_concedido"": ""15.000€"", ""saldo_pendiente"": ""9.868€""}]",,11,fotos_diputados\deputy_011.jpg,Logo_partidos\deputy_0011.jpg,hemiciclo\hemi_0011_1714.gif,luis-alfonso-rey-las-heras,
deputy_011_assets_000010_001_e_0038180_20240916.json,LUIS ALFONSO REY DE LAS HERAS,,,,,,,,,https://twitter.com/LuisReyHeras,,[],[],[],[],13636.0,"[{""clase"": ""PLAZA APARCAMIENTO"", ""situacion"": ""SORIA"", ""fecha_adquisicion"": ""08/04/2015"", ""derecho"": ""DCHO. SUPERFICIE""}, {""clase"": ""VIVIENDA"", ""situacion"": ""SORIA"", ""fecha_adquisicion"": ""08/07/2024"", ""derecho"": ""COMPRAVENTA""}]",[],[],"[{""saldo"": 6333}]",[],[],[],[],[],"[{""descripcion"": ""DCHO. SUPERFICIE-PLAZA DE APARCAMIENTO"", ""fecha_concesion"": ""08/04/2015"", ""importe_concedido"": 15000, ""saldo_pendiente"": 9868}]",,11,fotos_diputados\deputy_011.jpg,Logo_partidos\deputy_0011.jpg,hemiciclo\hemi_0011_1714.gif,luis-alfonso-rey-las-heras,
deputy_012_assets_000014_000_e_0001375_20230816.json,CARLOS ROJAS GARCÍA,CASADO,SEPARACIÓN DE BIENES,23 DE JULIO DE 2023,2 DE AGOSTO DE 2023,Diputado,GRANADA,https://www.facebook.com/Carlos-Rojas-Garc%C3%ADa-166753193370543,,https://twitter.com/CarlosRojas_PPA,,[],"[{""concepto"": ""DIVIDENDO DE ACCIONES EN BOLSA E INTERESES CUENTAS"", ""euros"": 2791}]","[{""concepto"": ""ALQUILERES BIENES INMUEBLES; Y FINCAS RÚSTICAS (HERENCIA)"", ""euros"": 24390}, {""concepto"": ""VENTA DE FINCA RÚSITICA (DE HERENCIA)"", ""euros"": 222320}, {""concepto"": ""VENTA DE LOCAL COMERCIAL (DE HERENCIA)"", ""euros"": 36000}]",[],43418.0,"[{""clase_y_caracteristicas"": ""VIVIENDA"", ""situacion"": ""GRANADA"", ""fecha_adquisicion"": 1996, ""derecho_sobre_el_bien"": ""NUDA PROPIEDAD""}, {""clase_y_caracteristicas"": ""VIVIENDA"", ""situacion"": ""GRANADA"", ""fecha_adquisicion"": 2003, ""derecho_sobre_el_bien"": ""PROPIEDAD (C-V)""}, {""clase_y_caracteristicas"": ""COCHERA"", ""situacion"": ""GRANADA"", ""fecha_adquisicion"": 1996, ""derecho_sobre_el_bien"": ""PROPIEDAD COMPARTIDA (HERENCIA)""}, {""clase_y_caracteristicas"": ""PISO (ESTUDIO)"", ""situacion"": ""MADRID"", ""fecha_adquisicion"": 2017, ""derecho_sobre_el_bien"": ""PROPIEDAD (C-V)""}, {""clase_y_caracteristicas"": ""FINCA URBANA"", ""situacion"": ""GRANADA"", ""fecha_adquisicion"": 2011, ""derecho_sobre_el_bien"": ""PROPIEDAD COMPARTIDA (HERENCIA)""}, {""clase_y_caracteristicas"": ""FINCA URBANA"", ""situacion"": ""GRANADA"", ""fecha_adquisicion"": 2017, ""derecho_sobre_el_bien"": ""PROPIEDAD COMPARTIDA (HERENCIA)""}]","[{""clase_y_caracteristicas"": ""AGRÍCOLA ROGA"", ""situacion"": ""GRANADA"", ""fecha_adquisicion"": 2017, ""derecho_sobre_el_bien"": ""PROPIEDAD COMPARTIDA (HERENCIA)""}, {""clase_y_caracteristicas"": ""FINCA RÚSTICA"", ""situacion"": ""GRANADA"", ""fecha_adquisicion"": 2017, ""derecho_sobre_el_bien"": ""PROPIEDAD COMPARTIDA (HERENCIA)""}, {""clase_y_caracteristicas"": ""FINCA RÚSTICA"", ""situacion"": ""GRANADA"", ""fecha_adquisicion"": 2017, ""derecho_sobre_el_bien"": ""PROPIEDAD COMPARTIDA (HERENCIA)""}]","[{""clase_y_caracteristicas"": ""GRANADA CLUB LOS COSARIOS (1 ACCIÓN)"", ""situacion"": ""GRANADA"", ""fecha_adquisicion"": 2009, ""derecho_sobre_el_bien"": ""PROPIEDAD (C-V)""}, {""clase_y_caracteristicas"": ""CB HERMANOS ROGA"", ""situacion"": ""GRANADA"", ""fecha_adquisicion"": 2017, ""derecho_sobre_el_bien"": ""PROPIEDAD COMPARTIDA (DE HERENCIA)""}, {""clase_y_caracteristicas"": ""JAMONES HAZA DEL LINO S.L"", ""situacion"": ""GRANADA"", ""fecha_adquisicion"": 2017, ""derecho_sobre_el_bien"": ""PROPIEDAD COMPARTIDA (HERENCIA)""}]","[{""descripcion"": ""SALDO EN CUENTAS CORRIENTES BBVA, SANTANDER, BANKINTER"", ""saldo"": 9723}]","[{""descripcion"": ""BANCO SABADELL, SANTANDER, FERROVIAL, IAG, TELEFÓNICA, BBVA, ROVI, TESLA, AMAZON, PROSEGUR, ENAGAS, MAPFRE"", ""valor"": 291127}, {""descripcion"": ""QUALITY BBVA FONDO"", ""valor"": 12726}, {""descripcion"": ""SANTANDER ACCIONES ESPAÑOLA Y EEUU FONDO"", ""valor"": 54913}, {""descripcion"": ""BANKINTER FONDOS (PLATEA Y MIXTO) SANTANDER FONDO EUROPA"", ""valor"": 4657}]","[{""descripcion"": ""Participación minoritaria en Sociedad Agrícola Rogea, S.L en 15k Angels"", ""valor"": 15000}, {""descripcion"": ""Accionista con participación y sin cargo de gestión Sociedad Roga S.L. (Herencia)"", ""valor"": 389012.4}, {""descripcion"": ""Accionista con participación y sin cargo de gestión Haza de Lino S.L. (Herencia)"", ""valor"": 21636}]",[],"[{""fecha_adquisicion"": 2009, ""descripcion"": ""TOYOTA CAMRY""}, {""fecha_adquisicion"": 2017, ""descripcion"": ""MERCEDES 320""}, {""fecha_adquisicion"": 2014, ""descripcion"": ""MOTICICLETA""}]","[{""descripcion"": ""MUTUALIDAD DE LA ABOGACIA (FONDO)"", ""valor"": 28264}]","[{""descripcion"": ""PRÉSTAMO HIPOTECARIO BANKINTER (PARA C-V DE INMUEBLE)"", ""fecha_concesion"": 2018, ""importe_concedido"": 78000, ""saldo_pendiente"": 66065}, {""descripcion"": ""PRÉSTAMO HIPOTECARIO BANKINTER (PARA C-V DE INMUEBLE)"", ""fecha_concesion"": 2021, ""importe_concedido"": 152506, ""saldo_pendiente"": 126649}, {""descripcion"": ""PRÉSTAMO PERSONAL BANKINTER"", ""fecha_concesion"": 2019, ""importe_concedido"": 48000, ""saldo_pendiente"": 29064}, {""descripcion"": ""PRÉSTAMO PERSONAL BANKINTER"", ""fecha_concesion"": 2021, ""importe_concedido"": 50000, ""saldo_pendiente"": 38778}, {""descripcion"": ""PRÉSTAMO HIPOTECARIO SANTANDER (PARA C-V DE INMUEBLE)"", ""fecha_concesion"": 2021, ""importe_concedido"": 313000, ""saldo_pendiente"": 284810}, {""descripcion"": ""PRÉSTAMO HIPOTECARIO SANTANDER (PARA C-V DE INMUEBLE)"", ""fecha_concesion"": 2022, ""importe_concedido"": 95000, ""saldo_pendiente"": 91025}, {""descripcion"": ""PRÉSTAMO HIPOTECARIO SANTANDER (PARA C-V DE INMUEBLE)"", ""fecha_concesion"": 2021, ""importe_concedido"": 60000, ""saldo_pendiente"": 56419}]",1- AGRÍCOLA ROGA: Accionista sin cargo de gestión objeto social: producción agrícola de frutas tropicales y hortalizas. La sociedad no contrata con el sector público. La sociedad no recibe subvenciones no regladas. 2- OTROS BIENES DE NATURALEZA URBANA: -Piso (Madrid 2019 C-V) -Piso (Madrid 2021 C-V) -piso-estudio (Madrid 2021 C-V) -piso-estudio (Madrid 2021 C-V) -piso-estudio (Madrid 2022 C-V) 3-OTROS BIENES DE NATURALEZA RÚSTICA: -Finca Rustica en Granada 2017 (herencia propiedad compartida) -Finca Rústica en Granada 2017 (herencia propiedad compartida),12,fotos_diputados\deputy_012.jpg,Logo_partidos\deputy_0012.jpg,hemiciclo\hemi_0012_3613.gif,carlos-rojas-garcia,91261.66
deputy_013_assets_000011_000_e_0000050_20230802.json,ANA MARÍA PASTOR JULIÁN,CASADA,GANANCIALES,23 DE JULIO DE 2023,2 DE AGOSTO DE 2023,Diputado,PONTEVEDRA,,,,,"[{""concepto"": ""TRIENIOS SERVICIO GALEGO DE SAUDE"", ""euros"": 882.5}]",[],"[{""concepto"": ""RENDIMIENTO BRUTO AÑO FISCAL 2022"", ""euros"": 0.21}]",[],45510.95,"[{""clase_y_caracteristicas"": ""Piso 130,74 m2. Valor catastral 106.831,98 con plaza de garaje de 13 m2. Valor catastral 7.620,82"", ""situacion"": ""PONTEVEDRA"", ""fecha_adquisicion"": ""08/08/1995"", ""derecho_sobre_el_bien"": ""PLENO DOMINIO COMPRA VENTA 50% DEL DECLARANTE""}, {""clase_y_caracteristicas"": ""Plaza de garaje 12 m2. Valor catastral 5.520,86"", ""situacion"": ""PONTEVEDRA"", ""fecha_adquisicion"": ""20/10/1999"", ""derecho_sobre_el_bien"": ""PLENO DOMINIO COMPRA VENTA 50% DEL DECLARANTE""}, {""clase_y_caracteristicas"": ""Piso de 64,61 m2. Valor catastral 103.420,68"", ""situacion"": ""MADRID"", ""fecha_adquisicion"": ""27/05/2005"", ""derecho_sobre_el_bien"": ""PLENO DOMINIO COMPRA VENTA 50% DEL DECLARANTE""}, {""clase_y_caracteristicas"": ""Piso de 96,13 m2. Valor catastral 71.379,90 con plaza de garaje de 16,58 m2. Valor catastral 8.665,36"", ""situacion"": ""PONTEVEDRA"", ""fecha_adquisicion"": ""24/06/2010"", ""derecho_sobre_el_bien"": ""PLENO DOMINIO COMPRA VENTA 50% DEL DECLARANTE""}]",[],[],"[{""tipo"": ""CUENTAS CORRIENTES Y CONTRATO DE PRODUCTO FINANCIERO ESTRUCTURADO"", ""saldo"": 1001961.12, ""porcentaje_declarante"": ""50%""}]",[],[],[],"[{""fecha_adquisicion"": ""15/04/2019"", ""descripcion"": ""MODELO MINI COOPER D (50% DEL DECLARANTE)""}, {""fecha_adquisicion"": ""3/01/2022"", ""descripcion"": ""LEXUS NX 300 EXECUTIVE NAVIGATION (50% DEL DECLARANTE)""}]","[{""tipo"": ""PLAN DE PENSIONES"", ""valor"": 118601.51}]",[],,13,fotos_diputados\deputy_013.jpg,Logo_partidos\deputy_0013.jpg,,ana-maria-pastor-julian,71897.0
deputy_013_assets_000011_002_e_0029475_20240612.json,ANA MARÍA PASTOR JULIÁN,CASADA,GANANCIALES,23 DE JULIO DE 2023,02 DE AGOSTO DE 2023,Senador,PONTEVEDRA,,,,,"[{""concepto"": ""TRIENIOS SERVICIO GALEGO DE SAUDE"", ""euros"": ""888,74""}]",[],"[{""concepto"": ""RENDIMIENTO BRUTO AÑO FISCAL 2022"", ""euros"": ""0,28""}]",[],45510.95,"[{""clase_y_caracteristicas"": ""PISO 130,74 M2. VALOR CATASTRAL 106.831,98 CON PLAZA DE GARAJE DE 13 M2. VALOR CATASTRAL 7.620,82"", ""situacion"": ""PONTEVEDRA"", ""fecha_adquisicion"": ""08/08/1995"", ""derecho_sobre_el_bien"": ""PLENO DOMINIO COMPRAVENTA 50% DEL DECLARANTE""}, {""clase_y_caracteristicas"": ""PLAZA DE GARAJE 12 M2. VALOR CATASTRAL 5.520,86"", ""situacion"": ""PONTEVEDRA"", ""fecha_adquisicion"": ""20/10/1999"", ""derecho_sobre_el_bien"": ""PLENO DOMINIO COMPRAVENTA 50% DEL DECLARANTE""}, {""clase_y_caracteristicas"": ""PISO DE 64,61 M2. VALOR CATASTRAL 103.420,68"", ""situacion"": ""MADRID"", ""fecha_adquisicion"": ""27/05/2005"", ""derecho_sobre_el_bien"": ""PLENO DOMINIO COMPRAVENTA 50% DEL DECLARANTE""}, {""clase_y_caracteristicas"": ""PISO DE 96,13 M2. VALOR CATASTRAL 71.379,90 CON PLAZA DE GARAJE DE 16,58 M2. VALOR CATASTRAL 8.665,36"", ""situacion"": ""PONTEVEDRA"", ""fecha_adquisicion"": ""24/06/2010"", ""derecho_sobre_el_bien"": ""PLENO DOMINIO COMPRAVENTA 50% DEL DECLARANTE""}]",[],[],"[{""tipo"": ""CUENTAS CORRIENTES Y CONTRATO DE PRODUCTO FINANCIERO ESTRUCTURADO"", ""saldo"": ""1.095.470,06 (50% DEL DECLARANTE)""}]",[],[],[],"[{""fecha_adquisicion"": ""15/04/2019"", ""descripcion"": ""MODELO MINI COOPER D (50% DEL DECLARANTE)""}, {""fecha_adquisicion"": ""03/01/2022 (12/03/2018)"", ""descripcion"": ""LEXUS NX 300 EXECUTIVE NAVIGATION (50% DEL DECLARANTE)""}]","[{""tipo"": ""PLAN DE PENSIONES"", ""valor"": ""129.719,65""}]",[],,13,fotos_diputados\deputy_013.jpg,Logo_partidos\deputy_0013.jpg,,ana-maria-pastor-julian,71897.0
deputy_014_assets_000012_000_e_0000053_20230802.json,PEDRO FERNÁNDEZ HERNÁNDEZ,SEPARADO,,23 DE JULIO DE 2023,2 DE AGOSTO DE 2023,Diputado,ZARAGOZA,,,https://twitter.com/pedro_fhz,,"[{""concepto"": ""DOCENCIA"", ""euros"": 7943}, {""concepto"": ""AYUNTAMIENTO DE MADRID"", ""euros"": 16382}]",[],[],[],23.117,[],[],[],"[{""tipo"": ""CUENTA BANCARIA"", ""saldo"": 11000}]",[],"[{""descripcion"": ""ACCIONES"", ""valor"": 2800}]",[],"[{""fecha_adquisicion"": ""22 DE JULIO DE 2019"", ""descripcion"": ""VEHÍCULO DACIA SANDERO EXPLORE""}, {""fecha_adquisicion"": ""19 DE DICIEMBRE DE 2022"", ""descripcion"": ""VEHÍCULO MAZDA MX-5""}]",[],"[{""descripcion"": ""PRÉSTAMO PERSONAL CON GARANTÍA EN ENTIDAD BANCARIA"", ""fecha_concesion"": ""18.07.2014"", ""importe_concedido"": 193291, ""saldo_pendiente"": 87845}, {""descripcion"": ""PRÉSTAMO PERSONAL FINANCIACIÓN VEHÍCULO EN ENTIDAD FINANCIERA"", ""fecha_concesion"": ""19.12.2022"", ""importe_concedido"": 25367, ""saldo_pendiente"": 24469}]",,14,fotos_diputados\deputy_014.jpg,Logo_partidos\deputy_0014.jpg,hemiciclo\hemi_0014_2805.gif,pedro-fernandez-hernandez,85645.7
deputy_015_assets_000013_000_e_0000059_20230802.json,MARIA CARMEN CASTILLA ALVAREZ,CASADA,GANANCIALES,23 JULIO 2023,02 AGOSTO 2023,DIPUTADO,SEVILLA,,,https://twitter.com/mc_castilla,,"[{""concepto"": ""NOMINA MES RENDIMIENTO NETO RENTA 2022"", ""euros"": ""2.524 NETOS 43.624,78 NETOS""}]",[],[],[],10630.27,"[{""clase_y_caracteristicas"": ""VIVIENDA"", ""situacion"": ""SEVILLA"", ""fecha_adquisicion"": ""1995"", ""derecho_sobre_el_bien"": ""PLENO DOMINIO"", ""titulo_adquisicion"": ""COMPRAVENTA""}, {""clase_y_caracteristicas"": ""VIVIENDA"", ""situacion"": ""SEVILLA"", ""fecha_adquisicion"": ""2021"", ""derecho_sobre_el_bien"": ""GANANCIAL"", ""titulo_adquisicion"": ""COMPRAVENTA""}]",[],[],"[{""tipo"": ""CUENTA CORRIENTE"", ""saldo"": ""21.878,26""}]",[],[],[],"[{""fecha_adquisicion"": ""2010"", ""descripcion"": ""VEHÍCULO NISSAN MODELO QASHQAI""}]",[],"[{""prestamo"": ""CREDITO HIPOTECARIO BANKIA"", ""fecha_concesion"": ""2005"", ""importe_concedido"": ""153.000"", ""saldo_pendiente"": ""31.000""}, {""prestamo"": ""50% CREDITO HIPOTECARIO UCL (GANANCIALES)"", ""fecha_concesion"": ""2021"", ""importe_concedido"": ""249.000"", ""saldo_pendiente"": ""235.000""}]",,15,fotos_diputados\deputy_015.jpg,Logo_partidos\deputy_0015.jpg,hemiciclo\hemi_0015_1306.gif,maria-carmen-castilla-alvarez,97457.92
deputy_016_assets_000016_000_e_0000074_20230802.json,DANIEL PÉREZ OSMA,SOLTERO,,23-07-2023,02-08-2023,Senador,CUENCA,https://www.facebook.com/perez.osma,https://www.instagram.com/danpros89,https://twitter.com/danpros89,,"[{""concepto"": ""DIPUTADO PROVINCIAL CUENCA Y ALCALDE DE LAS VALERAS"", ""euros"": ""29.620,57""}]",[],[],[],5777.18,"[{""clase_y_caracteristicas"": ""VIVIENDA"", ""situacion"": ""CUENCA"", ""fecha_adquisicion"": ""2022"", ""derecho_sobre_el_bien"": ""PROPIEDAD"", ""titulo_adquisicion"": ""ESCRITURA DE COMPRAVENTA""}, {""clase_y_caracteristicas"": ""GARAJE"", ""situacion"": ""CUENCA"", ""fecha_adquisicion"": ""2022"", ""derecho_sobre_el_bien"": ""PROPIEDAD"", ""titulo_adquisicion"": ""ESCRITURA DE COMPRAVENTA""}, {""clase_y_caracteristicas"": ""TRASTERO"", ""situacion"": ""CUENCA"", ""fecha_adquisicion"": ""2022"", ""derecho_sobre_el_bien"": ""PROPIEDAD"", ""titulo_adquisicion"": ""ESCRITURA DE COMPRAVENTA""}]",[],[],"[{""tipo"": ""CUENTAS CORRIENTES"", ""saldo"": ""7.500 €""}]",[],[],[],[],[],"[{""descripcion"": ""HIPOTECA"", ""fecha_concesion"": ""05-04-2023"", ""importe_concedido"": ""105.000,00 €"", ""saldo_pendiente"": ""100.766,32""}]",,16,fotos_diputados\deputy_016.jpg,Logo_partidos\deputy_0016.jpg,hemiciclo\hemi_0016_2815.gif,daniel-perez-osma,85645.7
deputy_017_assets_000017_000_e_0000076_20230802.json,DANIEL SENDEROS ORAÁ,CASADO,GANANCIALES,23 DE JULIO DE 2023,2 DE AGOSTO DE 2023,Diputado,,,,https://twitter.com/danielsenderos,,"[{""procedencia"": ""CONGRESO DE LOS DIPUTADOS"", ""concepto"": ""CONGRESO DE LOS DIPUTADOS"", ""euros"": 3050.62}, {""procedencia"": ""CONGRESO DE LOS DIPUTADOS"", ""concepto"": ""INCENMIZACIÓN MENSUAL CONGRESO DE LOS DIPUTADOS"", ""euros"": 1959.0}, {""procedencia"": ""AYUNTAMIENTO MOREDA ÁLAVA"", ""concepto"": ""DIETAS AYUNTAMIENTO MOREDA ÁLAVA (ASISTENCIA PLENO TRIMESTRAL)"", ""euros"": 35.0}]",[],[],[],13393.38,"[{""clase_y_caracteristicas"": ""VIVIENDA CON PLAZA DE GARAJE"", ""situacion"": ""HARO (LA RIOJA)"", ""fecha_adquisicion"": ""AÑO 2009"", ""derecho_sobre_el_bien"": ""COMPRAVENTA"", ""titulo_adquisicion"": ""GANANCIALES""}]",[],[],"[{""entidad"": ""KUTXABANK"", ""saldo"": 21000}]",[],[],[],"[{""fecha_adquisicion"": ""ENERO 2023"", ""descripcion"": ""CITROEN C4""}, {""fecha_adquisicion"": ""FEBRERO 2020"", ""descripcion"": ""CITROEN C3""}]",[],"[{""descripcion"": ""PRESTAMO HIPOTECARIO"", ""fecha_concesion"": ""17/07/2009"", ""importe_concedido"": 135000, ""saldo_pendiente"": 65000}, {""descripcion"": ""PRESTAMO PERSONAL"", ""fecha_concesion"": ""MAYO 2020"", ""importe_concedido"": 13600, ""saldo_pendiente"": 10771}, {""descripcion"": ""PRESTAMO PERSONAL"", ""fecha_concesion"": ""16/01/2023"", ""importe_concedido"": 22490, ""saldo_pendiente"": 20600}]",,17,fotos_diputados\deputy_017.jpg,Logo_partidos\deputy_0017.jpg,hemiciclo\hemi_0017_1610.gif,daniel-senderos-oraa,91261.66
deputy_018_assets_000022_000_e_0000093_20230802.json,JUAN CARLOS JEREZ ANTEQUERA,CASADO,SEPARACIÓN DE BIENES,23 JULIO 2023,2 AGOSTO 2023,Diputado,Senador,,,https://twitter.com/jc_jerez,,[],[],[],[],7912.17,"[{""clase"": ""PISO"", ""situacion"": ""MATARÓ (BARCELONA)"", ""fecha_adquisicion"": ""1998"", ""derecho"": ""50% PROPIEDAD COMPRAVENTA""}, {""clase"": ""PLAZA APARCAMIENTO"", ""situacion"": ""MATARÓ (BARCELONA)"", ""fecha_adquisicion"": ""2001"", ""derecho"": ""50% PROPIEDAD COMPRAVENTA""}, {""clase"": ""APARTAMENTO"", ""situacion"": ""LLORET DE MAR (GIRONA)"", ""fecha_adquisicion"": ""2022"", ""derecho"": ""50% PROPIEDAD COMPRAVENTA""}, {""clase"": ""PLAZA APARCAMIENTO"", ""situacion"": ""LLORET DE MAR (GIRONA)"", ""fecha_adquisicion"": ""2022"", ""derecho"": ""50% PROPIEDAD COMPRAVENTA""}]",[],[],"[{""descripcion"": ""2 CUENTAS CORRIENTES COMPARTIDAS CON MI ESPOSA Mª LEONOR ROJANO LEÓN"", ""saldo"": ""12.496,76€""}, {""descripcion"": ""1 CUENTA CORRIENTE COMPARTIDA CON MI HIJA JÚLIA JEREZ ROJANO"", ""saldo"": ""12.496,76€""}, {""descripcion"": ""2 PLANES DE PENSIONES PROPIOS"", ""saldo"": ""8.778,58€""}]",[],[],[],"[{""fecha_adquisicion"": ""2018"", ""descripcion"": ""Turismo Citroen C1""}]",[],"[{""descripcion"": ""PRESTAMO A 8 AÑOS A FAVOR DE BBVA"", ""fecha_concesion"": ""2022"", ""importe_concedido"": ""50.000,00€"", ""saldo_pendiente"": ""44637,74€""}]",,18,fotos_diputados\deputy_018.jpg,Logo_partidos\deputy_0018.jpg,hemiciclo\hemi_0018_4606.gif,juan-carlos-jerez-antequera,91261.66
deputy_019_assets_000015_000_e_0000073_20230802.json,Mercé Perea i Conillas,Casada,Separación de bienes,23/07/2023,02/08/2023,Diputado,Senado,,,,,[],[],[],"[{""concepto"": ""Rendimientos arrendamientos bienes inmuebles (ejercicio 2022)"", ""euros"": ""18.414,75""}]",22803.72,"[{""clase"": ""Vivienda"", ""situacion"": ""Barcelona"", ""fecha_adquisicion"": ""15/06/2010"", ""derecho"": ""100%"", ""titulo"": ""Donación""}, {""clase"": ""Vivienda"", ""situacion"": ""L'Hospitalet"", ""fecha_adquisicion"": ""15/06/2010"", ""derecho"": ""100%"", ""titulo"": ""Donación""}, {""clase"": ""Vivienda"", ""situacion"": ""Castelldefels"", ""fecha_adquisicion"": ""15/06/2010"", ""derecho"": ""100%"", ""titulo"": ""Donación""}, {""clase"": ""Vivienda"", ""situacion"": ""Castelldefels"", ""fecha_adquisicion"": ""15/06/2010"", ""derecho"": ""100%"", ""titulo"": ""Donación""}, {""clase"": ""Vivienda"", ""situacion"": ""Castelldefels"", ""fecha_adquisicion"": ""15/06/2010"", ""derecho"": ""100%"", ""titulo"": ""Donación""}, {""clase"": ""Vivienda"", ""situacion"": ""L'Hospitalet"", ""fecha_adquisicion"": ""15/06/2010"", ""derecho"": ""100%"", ""titulo"": ""Donación""}, {""clase"": ""Vivienda"", ""situacion"": ""Barcelona"", ""fecha_adquisicion"": ""15/06/2010"", ""derecho"": ""100%"", ""titulo"": ""Donación""}, {""clase"": ""Vivienda"", ""situacion"": ""L'Hospitalet"", ""fecha_adquisicion"": ""15/06/2010"", ""derecho"": ""100%"", ""titulo"": ""Donación""}, {""clase"": ""Vivienda"", ""situacion"": ""L'Hospitalet"", ""fecha_adquisicion"": ""04/03/1983"", ""derecho"": ""50%"", ""titulo"": ""Compraventa""}, {""clase"": ""Vivienda"", ""situacion"": ""L'Hospitalet"", ""fecha_adquisicion"": ""03/12/1998"", ""derecho"": ""100%"", ""titulo"": ""Compraventa""}, {""clase"": ""Vivienda"", ""situacion"": ""Torre Endomènech"", ""fecha_adquisicion"": ""14/09/2020"", ""derecho"": ""50%"", ""titulo"": ""Compraventa""}, {""clase"": ""Vivienda"", ""situacion"": ""Tarragona"", ""fecha_adquisicion"": ""26/11/2021"", ""derecho"": ""70%"", ""titulo"": ""Compraventa""}]",[],[],"[{""tipo"": ""Cuentas Corrientes"", ""saldo"": ""14.434,85""}]",[],[],[],"[{""fecha_adquisicion"": ""11/08/2009"", ""descripcion"": ""Automóvil Marca Peugeot modelo 807 2.0""}]","[{""descripcion"": ""Plan de Pensiones La Caixa Ambició"", ""valor"": ""9.226,36""}, {""descripcion"": ""Plan de Pensiones La Caixa Largo Plazo"", ""valor"": ""26.533,67""}]","[{""descripcion"": ""100% Crédito Abierto Hipoteca Abierta"", ""fecha_concesion"": ""03/12/1998"", ""importe_concedido"": ""187.500,00"", ""saldo_pendiente"": ""155.409,56""}, {""descripcion"": ""100% Préstamos Personal Cajamar (31/12/2022)"", ""fecha_concesion"": ""22/07/2010"", ""importe_concedido"": ""150.000,00"", ""saldo_pendiente"": ""31.300,09""}]",,19,fotos_diputados\deputy_019.jpg,Logo_partidos\deputy_0019.jpg,hemiciclo\hemi_0019_1309.gif,merce-perea-i-conillas,
deputy_020_assets_000018_000_e_0000079_20230802.json,SONIA GUERRA LÓPEZ,CASADA,SEPARACIÓN DE BIENES,23 JULIO 2023,2 AGOSTO 2023,Diputado,BARCELONA,,,,,[],[],[],[],12857.17,"[{""clase_y_caracteristicas"": ""VIVIENDA HABITUAL"", ""situacion"": ""SAT BOI DE LLOBREGAT"", ""fecha_adquisicion"": ""23 JULIO 2008"", ""derecho_sobre_el_bien"": ""PLENO DOMINIO"", ""titulo_adquisicion"": ""COMPRAVENTA 50%""}]",[],[],"[{""saldo"": ""11.336,29 (AL 50%)""}]","[{""descripcion"": ""PARTICIPACIONES DE CAPITAL SOCIAL DE CAJAMAR"", ""valor"": 4026}]","[{""descripcion"": ""MICROCREDITO AL PSOE"", ""valor"": 5000}]",[],"[{""fecha_adquisicion"": ""1 JUNIO 2021"", ""descripcion"": ""PEUGEOT 108""}]",[],"[{""prestamo"": ""PRESTAMO HIPOTECARIO - CAJAS RURALES UNIDAS SOCIEDAD COOPERATIVA DE CREDITO"", ""fecha_concesion"": ""06/06/2008"", ""importe_concedido"": 306427, ""saldo_pendiente"": 151457.42}, {""prestamo"": ""PRESTAMO PERSONAL"", ""fecha_concesion"": ""02/06/2021"", ""importe_concedido"": 7245, ""saldo_pendiente"": 4843.04}]",,20,fotos_diputados\deputy_020.jpg,Logo_partidos\deputy_0020.jpg,,sonia-guerra-lopez,71897.0
deputy_020_assets_000018_002_e_0050332_20241129.json,SONIA GUERRA LÓPEZ,CASADA,SEPARACIÓN DE BIENES,23 JULIO 2023,2 AGOSTO 2023,Diputado,BARCELONA,,,,,[],[],[],[],12381.06,[],[],[],[],[],[],[],[],[],[],Me remito en todos los apartados no cumplimentados a las declaraciones presentadas con anterioridad.,20,fotos_diputados\deputy_020.jpg,Logo_partidos\deputy_0020.jpg,,sonia-guerra-lopez,71897.0
deputy_021_assets_000020_000_e_0000087_20230802.json,FRANCISCO ARANDA VARGAS,SOLTERO,,23 DE JULIO DE 2023,2 DE AGOSTO DE 2023,Diputado,,,,https://twitter.com/arandapaco,,"[{""concepto"": ""RENDIMIENTOS DEL TRABAJO PROFESOR ASOCIADO UNIVERSIDAD DE BARCELONA"", ""euros"": 3531.12}]",[],[],[],13679.03,"[{""clase_y_caracteristicas"": ""VIVIENDA HABITUAL"", ""situacion"": ""SABADELL"", ""fecha_adquisicion"": ""05/04/2022"", ""derecho_sobre_el_bien"": ""PLENO DOMINIO COMPRAVENTA 50 % DECLARANTE""}]",[],[],"[{""saldo"": 15594.35, ""porcentaje"": ""50 %""}]",[],[],[],"[{""fecha_adquisicion"": ""JULIO DE 2006"", ""descripcion"": ""FORD FOCUS AZUL""}]",[],"[{""prestamo"": ""PRESTAMO HIPOTECARIO LA CAIXA"", ""fecha_concesion"": ""06/04/2022"", ""importe_concedido"": 250000, ""saldo_pendiente"": 237731.62, ""porcentaje"": ""50%""}]",,21,fotos_diputados\deputy_021.jpg,Logo_partidos\deputy_0021.jpg,hemiciclo\hemi_0021_1502.gif,francisco-aranda-vargas,91261.66
deputy_022_assets_000023_000_e_0000098_20230802.json,Teresa Llorens Carbonell,Viuda,,23 de julio 2023,2 AGOSTO 2023,Diputado,,,,,,"[{""concepto"": ""DIPUTACIO DE BARCELONA"", ""euros"": 76125.88}, {""concepto"": ""INSS PENSION VIUDEDAD"", ""euros"": 16515.42}, {""concepto"": ""AJUNTAMENT DE VILANOVA I LA GELTRU"", ""euros"": 6976.14}, {""concepto"": ""CONSELL COM GARRAF"", ""euros"": 2596}]",[],"[{""concepto"": ""la Caixa"", ""euros"": 191.33}]",[],27535.15,"[{""clase_y_caracteristicas"": ""VILANOVA I LA GELTRU"", ""situacion"": ""BARCELONA"", ""fecha_adquisicion"": ""1995"", ""derecho_sobre_el_bien"": ""PLENO DOMINIO COMPRA VENTA"", ""titulo_adquisicion"": ""100%""}, {""clase_y_caracteristicas"": ""VALLCEBRE"", ""situacion"": ""BARCELONA"", ""fecha_adquisicion"": ""2011"", ""derecho_sobre_el_bien"": ""PLENO DOMINIO COMPRA VENTA"", ""titulo_adquisicion"": ""100%""}]",[],[],"[{""descripcion"": ""Global Desarrollo ISR A/ Rentab Ahorro CP,FI/ CARMIGNAC SECURITE (EUR) A ACC/ ALLIANZ STRATEGY 15 CT EUR/ SI IMPACTO 0-60 RV, FI CLASE ESTANDAR/ DESTINO 2030, FI CLASE ESTANDAR/ FI Master Patrimonio Seguros Ahorro Inversión Valor Activo Unit Linked/DESTINO 2030/DEUDA PUB ESPAÑA ITALIA 2025/DEUDA PUB ESP ITALIA 2024/CUENTAS CORRIENTES"", ""saldo"": 297826.93}]",[],[],[],"[{""fecha_adquisicion"": ""2016"", ""descripcion"": ""SUBARU OUTBACK""}]","[{""descripcion"": ""PLA DE PENSIONS DEL PERSONAL AL SERVEI DE LA DIPUTACIO DE BARCELONA"", ""valor"": 123383.62}]",[],,22,fotos_diputados\deputy_022.jpg,Logo_partidos\deputy_0022.jpg,,teresa-llorens-carbonell,71897.0
deputy_022_assets_000023_002_e_0039121_20240923.json,Teresa Llorens Carbonell,Viuda,,23 de julio de 2023,2 de agosto de 2023,Diputado,Barcelona,,,,,[],[],[],[],48615.21,[],[],[],"[{""entidad"": ""CC/La Caixa"", ""saldo"": 51137.08}, {""entidad"": ""CC/BBVA"", ""saldo"": 4980.15}, {""entidad"": ""CC/Deutsche Bank"", ""saldo"": 1308.19}]",[],[],[],[],[],[],Me remito en todos los apartados no cumplimentados a las declaraciones presentadas con anterioridad.,22,fotos_diputados\deputy_022.jpg,Logo_partidos\deputy_0022.jpg,,teresa-llorens-carbonell,71897.0
deputy_023_assets_000021_000_e_0000092_20230802.json,Ferran Verdejo Vicente,soltero,,23/07/2023,02/08/2023,Diputado,,,https://www.instagram.com/,https://twitter.com/Ferran_Verdejo,,"[{""concepto"": ""SUELDO NETO"", ""euros"": 19595.23}]",[],[],[],1563.46,[],[],[],"[{""tipo"": ""CUENTA CORRIENTE"", ""saldo"": 1500, ""fecha"": ""01/08/2023""}]",[],[],[],"[{""fecha_adquisicion"": ""03/03/2023"", ""descripcion"": ""VEHÍCULO SEAT ARONA""}]",[],"[{""descripcion"": ""FINANCIACIÓN VEHÍCULO - VOLKSWAGEN BANK GmbH S.E."", ""fecha_concesion"": ""09/02/2023"", ""importe_concedido"": 16768.99, ""saldo_pendiente"": 15033.99}]",,23,fotos_diputados\deputy_023.jpg,Logo_partidos\deputy_0023.jpg,hemiciclo\hemi_0023_1704.gif,ferran-verdejo-vicente,91261.66
deputy_024_assets_000019_000_e_0000084_20230802.json,David Serrada Pariente,Casado,Separación de bienes,23 de julio de 2023,2 de agosto de 2023,Diputado,Salamanca,,,https://twitter.com/dvserrada,,[],[],[],[],12682.84,"[{""clase_y_caracteristicas"": ""Vivienda"", ""situacion"": ""Salamanca"", ""fecha_adquisicion"": ""25/02/2016"", ""derecho_sobre_el_bien"": ""Pleno dominio"", ""titulo_adquisicion"": ""Compraventa"", ""porcentaje"": ""50%""}, {""clase_y_caracteristicas"": ""Vivienda con garaje"", ""situacion"": ""Salamanca"", ""fecha_adquisicion"": ""28/01/2022"", ""derecho_sobre_el_bien"": ""Pleno dominio"", ""titulo_adquisicion"": ""Compraventa"", ""porcentaje"": ""50%""}]",[],[],[],[],[],[],"[{""fecha_adquisicion"": ""2005"", ""descripcion"": ""Vehículo (Volkswagen Golf)""}]","[{""tipo"": ""Plan de pensiones"", ""valor"": 6548}, {""tipo"": ""Seguro de vida"", ""valor"": 41900}, {""tipo"": ""Seguro de vida"", ""valor"": 36400}]","[{""descripcion"": ""Unicaja Banco, Hipoteca"", ""fecha_concesion"": ""02/10/2014"", ""importe_concedido"": 47000, ""saldo_pendiente"": 29350}, {""descripcion"": ""Unicaja Banco, Hipoteca"", ""fecha_concesion"": ""28/01/2022"", ""importe_concedido"": 108500, ""saldo_pendiente"": 103200}]",,24,fotos_diputados\deputy_024.jpg,Logo_partidos\deputy_0024.jpg,hemiciclo\hemi_0024_1506.gif,david-serrada-pariente,91261.66
deputy_024_assets_000019_001_e_0063713_20250402.json,DAVID SERRADA PARIENTE,CASADO,SEPARACIÓN DE BIENES,23 DE JULIO DE 2023,2 DE AGOSTO DE 2023,Diputado,SALAMANCA,,,https://twitter.com/dvserrada,,[],[],"[{""concepto"": ""Intereses o rendimientos de cuentas, depósitos y activos financieros"", ""euros"": 5.11}]",[],14409.89,"[{""clase_y_caracteristicas"": ""Vivienda"", ""situacion"": ""Salamanca"", ""fecha_adquisicion"": ""02/10/2014"", ""derecho_sobre_el_bien"": ""Pleno dominio Compra venta 50%""}, {""clase_y_caracteristicas"": ""Vivienda con garaje"", ""situacion"": ""Salamanca"", ""fecha_adquisicion"": ""28/01/2022"", ""derecho_sobre_el_bien"": ""Pleno dominio Compra venta 50%""}]",[],[],"[{""entidad"": ""Unicaja Banco"", ""saldo"": 43622.82}]",[],[],[],"[{""fecha_adquisicion"": ""2025"", ""descripcion"": ""Vehículo (Opel Corsa)""}]","[{""descripcion"": ""Plan de pensiones"", ""valor"": 8520}, {""descripcion"": ""Seguro de vida"", ""valor"": 41900}, {""descripcion"": ""Seguro de vida"", ""valor"": 36400}]","[{""prestamo"": ""Unicaja banco. Hipoteca"", ""fecha_concesion"": ""02/10/2014"", ""importe_concedido"": 47000, ""saldo_pendiente"": 22800}, {""prestamo"": ""Unicaja banco. Hipoteca"", ""fecha_concesion"": ""28/01/2022"", ""importe_concedido"": 108500, ""saldo_pendiente"": 98049}]",La modificación se realiza por alta y baja de vehículo.,24,fotos_diputados\deputy_024.jpg,Logo_partidos\deputy_0024.jpg,hemiciclo\hemi_0024_1506.gif,david-serrada-pariente,91261.66
deputy_025_assets_000026_000_e_0000120_20230802.json,MANUEL GARCÍA FÉLIX,CASADO,GANANCIALES,23/07/2023,02/08/2023,Diputado,HUELVA,,,,,"[{""procedencia"": ""EXCMO. AYUNTAMIENTO LA PALMA DEL CONDADO"", ""concepto"": ""Percepciones netas de tipo salarial, sueldos, honorarios, aranceles y otras retribuciones"", ""euros"": ""41.070,47 €""}, {""procedencia"": ""UNIVERSIDAD DE HUELVA"", ""concepto"": ""Percepciones netas de tipo salarial, sueldos, honorarios, aranceles y otras retribuciones"", ""euros"": ""2.121,60 €""}]",[],[],[],11337.4,"[{""clase"": ""VIVIENDA"", ""situacion"": ""HUELVA"", ""fecha_adquisicion"": ""2002"", ""derecho"": ""PLENO DOMINIO GANANCIAL"", ""titulo_adquisicion"": ""COMPRAVENTA""}, {""clase"": ""VIVIENDA"", ""situacion"": ""SEVILLA"", ""fecha_adquisicion"": ""2007"", ""derecho"": ""PORCIÓN INDIVISA 25%"", ""titulo_adquisicion"": ""COMPRAVENTA""}, {""clase"": ""VIVIENDA"", ""situacion"": ""SEVILLA"", ""fecha_adquisicion"": ""2007"", ""derecho"": ""PORCIÓN INDIVISA 25%"", ""titulo_adquisicion"": ""COMPRAVENTA""}, {""clase"": ""VIVIENDA"", ""situacion"": ""HUELVA"", ""fecha_adquisicion"": ""2010"", ""derecho"": ""PLENO DOMINIO GANANCIAL"", ""titulo_adquisicion"": ""COMPRAVENTA""}, {""clase"": ""PLAZA GARAJE"", ""situacion"": ""HUELVA"", ""fecha_adquisicion"": ""2022"", ""derecho"": ""PORCIÓN INDIVISA 16,66%"", ""titulo_adquisicion"": ""HERENCIA""}]",[],[],"[{""entidad"": ""CAIXABANK"", ""saldo"": ""1.342,28 €""}, {""entidad"": ""CAIXABANK"", ""saldo"": ""1.082,59 €""}, {""entidad"": ""CAJARURAL"", ""saldo"": ""0 €""}]",[],[],[],"[{""fecha_adquisicion"": ""05/09/2016"", ""descripcion"": ""MERCEDES C200CDI 7007HPY""}]",[],"[{""descripcion"": ""PRESTAMO HIPOTECARIO, CAIXABANK"", ""fecha_concesion"": ""03/05/2002"", ""importe_concedido"": ""94700 €"", ""saldo_pendiente"": ""69509,11 €""}, {""descripcion"": ""PRESTAMO HIPOTECARIO, CAIXABANK"", ""fecha_concesion"": ""14/03/2005"", ""importe_concedido"": ""86699,84 €"", ""saldo_pendiente"": ""45610,98 €""}, {""descripcion"": ""PRESTAMO HIPOTECARIO, CAIXABANK"", ""fecha_concesion"": ""14/03/2005"", ""importe_concedido"": ""6310,63 €"", ""saldo_pendiente"": ""3321,21 €""}, {""descripcion"": ""PRESTAMO HIPOTECARIO, CAIXABANK"", ""fecha_concesion"": ""06/07/2010"", ""importe_concedido"": ""104000 €"", ""saldo_pendiente"": ""54674,81 €""}]",,25,fotos_diputados\deputy_025.jpg,Logo_partidos\deputy_0025.jpg,hemiciclo\hemi_0025_3815.gif,manuel-garcia-felix,85645.7
deputy_026_assets_000338_000_e_0001409_20230816.json,Miguel Tellado Filgueira,Casado,gananciales,23 de julio de 2023,2 de agosto de 2023,Diputado,LA Coruña / Congreso de los Diputados,,https://www.instagram.com/migueltellado,https://twitter.com/mtelladof,,"[{""concepto"": ""Salario Parlamento de Galicia (Enero-julio)"", ""euros"": ""20.229,10 €""}]",[],"[{""concepto"": ""gastos de representación Partido Popular"", ""euros"": ""22.720 €""}]",[],26594.4,"[{""clase"": ""vivienda habitual (piso)"", ""situacion"": ""Ferrol (A Coruña)"", ""fecha_adquisicion"": ""2004"", ""derecho"": ""50% (compraventa)""}, {""clase"": ""garaje"", ""situacion"": ""Ferrol (A Coruña)"", ""fecha_adquisicion"": ""2004"", ""derecho"": ""50% Compraventa""}, {""clase"": ""Piso"", ""situacion"": ""Ferrol (A Coruña)"", ""fecha_adquisicion"": ""2022"", ""derecho"": ""7% herencia""}]",[],[],[],[],[],[],"[{""fecha_adquisicion"": ""2012"", ""descripcion"": ""Peugeot 207""}, {""fecha_adquisicion"": ""2018"", ""descripcion"": ""Citroen C4 SpaceTourer""}, {""fecha_adquisicion"": ""2022"", ""descripcion"": ""Kia Ceed""}]",[],"[{""descripcion"": ""Prestamo para la adquisición de vivienda (subrogación de prestamo de 2003)"", ""fecha_concesion"": ""2008"", ""importe_concedido"": ""133.000"", ""saldo_pendiente"": ""75.236""}, {""descripcion"": ""prestamo compra vehículo"", ""fecha_concesion"": ""2018"", ""importe_concedido"": ""15.127"", ""saldo_pendiente"": ""12.600""}, {""descripcion"": ""prestamo compra vehículo"", ""fecha_concesion"": ""2022"", ""importe_concedido"": ""16.000"", ""saldo_pendiente"": ""14.357""}]",,26,fotos_diputados\deputy_026.jpg,Logo_partidos\deputy_0026.jpg,hemiciclo\hemi_0026_3208.gif,miguel-tellado-filgueira,
deputy_027_assets_000025_000_e_0000116_20230802.json,ÁLVARO PÉREZ LÓPEZ,CASADO,GANACIALES,23/7/2023,2/8/2023,Diputado,A CORUÑA,,,,,"[{""procedencia"": ""XUNTA DE GALICIA"", ""concepto"": ""Percepciones netas de tipo salarial"", ""euros"": 17144.41}, {""procedencia"": ""CONGRESO DE LOS DIPUTADOS (personal eventual)"", ""concepto"": ""Percepciones netas de tipo salarial"", ""euros"": 27782.64}, {""procedencia"": ""GP POPULAR EN EL CONGRESO"", ""concepto"": ""Percepciones netas de tipo salarial"", ""euros"": 19910.61}, {""procedencia"": ""INSTITUTO GALEGO DE PROMOCIÓN ECONÓMICA (IGAPE)"", ""concepto"": ""Percepciones netas de tipo salarial"", ""euros"": 1089.16}, {""procedencia"": ""XESGALICIA (SOCIEDAD PUBLICA CAPITAL RIESGO)"", ""concepto"": ""Percepciones netas de tipo salarial"", ""euros"": 1544.06}]","[{""procedencia"": null, ""concepto"": ""Dividendos y participación en beneficios"", ""euros"": 139.35}]",[],[],22238.12,"[{""clase"": ""VIVIENDA"", ""situacion"": ""A CORUÑA"", ""fecha_adquisicion"": ""20/12/2006"", ""derecho"": ""GANANCIAL (50%)"", ""titulo_adquisicion"": ""COMPRAVENTA""}, {""clase"": ""PLAZA GARAJE"", ""situacion"": ""A CORUÑA"", ""fecha_adquisicion"": ""20/12/2006"", ""derecho"": ""GANANCIAL (50%)"", ""titulo_adquisicion"": ""COMPRAVENTA""}]",[],[],"[{""tipo"": ""CUENTAS CORRIENTES"", ""derecho"": ""Ganancial (50%)"", ""saldo"": 42422.52, ""fecha_saldo"": ""31/12/2022""}]","[{""descripcion"": ""ACCIONES TELEFÓNICA S.A."", ""valor"": 3555.28, ""fecha_valoracion"": ""1/8/2023""}, {""descripcion"": ""ACCIONES REAL CLUB DEPORTIVO A CORUÑA S.A.D."", ""valor"": 600.0, ""fecha_valoracion"": null}]",[],[],"[{""fecha_adquisicion"": ""11/7/2013"", ""descripcion"": ""OPEL ASTRA""}]","[{""descripcion"": ""PLAN PENSIONES"", ""valor"": 568.15}]","[{""descripcion"": ""HIPOTECARIO (BANCO SANTANDER) - 50%"", ""fecha_concesion"": ""20/12/2006"", ""importe_concedido"": 220000.0, ""saldo_pendiente"": 32627.69, ""fecha_saldo"": ""31/12/2022""}]",,27,fotos_diputados\deputy_027.jpg,Logo_partidos\deputy_0027.jpg,hemiciclo\hemi_0027_3205.gif,alvaro-perez-lopez,108015.32
deputy_028_assets_000333_000_e_0001395_20230816.json,ESTER MUÑOZ DE LA IGLESIA,SOLTERA,,23 DE JULIO DE 2023,02 DE AGOSTO DE 2023,Diputado,LEÓN,https://www.facebook.com/profile.php?id=778933925,,https://twitter.com/EsterMunoz85,,"[{""procedencia"": ""Percepciones netas de tipo salarial, sueldos, honorarios, aranceles y otras retribuciones"", ""concepto"": ""SUELDO DELEGADA TERRITORIAL JCYL EN LEÓN"", ""euros"": ""58.514,58""}]",[],[],[],16297.58,"[{""clase_y_caracteristicas"": ""50% VIVIENDA"", ""situacion"": ""LEÓN"", ""fecha_adquisicion"": ""JULIO 2022"", ""derecho_sobre_el_bien"": ""PLENO DOMINIO"", ""titulo_adquisicion"": ""COMPRAVENTA""}]",[],[],"[{""descripcion"": ""4 CUENTAS BANCARIAS"", ""saldo"": ""12.298,6€""}]",[],[],[],"[{""fecha_adquisicion"": ""2022"", ""descripcion"": ""CUPRA FORMENTOR""}, {""fecha_adquisicion"": ""2021"", ""descripcion"": ""YAMAHA 125 XMAX""}]",[],"[{""descripcion"": ""PRESTAMO COCHE"", ""fecha_concesion"": ""ENERO 2022"", ""importe_concedido"": ""35.000€"", ""saldo_pendiente"": ""26.572,73€""}, {""descripcion"": ""50% HIPOTECA AUTOPROMOCIÓN"", ""fecha_concesion"": ""JULIO 2022"", ""importe_concedido"": ""195.200€"", ""saldo_pendiente"": ""139.400€""}]",,28,fotos_diputados\deputy_028.jpg,Logo_partidos\deputy_0028.jpg,hemiciclo\hemi_0028_3209.gif,ester-munoz-la-iglesia,
deputy_029_assets_000024_000_e_0000108_20230802.json,ANTIDIO FAGÚNDEZ CAMPO,CASADO,SEPARACIÓN DE BIENES,23/07/2023,2/08/2023,Diputado,ZAMORA,,,https://twitter.com/antidiof,,[],[],[],"[{""concepto"": ""ARRENDAMIENTO VIVIENDA"", ""euros"": ""3.600 € / AÑO""}]",12160.09,"[{""clase_y_caracteristicas"": ""VIVIENDA, PLAZA DE GARAJE Y TRASTERO"", ""situacion"": ""ZAMORA"", ""fecha_adquisicion"": ""30/08/2008"", ""derecho_sobre_el_bien"": ""PLENO DOMINIO COMPRAVENTA 50%""}, {""clase_y_caracteristicas"": ""VIVIENDA, PLAZA DE GARAJE Y TRASTERO"", ""situacion"": ""ZAMORA"", ""fecha_adquisicion"": ""13/02/2003"", ""derecho_sobre_el_bien"": ""PLENO DOMINIO COMPRAVENTA""}]",[],[],"[{""descripcion"": ""CUENTAS CORRIENTES UNICAJA, MEDIOLANUM Y BBVA"", ""saldo"": ""91.599,80 €""}]",[],"[{""descripcion"": ""119.754 ACCIONES DE LA SOCIEDAD SOMA REHABILITACIÓN, S.L. QUE NO COTIZA EN BOLSA"", ""valor"": ""119.754 €""}, {""descripcion"": ""SEGURO UNIVIDA INVERSIÓN"", ""valor"": ""50.000 €""}]",[],"[{""fecha_adquisicion"": ""29/10/2018"", ""descripcion"": ""VEHÍCULO MODELO BMW X5 3.0D""}]",[],"[{""prestamo"": ""PRESTAMO HIPOTECARIO BBVA"", ""fecha_concesion"": ""31/08/2008"", ""importe_concedido"": ""388.000 €"", ""saldo_pendiente"": ""259.536 €""}]",,29,fotos_diputados\deputy_029.jpg,Logo_partidos\deputy_0029.jpg,hemiciclo\hemi_0029_1501.gif,antidio-fagundez-campo,97457.92
deputy_030_assets_000029_000_e_0000131_20230802.json,SILVIA FRANCO GONZÁLEZ,CASADA,SEPARACIÓN DE BIENES,23/07/2023,,Diputado,,https://www.facebook.com/silvia.francogonzalez.14,https://www.instagram.com/francogonzalezsilvia/,https://twitter.com/silviafranco0,,"[{""concepto"": ""RENDIMIENTOS DEL TRABAJO"", ""euros"": 64343.5}]",[],"[{""concepto"": ""Intereses de cuentas, depósitos y de activos financieros en general"", ""euros"": 12.93}]",[],15682.22,"[{""clase"": ""Piso"", ""situacion"": ""León"", ""fecha_adquisicion"": ""15/04/2009"", ""derecho"": ""Pleno dominio"", ""titulo"": ""Compraventa"", ""caracteristicas"": ""Privativo""}, {""clase"": ""Solar"", ""situacion"": ""León"", ""fecha_adquisicion"": ""22/02/2022"", ""derecho"": ""En comunidad de bienes"", ""titulo"": ""Herencia"", ""caracteristicas"": null}]",[],[],"[{""tipo"": ""Depósitos en cuentas corrientes"", ""saldo"": 26620.25, ""fecha"": ""01/08/2023""}]","[{""descripcion"": ""Deuda pública"", ""valor"": 40000, ""fecha"": ""01/08/2023""}, {""descripcion"": ""Participaciones en diversos fondos de inversión nacionales e internacionales"", ""valor"": 91034.61, ""fecha"": ""01/08/2023""}]",[],[],[],"[{""descripcion"": ""Plan de pensiones"", ""valor"": 28536.38, ""fecha"": ""01/08/2023""}, {""descripcion"": ""Plan de pensiones"", ""valor"": 3243.75, ""fecha"": ""01/08/2023""}, {""descripcion"": ""Plan de previsión social empresarial"", ""valor"": 328.29, ""fecha"": ""01/08/2023""}]",[],,30,fotos_diputados\deputy_030.jpg,Logo_partidos\deputy_0030.jpg,hemiciclo\hemi_0030_2817.gif,silvia-franco-gonzalez,85645.7
deputy_031_assets_000160_000_e_0000684_20230808.json,ANDREA FERNÁNDEZ BENÉITEZ,SOLTERA,,23/07/2023,01/08/2023,Diputado,LEÓN,,,https://twitter.com/afernb,,"[{""procedencia"": ""UNIVERSIDAD DE VIGO"", ""concepto"": ""Percepciones netas de tipo salarial, sueldos, honorarios, aranceles y otras retribuciones"", ""euros"": 510}]",[],[],[],13667.23,[],[],[],"[{""tipo"": ""CUENTA BANCARIA"", ""saldo"": 145000}]",[],[],[],[],[],[],,31,fotos_diputados\deputy_031.jpg,Logo_partidos\deputy_0031.jpg,hemiciclo\hemi_0031_1607.gif,andrea-fernandez-beneitez,91261.66
deputy_032_assets_000031_000_e_0000148_20230802.json,CELSO LUIS DELGADO ARCE,VIUDO,,23 JULIO DE 2023,2 DE AGOSTO DE 2023,Diputado,,,,https://twitter.com/CelsoDelgadoOU,http://www.celsodelgado.gal/,"[{""concepto"": ""RETRIBUCIÓN \""DELGADO ARCE ABOGADOS SLNE\"""", ""euros"": 20289.6}]",[],[],"[{""concepto"": ""PENSIÓN DE VIUDEDAD MUTUALIDAD GENERAL DE ABOGACÍA"", ""euros"": 5478.52}]",37883.33,"[{""clase_y_caracteristicas"": ""APARTAMENTO"", ""situacion"": ""PONTEVEDRA"", ""fecha_adquisicion"": ""05-02-1993"", ""derecho_sobre_el_bien"": ""PLENO DOMINIO"", ""titulo_adquisicion"": ""COMPRAVENTA""}, {""clase_y_caracteristicas"": ""PISO"", ""situacion"": ""OURENSE"", ""fecha_adquisicion"": ""10-02-1995"", ""derecho_sobre_el_bien"": ""USUFRUCTO"", ""titulo_adquisicion"": ""HERENCIA""}, {""clase_y_caracteristicas"": ""PLAZA DE GARAJE"", ""situacion"": ""OURENSE"", ""fecha_adquisicion"": ""10-02-1995"", ""derecho_sobre_el_bien"": ""USUFRUCTO"", ""titulo_adquisicion"": ""HERENCIA""}]",[],"[{""clase_y_caracteristicas"": ""LOCAL DE OFICINA \""DELGADO ARCE ABOGADOS SLNE\"""", ""situacion"": ""OURENSE"", ""fecha_adquisicion"": ""25-03-2014"", ""derecho_sobre_el_bien"": ""PLENO DOMINIO 50% USUFRUCTO 50%"", ""titulo_adquisicion"": null}]","[{""saldo"": 620061.45}]","[{""descripcion"": ""60 PARTICIPACIONES DE LA SOCIEDAD \""DELGADO ARCE ABOGADOS SLNE\"" (ÚLTIMO VALOR TEÓRICO CONTABLE)"", ""valor"": 340920.79}, {""descripcion"": ""USUFRUCTO DE 60 PARTICIPACIONES DE LA SOCIEDAD \""DELGADO ARCE ABOGADOS SLNE\"" (ÚLTIMO VALOR TEÓRICO CONTABLE)"", ""valor"": 85230.2}, {""descripcion"": ""50 ACCIONES DE \""BODEGAS TERRAS GAUDA S.A.\"""", ""valor"": 26930.0}]",[],[],"[{""fecha_adquisicion"": ""5-10-2018"", ""descripcion"": ""BMW 318D""}]","[{""descripcion"": ""PLANES DE PENSIONES-SEGUROS"", ""valor"": 197507.3}]",[],,32,fotos_diputados\deputy_032.jpg,Logo_partidos\deputy_0032.jpg,hemiciclo\hemi_0032_5606.gif,celso-luis-delgado-arce,91261.66
deputy_033_assets_000030_000_e_0000147_20230802.json,NOEMÍ SANTANA PERERA,SOLTERA,,23 DE JULIO 2023,02 DE AGOSTO 2023,Senador,LAS PALMAS,https://www.facebook.com/noemipmp,https://www.instagram.com/noemipmp/,https://twitter.com/noepmp,,"[{""procedencia"": ""GOBIERNO DE CANARIAS CONSEJERIA DE DERECHOS SOCIALES, IGUALDAD, DIVERSIDAD Y JUEVENTUD"", ""concepto"": ""Percepciones netas de tipo salarial, sueldos, honorarios, aranceles y otras retribuciones"", ""euros"": ""73.954,82""}]",[],"[{""procedencia"": ""CUENTA AHORRO ING"", ""concepto"": ""Intereses o rendimientos de cuentas, depósitos y activos financieros"", ""euros"": ""6,23""}]",[],20103.45,"[{""clase_y_caracteristicas"": ""VIVIENDA"", ""situacion"": ""TELDE, GRAN CANARIA"", ""fecha_adquisicion"": ""03/09/2019"", ""derecho_sobre_el_bien"": ""50% DOMINIO COMPRAVENTA""}]",[],[],"[{""tipo"": ""CUENTA CORRIENTE Y CUENTA DE AHORRO"", ""saldo"": ""17.520,52""}]",[],[],[],"[{""fecha_adquisicion"": ""08/05/2021"", ""descripcion"": ""HYUNDAI KONA HIBRIDO""}]",[],"[{""prestamo"": ""HIPOTECA ING"", ""fecha_concesion"": ""03/09/2019"", ""importe_concedido"": ""332.000"", ""saldo_pendiente"": ""254.489,89""}, {""prestamo"": ""PRESTAMO ING"", ""fecha_concesion"": ""08/05/2021"", ""importe_concedido"": ""15.000"", ""saldo_pendiente"": ""4.119,19""}, {""prestamo"": ""PRESTAMO ING"", ""fecha_concesion"": ""25/08/2024"", ""importe_concedido"": ""4.500"", ""saldo_pendiente"": ""2.478,28""}]",,33,fotos_diputados\deputy_033.jpg,Logo_partidos\deputy_0033.jpg,hemiciclo\hemi_0033_2511.gif,noemi-santana-perera,91261.66
deputy_034_assets_000032_000_e_0000150_20230802.json,Elvira Velasco Morillo,Casada,Gananciales,23-Julio-2023,02-08-2023,Senador,ZAMORA,,,https://twitter.com/Evelascomorillo,,"[{""concepto"": ""Trienios Funcionaria Gerencia de Asistencia Sanitaria de Zamora (SACYL)"", ""euros"": 3868.62}]",[],[],[],,"[{""clase"": ""Piso"", ""situacion"": ""Zamora"", ""fecha_adquisicion"": ""01/08/2000"", ""derecho"": ""50% Pleno dominio"", ""titulo_adquisicion"": ""Compra-venta""}, {""clase"": ""Plaza de Garaje"", ""situacion"": ""Zamora"", ""fecha_adquisicion"": ""01/08/2000"", ""derecho"": ""50% Pleno dominio"", ""titulo_adquisicion"": ""Compra-venta""}, {""clase"": ""Vivienda"", ""situacion"": ""Villalube (Zamora)"", ""fecha_adquisicion"": ""27/04/2017"", ""derecho"": ""6.25% Nula propiedad"", ""titulo_adquisicion"": ""Herencia""}]","[{""clase"": ""Finca 12,448 Ha."", ""situacion"": ""Villalube (Zamora)"", ""fecha_adquisicion"": ""27/04/2017"", ""derecho"": ""4.01670% Pleno dominio"", ""titulo_adquisicion"": ""Herencia""}, {""clase"": ""Finca 3,103 Ha."", ""situacion"": ""Villalube (Zamora)"", ""fecha_adquisicion"": ""19/09/1983"", ""derecho"": ""12.5% Nula propiedad"", ""titulo_adquisicion"": ""Herencia""}, {""clase"": ""Finca 9,109 Ha."", ""situacion"": ""Fuentesecas (Zamora)"", ""fecha_adquisicion"": ""19/09/1983"", ""derecho"": ""12.5% Nula propiedad"", ""titulo_adquisicion"": ""Herencia""}]",[],"[{""saldo"": 43187.08}]",[],[],[],"[{""fecha_adquisicion"": ""23/05/2011"", ""descripcion"": ""50% Turismo Mercedes-Benz E220 cdi Coupe""}, {""fecha_adquisicion"": ""29/10/2019"", ""descripcion"": ""50% Turismo Mercedes-Benz GLA 200d""}]","[{""descripcion"": ""Planes de Pensiones Unicaja"", ""valor"": 11243.85}, {""descripcion"": ""Plan de Previsión Asegurado Unicaja"", ""valor"": 11066.56}, {""descripcion"": ""Plan de Previsión Social Empresarial en BBVA- Cortes Generales (Provision matemática a 30/06/2023)"", ""valor"": 35461.5}, {""descripcion"": ""Derechos de Autor Libro \""Cuidados al Paciente Crónico y Gestion de Casos de Enfermeria\"""", ""valor"": null}]","[{""descripcion"": ""50% Préstamo hipotecario Unicaja Banco"", ""fecha_concesion"": ""01/08/2000"", ""importe_concedido"": 180303.63, ""saldo_pendiente"": 15628.01}, {""descripcion"": ""50% Préstamo Personal Unicaja Banco"", ""fecha_concesion"": ""29/10/2019"", ""importe_concedido"": 30000.0, ""saldo_pendiente"": 8215.42}]",,34,fotos_diputados\deputy_034.jpg,Logo_partidos\deputy_0034.jpg,hemiciclo\hemi_0034_2710.gif,elvira-velasco-morillo,91261.66
deputy_035_assets_000027_000_e_0000128_20230802.json,JOSÉ ZARAGOZA ALONSO,CASADO,SEPARACIÓN DE BIENES,23 DE JULIO 2023,2 DE AGOSTO 2023,Diputado,,https://www.facebook.com/JoseZaragozaAlonso,https://www.instagram.com/_josezaragoza_/,https://twitter.com/j_zaragoza_,,[],[],[],[],20585.11,"[{""clase"": ""PISO"", ""situacion"": ""BARCELONA"", ""fecha_adquisicion"": ""30/06/1999"", ""derecho"": ""PLENO DOMINIO"", ""titulo"": ""COMPRA-VENTA""}, {""clase"": ""PLAZA APARCAMIENTO"", ""situacion"": ""BARCELONA"", ""fecha_adquisicion"": ""30/06/1999"", ""derecho"": ""PLENO DOMINIO"", ""titulo"": ""COMPRA-VENTA""}, {""clase"": ""PISO"", ""situacion"": ""CÁDIZ"", ""fecha_adquisicion"": ""04/09/2020"", ""derecho"": ""PLENO DOMINIO"", ""titulo"": ""COMPRA-VENTA""}]",[],[],"[{""tipo"": ""CUENTA CORRIENTE"", ""saldo"": ""123.562 €"", ""fecha"": ""27 de julio de 2023""}]",[],[],[],"[{""fecha_adquisicion"": ""13/07/2023"", ""descripcion"": ""VEHÍCULO SEAT ARONA""}]","[{""descripcion"": ""Microcrédito al PSC"", ""valor"": ""5.000€""}]",[],,35,fotos_diputados\deputy_035.jpg,Logo_partidos\deputy_0035.jpg,hemiciclo\hemi_0035_1209.gif,jose-zaragoza-alonso,97457.92
deputy_036_assets_000034_000_e_0000161_20230802.json,PEDRO LUIS HUGUET TOUS,CASADO,SEPARACION DE BIENES,23 DE JULIO DE 2023,2 DE AGOSTO DE 2023,Diputado,TARRAGONA,,,,,"[{""procedencia"": ""DIPUTACION DE TARRAGONA Y AYUNTAMIENTO DE SALALOU"", ""concepto"": ""Percepciones netas de tipo salarial, sueldos, honorarios, aranceles y otras retribuciones"", ""euros"": 60760.27}, {""procedencia"": ""EJERCICIO ABOGACIA"", ""concepto"": ""Percepciones netas de tipo salarial, sueldos, honorarios, aranceles y otras retribuciones"", ""euros"": 49401.36}]",[],"[{""procedencia"": ""INTERESES CUANTAS CORRIENTE"", ""concepto"": ""Intereses o rendimientos de cuentas, depósitos y activos financieros"", ""euros"": 4}]",[],21733.0,"[{""clase"": ""VIVIENDA"", ""situacion"": ""REUS"", ""fecha_adquisicion"": ""2002"", ""derecho"": ""50% PROPIEDAD COMPRA VENTA""}, {""clase"": ""VIVIENDA"", ""situacion"": ""REUS"", ""fecha_adquisicion"": ""1996"", ""derecho"": ""50% PROPIEDAD COMPRA VENTA""}, {""clase"": ""VIVIENDA"", ""situacion"": ""REUS"", ""fecha_adquisicion"": ""1990"", ""derecho"": ""33% PROPIEDAD COMPRA VENTA""}]",[],[],"[{""descripcion"": ""DOS CUENTAS CORRIENTES"", ""saldo"": 46488.94, ""fecha"": ""2/08/2023""}]",[],[],[],"[{""fecha_adquisicion"": ""2017"", ""descripcion"": ""MERCEDES GLA 200""}, {""fecha_adquisicion"": ""2023"", ""descripcion"": ""TESLA MODEL Y""}, {""fecha_adquisicion"": ""2021"", ""descripcion"": ""YAMAHA TRICITY""}]","[{""descripcion"": ""MUTUALIDAD DE LA ABOGACIA"", ""valor"": 72360.33}]",[],,36,fotos_diputados\deputy_036.jpg,Logo_partidos\deputy_0036.jpg,,pedro-luis-huguet-tous,51161.6
deputy_036_assets_000034_002_e_0028967_20240606.json,PEDRO LUIS HUGUET TOUS,CASADO,SEPARACION DE BIENES,23 DE JULIO DE 2023,2 DE AGOSTO DE 2023,Diputado,TARRAGONA,,,,,"[{""procedencia"": ""DIPUTACION DE TARRAGONA Y AYUNTAMIENTO DE SALOU (HASTA 23.05.2023)"", ""concepto"": ""Percepciones netas de tipo salarial, sueldos, honorarios, aranceles y otras retribuciones"", ""euros"": 60760.27}, {""procedencia"": ""EJERCICIO 2023 ABOGACIA"", ""concepto"": ""Percepciones netas de tipo salarial, sueldos, honorarios, aranceles y otras retribuciones"", ""euros"": 49401.36}]",[],"[{""procedencia"": ""INTERESES CUENTAS CORRIENTES 2023"", ""concepto"": ""Intereses o rendimientos de cuentas, depósitos y activos financieros"", ""euros"": 4}]",[],21733.0,"[{""clase"": ""VIVIENDA"", ""situacion"": ""REUS"", ""fecha_adquisicion"": ""2002"", ""derecho"": ""50% PROPIEDAD"", ""titulo_adquisicion"": ""COMPRAVENTA""}, {""clase"": ""VIVIENDA"", ""situacion"": ""REUS"", ""fecha_adquisicion"": ""1996"", ""derecho"": ""50% PROPIEDAD"", ""titulo_adquisicion"": ""COMPRAVENTA""}]",[],[],[],[],[],[],"[{""fecha_adquisicion"": ""2017"", ""descripcion"": ""MERCEDES GLA 200""}, {""fecha_adquisicion"": ""2023"", ""descripcion"": ""TESLA MODELY""}, {""fecha_adquisicion"": ""2021"", ""descripcion"": ""YAMAHA TRICITY""}]","[{""descripcion"": ""MUTUALIDAD DE LA ABOGACIA A 06.06.2024"", ""valor"": 79430.67}]",[],,36,fotos_diputados\deputy_036.jpg,Logo_partidos\deputy_0036.jpg,,pedro-luis-huguet-tous,51161.6
deputy_037_assets_000028_000_e_0000129_20230802.json,ANTONIO HERNANDO VERA,DIVORCIADO,,23/07/2023,02/08/2023,Diputado,ALMERÍA,,,,,"[{""concepto"": ""NÓMINA DIRECTOR ADJUNTO DEL GABINETE DE LA PRESIDENCIA DEL GOBIERNO"", ""euros"": 114403.24}]",[],[],[],31214.59,"[{""clase"": ""VIVIENDA"", ""situacion"": ""MADRID"", ""fecha_adquisicion"": ""2005"", ""derecho"": ""COMPRAVENTA PLENO DOMINIO""}, {""clase"": ""PISO"", ""situacion"": ""ALMERÍA"", ""fecha_adquisicion"": ""2021"", ""derecho"": ""COMPRAVENTA PLENO DOMINIO""}]",[],[],"[{""entidad"": ""BANCO SABADELL"", ""saldo"": 59000.0}]",[],[],[],"[{""fecha_adquisicion"": ""2017"", ""descripcion"": ""COCHE LANCIA VOYAGER""}, {""fecha_adquisicion"": ""2006"", ""descripcion"": ""COCHE PEUGEOT 407""}, {""fecha_adquisicion"": ""2010"", ""descripcion"": ""COCHE OPEL ASTRA""}]",[],"[{""descripcion"": ""PRESTAMO PERSONAL BANCO SABADELL"", ""importe_concedido"": 26000.0, ""saldo_pendiente"": 631.9}, {""descripcion"": ""PRESTAMO HIPOTECARIO BANCO SABADELL"", ""importe_concedido"": 550000.0, ""saldo_pendiente"": 2402.82}]",,37,fotos_diputados\deputy_037.jpg,Logo_partidos\deputy_0037.jpg,,antonio-hernando-vera,121587.64
deputy_037_assets_000028_002_e_0006048_20231211.json,ANTONIO HERNANDO VERA,DIVORCIADO,,23/07/2023,02/08/2023,Senador,ALMERÍA,,,,,"[{""concepto"": ""NÓMINA DIRECTOR ADJUNTO DEL GABINETE DE LA PRESIDENCIA DEL GOBIERNO"", ""euros"": ""114.403,24""}]",[],[],[],31214.59,"[{""clase_y_caracteristicas"": ""VIVIENDA"", ""situacion"": ""MADRID"", ""fecha_adquisicion"": ""2005"", ""derecho_sobre_el_bien"": ""PLENO DOMINIO"", ""titulo_adquisicion"": ""COMPRAVENTA""}, {""clase_y_caracteristicas"": ""PISO"", ""situacion"": ""ALMERÍA"", ""fecha_adquisicion"": ""2021"", ""derecho_sobre_el_bien"": ""PLENO DOMINIO"", ""titulo_adquisicion"": ""COMPRAVENTA""}]",[],[],"[{""entidad"": ""BANCO SABADELL"", ""saldo"": ""35.000""}]",[],[],[],"[{""fecha_adquisicion"": ""2017"", ""descripcion"": ""COCHE LANCIA VOYAGER""}, {""fecha_adquisicion"": ""2018"", ""descripcion"": ""COCHE PEUGEOT 407""}, {""fecha_adquisicion"": ""2010"", ""descripcion"": ""COCHE OPEL ASTRA""}]",[],[],,37,fotos_diputados\deputy_037.jpg,Logo_partidos\deputy_0037.jpg,,antonio-hernando-vera,121587.64
deputy_038_assets_000033_000_e_0000153_20230802.json,Cristina Valido García,Casada,Gananciales,23 de julio de 2023,2 de agosto de 2023,Diputado,Santa Cruz de Tenerife,,,https://twitter.com/CristinaValido,,"[{""concepto"": ""Retribución como diputada autonómica"", ""euros"": ""51.676,14""}]",[],[],[],15602.0,[],[],[],"[{""tipo"": ""dos cuentas corrientes"", ""saldo"": ""6.000""}]",[],[],[],"[{""fecha_adquisicion"": ""diciembre de 2021"", ""descripcion"": ""BMW SERIE1-118iA""}]",[],"[{""prestamo"": ""CANAAUTO S.L."", ""fecha_concesion"": ""13-12-21"", ""importe_concedido"": ""23.966"", ""saldo_pendiente"": ""18.900""}]",,38,fotos_diputados\deputy_038.jpg,Logo_partidos\deputy_0038.jpg,hemiciclo\hemi_0038_1716.gif,cristina-valido-garcia,124863.62
deputy_039_assets_000039_000_e_0000177_20230802.json,MARIA ARACELI POBLADOR PACHECO,CASADA,SEPARACION DE BIENES,23 JULIO 2023,2 DE AGOSTO DE 2023,Diputado,ALICANTE,,,https://twitter.com/aracelipoblador,,"[{""concepto"": ""SUBDELEGADA DEL GOBIERNO EN ALICANTE VOCAL CONSEJO ADMINISTRACION PUERTO DE ALICANTE"", ""euros"": 60943.27}]",[],[],[],27259.28,"[{""clase_y_caracteristicas"": ""Piso vivienda habitual"", ""situacion"": ""Alicante"", ""fecha_adquisicion"": ""2003"", ""derecho_sobre_el_bien"": ""50%"", ""titulo_adquisicion"": ""Compra""}, {""clase_y_caracteristicas"": ""Plaza garaje"", ""situacion"": ""Alicante"", ""fecha_adquisicion"": ""2003"", ""derecho_sobre_el_bien"": ""50%"", ""titulo_adquisicion"": ""Compra""}, {""clase_y_caracteristicas"": ""Plaza garaje"", ""situacion"": ""Alicante"", ""fecha_adquisicion"": ""2003"", ""derecho_sobre_el_bien"": ""50%"", ""titulo_adquisicion"": ""Compra""}, {""clase_y_caracteristicas"": ""Casa Pueblo"", ""situacion"": ""Santa Ana (Cáceres)"", ""fecha_adquisicion"": ""2018"", ""derecho_sobre_el_bien"": ""50%"", ""titulo_adquisicion"": ""Herencia""}]","[{""clase_y_caracteristicas"": ""Finca rústica"", ""situacion"": ""Santa Ana (Cáceres)"", ""fecha_adquisicion"": ""2018"", ""derecho_sobre_el_bien"": ""100%"", ""titulo_adquisicion"": ""herencia""}, {""clase_y_caracteristicas"": ""Finca rústica"", ""situacion"": ""Santa Ana (Cáceres)"", ""fecha_adquisicion"": ""2018"", ""derecho_sobre_el_bien"": ""100%"", ""titulo_adquisicion"": ""herencia""}, {""clase_y_caracteristicas"": ""Finca rústica"", ""situacion"": ""Santa Ana (Cáceres)"", ""fecha_adquisicion"": ""2018"", ""derecho_sobre_el_bien"": ""100%"", ""titulo_adquisicion"": ""herencia""}]",[],"[{""tipo"": ""Cuentas corrientes"", ""saldo"": 12689.75, ""porcentaje"": ""50%""}]",[],[],[],"[{""fecha_adquisicion"": ""2007"", ""descripcion"": ""Coche Citroen Xara Picasso""}]","[{""descripcion"": ""Plan de pensiones"", ""valor"": 795.62}]",[],,39,fotos_diputados\deputy_039.jpg,Logo_partidos\deputy_0039.jpg,hemiciclo\hemi_0039_1813.gif,maria-araceli-poblador-pacheco,91261.66
deputy_040_assets_000237_000_e_0001001_20230810.json,JUAN FRANCISCO SERRANO MARTÍNEZ,CASADO,SEPARACIÓN DE BIENES,23 DE JULIO DE 2023,2 DE AGOSTO DE 2023,DIPUTADO,,https://www.facebook.com/juanf.serranomartinez,,https://twitter.com/jfrserrano,,"[{""concepto"": ""DIPUTADO EN EL CONGRESO XIV LEGISLATURA"", ""euros"": null}]",[],[],[],8679.51,"[{""clase_y_caracteristicas"": ""VIVIENDA"", ""situacion"": ""JAEN"", ""fecha_adquisicion"": ""2018"", ""derecho_sobre_el_bien"": ""COMPRAVENTA"", ""titulo_adquisicion"": ""PLENO DOMINIO""}, {""clase_y_caracteristicas"": ""VIVENDA"", ""situacion"": ""PAMPLONA"", ""fecha_adquisicion"": ""2023"", ""derecho_sobre_el_bien"": ""COMPRAVENTA"", ""titulo_adquisicion"": ""50%""}]",[],[],"[{""saldo"": ""29.350€""}]",[],[],[],"[{""fecha_adquisicion"": ""2022"", ""descripcion"": ""AUDI A6 ADVANT""}]",[],"[{""prestamo"": ""HIPOTECA VIVIENDA JAEN"", ""fecha_concesion"": ""18-09-2018"", ""importe_concedido"": ""190.000 €"", ""saldo_pendiente"": ""167.190,05 €""}, {""prestamo"": ""PRESTAMO MBA"", ""fecha_concesion"": ""17-10-2018"", ""importe_concedido"": ""30.242,52 €"", ""saldo_pendiente"": ""10.579,15 €""}, {""prestamo"": ""PRESTAMO COCHE"", ""fecha_concesion"": ""23-12-2022"", ""importe_concedido"": ""30.000 €"", ""saldo_pendiente"": ""26.837,05 €""}]",,40,fotos_diputados\deputy_040.jpg,Logo_partidos\deputy_0040.jpg,hemiciclo\hemi_0040_1302.gif,juan-francisco-serrano-martinez,97457.92
deputy_041_assets_000035_000_e_0000166_20230802.json,Beatriz Jiménez Linuesa,Casada,Separación de bienes,23-07-2023,02-08-2023,Diputado,Cuenca,https://www.facebook.com/beatriz.jimenezlinuesa,https://www.instagram.com/bealinuesita/,https://twitter.com/Linuesita,,[],[],[],[],14754.04,"[{""clase"": ""Vivienda rural"", ""situacion"": ""Portilla (Cuenca)"", ""fecha_adquisicion"": ""16/09/2015"", ""derecho"": ""Pleno dominio. Donación compraventa. (100%)""}, {""clase"": ""Vivienda urbana"", ""situacion"": ""Cuenca"", ""fecha_adquisicion"": ""27/11/2019"", ""derecho"": ""Pleno dominio (100%)""}, {""clase"": ""Vivienda en ruinas"", ""situacion"": ""Portilla (Cuenca)"", ""fecha_adquisicion"": ""Julio/2021"", ""derecho"": ""Pleno dominio (50%)""}]",[],[],"[{""tipo"": ""Cuenta bancaria"", ""saldo"": 46256.59}, {""tipo"": ""Otras cuentas"", ""saldo"": 10647.34}]",[],[],[],[],[],"[{""descripcion"": ""Hipoteca"", ""fecha_concesion"": ""27-11-2019"", ""importe_concedido"": 75270, ""saldo_pendiente"": 62893.74}]",,41,fotos_diputados\deputy_041.jpg,Logo_partidos\deputy_0041.jpg,hemiciclo\hemi_0041_3608.gif,beatriz-jimenez-linuesa,91261.66
deputy_042_assets_000041_000_e_0000184_20230802.json,IRENE GARRIDO VALENZUELA,CASADA,GANACIALES,23-07-2023,02-08-2023,Diputado,PONTEVEDRA,,,https://twitter.com/garridoirene1,,"[{""concepto"": ""SALARIO NETO UNIVERSIDAD DE VIGO"", ""euros"": 47268.27}]",[],[],[],16935.03,"[{""clase_y_caracteristicas"": ""VIVIENDA URBANA"", ""situacion"": ""VIGO-PONTEVEDRA"", ""fecha_adquisicion"": ""1991"", ""derecho_sobre_el_bien"": ""GANANCIAL 50%"", ""titulo_adquisicion"": ""COMPRAVENTA""}, {""clase_y_caracteristicas"": ""VIVIENDA URBANA"", ""situacion"": ""PANXON-NIGRAN-PONTEVEDRA"", ""fecha_adquisicion"": ""2022"", ""derecho_sobre_el_bien"": ""GANANCIAL 50%"", ""titulo_adquisicion"": ""COMPRAVENTA""}]",[],[],"[{""tipo"": ""CUENTA CORRIENTE"", ""saldo"": 54000}]",[],[],[],"[{""fecha_adquisicion"": ""2020"", ""descripcion"": ""JEEP COMPASS""}, {""fecha_adquisicion"": ""2022"", ""descripcion"": ""OPEL CROSSLAND""}]",[],"[{""descripcion"": ""PRESTAMO HIPOTECARIO"", ""fecha_concesion"": ""2022"", ""importe_concedido"": 140000, ""saldo_pendiente"": 131571}]",SEGURO VIDA COLEGIO ECONOMISTAS: 19.437 SEGURO ACCIDENTES COLEGIO ECONOMISTAS: 16.759 SEGURO DE VIDA AXA: 120.000 PLANPENSIONES UNIVERSIDAD DE VIGO: 9.035,42,fotos_diputados\deputy_042.jpg,Logo_partidos\deputy_0042.jpg,hemiciclo\hemi_0042_3605.gif,irene-garrido-valenzuela,91261.66
deputy_043_assets_000335_000_e_0001399_20230816.json,BELLA VERANO DOMÍNGUEZ,DIVORCIADA,,23 DE JULIO DE 2023,2 DE AGOSTO DE 2023,Diputado,HUELVA,https://www.facebook.com/BellaVeranoH,https://www.instagram.com/bellaveranodominguez/,https://twitter.com/VeranoDominguez,,"[{""procedencia"": ""JUNTA DE ANDALUCÍA-DELEGADA DEL GOBIERNO"", ""concepto"": ""Percepciones netas de tipo salarial, sueldos, honorarios, aranceles y otras retribuciones"", ""euros"": 37828.63}, {""procedencia"": ""PARLAMENTO DE ANDALUCÍA-DIPUTADA"", ""concepto"": ""Percepciones netas de tipo salarial, sueldos, honorarios, aranceles y otras retribuciones"", ""euros"": 9023.97}]",[],[],"[{""procedencia"": ""PERCEPCIÓN PLAN DE PENSIONES EMPLEADA CAIXABANK"", ""concepto"": ""OTRAS rentas o percepciones de cualquier clase"", ""euros"": 2719.5}]",15514.58,"[{""clase"": ""PISO"", ""situacion"": ""HUELVA"", ""fecha_adquisicion"": 2007, ""derecho"": ""PLENO DOMINIO"", ""titulo_adquisicion"": ""COMPRAVENTA""}, {""clase"": ""PLAZA GARAJE"", ""situacion"": ""HUELVA"", ""fecha_adquisicion"": 2007, ""derecho"": ""PLENO DOMINIO"", ""titulo_adquisicion"": ""COMPRAVENTA""}, {""clase"": ""PLAZA GARAJE"", ""situacion"": ""HUELVA"", ""fecha_adquisicion"": 2007, ""derecho"": ""PLENO DOMINIO"", ""titulo_adquisicion"": ""COMPRAVENTA""}, {""clase"": ""PLAZA GARAJE"", ""situacion"": ""HUELVA"", ""fecha_adquisicion"": 2023, ""derecho"": ""PLENO DOMINIO"", ""titulo_adquisicion"": ""COMPRAVENTA""}, {""clase"": ""VIVIENDA"", ""situacion"": ""HUELVA"", ""fecha_adquisicion"": 2006, ""derecho"": ""UNA DÉCIMA PARTE DE PLENO DOMINIO"", ""titulo_adquisicion"": ""COMPRAVENTA""}, {""clase"": ""PLAZA DE GARAJE"", ""situacion"": ""HUELVA"", ""fecha_adquisicion"": 2001, ""derecho"": ""18,86% DE NUDA PROPIEDAD"", ""titulo_adquisicion"": ""HERENCIA""}]",[],[],"[{""tipo"": ""CUENTAS CORRIENTES"", ""saldo"": 9643.66}, {""tipo"": ""PLAN DE PENSIONES"", ""saldo"": 53913.68}]",[],[],[],"[{""fecha_adquisicion"": 2008, ""descripcion"": ""VOLKSWAGEN NEW BETTLE""}, {""fecha_adquisicion"": 2023, ""descripcion"": ""SUZUKI VITARA""}]",[],"[{""descripcion"": ""HIPOTECA ADQ VIVIENDA"", ""fecha_concesion"": ""21/08/2007"", ""importe_concedido"": 195000, ""saldo_pendiente"": 73631.32}, {""descripcion"": ""PRESTAMO CONSUMO"", ""fecha_concesion"": ""10/07/2020"", ""importe_concedido"": 10732.97, ""saldo_pendiente"": 5922.25}, {""descripcion"": ""PRESTAMO CONSUMO"", ""fecha_concesion"": ""19/03/2021"", ""importe_concedido"": 26703.06, ""saldo_pendiente"": 18665.12}]","Continuación bienes patrimoniales PISO - HUELVA - 2001 - 8,33% NUDA PROPIEDAD/HERENCIA PISO - HUELVA - 2002- 16,66% NUDA PROPIEDAD/HERENCIA",43,fotos_diputados\deputy_043.jpg,Logo_partidos\deputy_0043.jpg,hemiciclo\hemi_0043_3611.gif,bella-verano-dominguez,91261.66
deputy_044_assets_000044_000_e_0000190_20230802.json,María del Socorro Cuesta Rodríguez,casada,Régimen autónomo matrimonial,23/07/2023,02/08/2023,Diputado,Segovia,https://www.facebook.com/maria.cuestarodriguez.7/,https://www.instagram.com/mariacuesta73/,https://twitter.com/mariacuesta73,,"[{""procedencia"": ""Nómina en empresa familiar P.S.C.R.,S.L."", ""concepto"": ""Percepciones netas de tipo salarial, sueldos, honorarios, aranceles y otras retribuciones"", ""euros"": 32398.24}]",[],[],[],4884.29,"[{""clase_y_caracteristicas"": ""VIVIENDA HABITUAL"", ""situacion"": ""Espirdo (Segovia)"", ""fecha_adquisicion"": ""1999"", ""derecho_sobre_el_bien"": ""PLENA PROPIEDAD 50%""}, {""clase_y_caracteristicas"": ""PISO"", ""situacion"": ""Benavente (Zamora)"", ""fecha_adquisicion"": ""1997"", ""derecho_sobre_el_bien"": ""PLENA PROPIEDAD 100%""}, {""clase_y_caracteristicas"": ""GARAJE"", ""situacion"": ""Benavente (Zamora)"", ""fecha_adquisicion"": ""1997"", ""derecho_sobre_el_bien"": ""PLENA PROPIEDAD 100%""}]",[],[],"[{""tipo"": ""CUENTAS CORRIENTES"", ""saldo"": 60000}]",[],"[{""descripcion"": ""ACCIONES EN EMPRESA FAMILIAR P.S.C.R.,S.L. 1439 PARTICIPACIONES"", ""valor"": 86483.9}]",[],"[{""fecha_adquisicion"": ""2013"", ""descripcion"": ""TURISMO OPEL ZAFIRA""}]",[],[],,44,fotos_diputados\deputy_044.jpg,Logo_partidos\deputy_0044.jpg,hemiciclo\hemi_0044_3802.gif,maria-socorro-cuesta-rodriguez,
deputy_045_assets_000037_000_e_0000170_20230802.json,Pablo Pérez Coronado,Casado,Gananciales,23/07/2023,02/08/2023,Diputado,Segovia,https://www.facebook.com/pablo.perezcoronado,https://www.instagram.com/pabloperez_sg/,https://twitter.com/pcoronado__,,"[{""procedencia"": ""Ayuntamiento de Segovia"", ""concepto"": ""Dietas"", ""euros"": 13536.25}]",[],[],[],21570.85,"[{""clase_y_caracteristicas"": ""Vivienda (25% nuda propiedad)"", ""situacion"": ""Segovia"", ""fecha_adquisicion"": ""2009"", ""derecho_sobre_el_bien"": ""Nuda Propiedad""}]",[],[],"[{""entidad"": ""Renta 4 Banco, Bankinter"", ""saldo"": 100236}]",[],[],[],"[{""fecha_adquisicion"": ""Enero 2020"", ""descripcion"": ""BMW X3""}]",[],"[{""descripcion_y_acreedor"": ""Préstamo personal"", ""fecha_concesion"": ""01/01/2022"", ""importe_concedido"": 4146.9, ""saldo_pendiente"": 691.1}]",,45,fotos_diputados\deputy_045.jpg,Logo_partidos\deputy_0045.jpg,hemiciclo\hemi_0045_3706.gif,pablo-perez-coronado,91261.66
deputy_046_assets_000036_000_e_0000169_20230802.json,ÓSCAR RAMAJO PRADA,DIVORCIADO,,23 DE JULIO DE 2023,02/08/2023,Diputado,ZAMORA,https://www.facebook.com/OscarRamajoPradaRamis,https://www.instagram.com/oscarramajopradaramis/,https://twitter.com/oscarramis,,"[{""procedencia"": ""Percepciones netas de tipo salarial, sueldos, honorarios, aranceles y otras retribuciones"", ""concepto"": ""Sueldo como funcionario interino en la Delegación Territorial de la Junta de Castilla y León de Salamanca"", ""euros"": ""32.426 €""}]",[],[],[],5580.0,"[{""clase"": ""PISO"", ""situacion"": ""ZAMORA"", ""fecha_adquisicion"": ""18/06/2021"", ""derecho"": ""PLENO DOMINIO"", ""titulo_adquisicion"": ""COMPRA-VENTA""}]",[],[],"[{""tipo"": ""Depósitos en cuentas corrientes"", ""saldo"": ""1.976 €"", ""fecha"": ""01/08/2023""}]",[],[],[],[],"[{""descripcion"": ""Plan de Pensiones en Caja Laboral"", ""valor"": ""2.974 €""}]",[],,46,fotos_diputados\deputy_046.jpg,Logo_partidos\deputy_0046.jpg,hemiciclo\hemi_0046_3810.gif,oscar-ramajo-prada,85645.7
deputy_047_assets_000043_000_e_0000189_20230802.json,Cristina Teniente Sánchez,Divorciada,,23 julio 2023,2 agosto 2023,Diputado,Cáceres,,,,,"[{""procedencia"": ""Diputada Asamblea de Extremadura"", ""concepto"": ""Percepciones netas de tipo salarial, sueldos, honorarios, aranceles y otras retribuciones"", ""euros"": ""59.506,20""}]",[],[],[],15502.02,"[{""clase"": ""Vivienda"", ""situacion"": ""Cáceres"", ""fecha_adquisicion"": ""2004"", ""derecho"": ""pleno dominio"", ""titulo"": ""compraventa""}, {""clase"": ""Plaza de Garaje"", ""situacion"": ""Cáceres"", ""fecha_adquisicion"": ""2004"", ""derecho"": ""pleno dominio"", ""titulo"": ""compraventa""}]",[],[],"[{""tipo"": ""Cuentas corrientes"", ""saldo"": ""6.550,76""}]",[],[],[],[],"[{""descripcion"": ""Plan de pensiones"", ""valor"": ""5.446,42""}]","[{""descripcion"": ""Préstamo hipotecario"", ""fecha_concesion"": ""2004"", ""importe_concedido"": ""186.300"", ""saldo_pendiente"": ""106.299""}, {""descripcion"": ""Préstamo personal"", ""fecha_concesion"": ""2019"", ""importe_concedido"": ""4.000"", ""saldo_pendiente"": ""1.554""}]",,47,fotos_diputados\deputy_047.jpg,Logo_partidos\deputy_0047.jpg,hemiciclo\hemi_0047_5701.gif,cristina-teniente-sanchez,
deputy_048_assets_000042_000_e_0000186_20230802.json,MARIA MACARENA LORENTE ANAYA,CASADA,BIENES GANANCIALES,23 JULIO 2023,02 AGOSTO 2023,Diputado,CADIZ,,,,,"[{""concepto"": ""AYUNTAMIENTO DE ROTA"", ""euros"": ""14.200,00€""}, {""concepto"": ""HONORARIOS PROFESIONALES ABOGADA"", ""euros"": ""4.017,00 €""}]",[],[],[],,"[{""clase"": ""VIVIENDA HABITUAL AISLADA"", ""situacion"": ""CADIZ"", ""fecha_adquisicion"": ""17/12/2021"", ""derecho"": ""PROPIEDAD GANACIAL"", ""titulo"": ""ESCRITURA DE OBRA NUEVA""}, {""clase"": ""LOCAL COMERCIAL, OFICINA"", ""situacion"": ""CADIZ"", ""fecha_adquisicion"": ""23/03/2004"", ""derecho"": ""PROPIEDAD GANANCIAL"", ""titulo"": ""COMPRAVENTA""}, {""clase"": ""APARTAMENTO"", ""situacion"": ""CADIZ"", ""fecha_adquisicion"": ""04/05/2018"", ""derecho"": ""PROPIEDAD GANANCIAL"", ""titulo"": ""COMPRAVENTA""}, {""clase"": ""GARAJE DE MOTO"", ""situacion"": ""CADIZ"", ""fecha_adquisicion"": ""04/05/2018"", ""derecho"": ""PROPIEDAD GANANCIAL"", ""titulo"": ""COMPRAVENTA""}]",[],[],"[{""tipo"": ""CUENTAS CORRIENTES EN ENTIDADES BANCARIAS"", ""saldo"": ""27.924,07 €""}]",[],[],[],"[{""fecha_adquisicion"": ""30/03/2005"", ""descripcion"": ""HONDA CIVIC""}]",[],"[{""descripcion"": ""PRESTAMO HIPOTECARIO BANCO SANTANDER"", ""fecha_concesion"": ""17/12/2021"", ""importe_concedido"": ""259.850,00"", ""saldo_pendiente"": ""253.681,47""}, {""descripcion"": ""PRESTAMO PERSONAL COCINA"", ""fecha_concesion"": ""10/08/2023"", ""importe_concedido"": ""12.000"", ""saldo_pendiente"": ""11.000""}, {""descripcion"": ""Existe una deuda próxima a vencimiento de 8.500€ que se corresponden con retenciones de obra a devolver al contratista ELITTE CONSTRUCCIONES SL si no existen vicios o defectos constructivos. Vencimiento Agosto 2.023.""}]","EN CUANTO A LOS DEPOSITOS EN CUENTAS CORRIENTES BANCARIAS SE QUIERE EXPONER QUE UNA DE LAS CUENTAS BANCARIAS ES DE TRIPLE TITULARIDAD (CON MADRE Y HERMANA) POR LO QUE SE HA HECHO CONSTAR SOLO UN TERCIO DEL VALOR DE DICHA CUENTA. EL RESTO DE CUENTAS BANCARIAS SON BIENES GANANCIALES Y SE HA HECHO CONSTAR EL VALOR NOMINAL COMPLETO. EN EL APARTADO VEHÍCULOS, TAMBIEN SE DISPONE DE UN VEHÍCULO AUDI Q2 EN RÉGIMEN DE RENTING. SI BIEN EL CONTRATO ESTÁ PRÓXIMO A VENCIMIENTO (SEPTIEMBRE 23)",48,fotos_diputados\deputy_048.jpg,Logo_partidos\deputy_0048.jpg,hemiciclo\hemi_0048_3813.gif,maria-macarena-lorente-anaya,
deputy_049_assets_000038_000_e_0000175_20230802.json,MARÍA ISABEL GARCÍA LÓPEZ,CASADA,GANANCIALES,23 DE JULIO DE 2023,2 DE AGOSTO DE 2023,Diputado,BADAJOZ,,,,,"[{""procedencia"": ""TRIENIOS CUERPO DE MAESTROS - CONSEJERÍA DE EDUCACIÓN Y EMPLEO - JUNTA DE EXTREMADURA"", ""concepto"": ""Percepciones netas de tipo salarial, sueldos, honorarios, aranceles y otras retribuciones"", ""euros"": 1892.64}]",[],[],[],13997.78,"[{""clase"": ""VIVIENDA"", ""porcentaje"": 50, ""situacion"": ""BADAJOZ"", ""fecha_adquisicion"": 2001, ""derecho"": ""GANANCIAL"", ""titulo"": ""COMPRAVENTA""}, {""clase"": ""GARAJES"", ""porcentaje"": 50, ""cantidad"": 2, ""situacion"": ""BADAJOZ"", ""fecha_adquisicion"": 2001, ""derecho"": ""GANANCIAL"", ""titulo"": ""COMPRAVENTA""}, {""clase"": ""TRASTEROS"", ""porcentaje"": 50, ""cantidad"": 2, ""situacion"": ""BADAJOZ"", ""fecha_adquisicion"": 2001, ""derecho"": ""GANANCIAL"", ""titulo"": ""COMPRAVENTA""}]",[],[],"[{""tipo"": ""CUENTA CORRIENTE"", ""saldo"": 10631.78}, {""tipo"": ""CUENTA CORRIENTE"", ""porcentaje"": 50, ""saldo"": 1750.23}]",[],[],[],[],"[{""descripcion"": ""PLAN DE PENSIONES"", ""valor"": 13628.03}]","[{""tipo"": ""HIPOTECA"", ""porcentaje"": 50, ""fecha_concesion"": 2005, ""importe_concedido"": 80000, ""saldo_pendiente"": 37983.19}, {""tipo"": ""PERSONAL"", ""porcentaje"": 50, ""fecha_concesion"": 2021, ""importe_concedido"": 35000, ""saldo_pendiente"": 13558.5}]",,49,fotos_diputados\deputy_049.jpg,Logo_partidos\deputy_0049.jpg,hemiciclo\hemi_0049_1206.gif,maria-isabel-garcia-lopez,
deputy_050_assets_000040_000_e_0000181_20230802.json,RAÚL DÍAZ MARÍN,SOLTERO,,23 JULIO 2023,2 AGOSTO 2023,Diputado,COMUNIDAD AUTÓNOMA DE LA RIOJA,,https://www.instagram.com/rauldiaz_,https://twitter.com/rauldiaz_,,"[{""procedencia"": ""PARLAMENTO DE LA RIOJA"", ""concepto"": ""retribución bruta anual"", ""euros"": ""56.165,64€""}, {""procedencia"": ""PARLAMENTO DE LA RIOJA"", ""concepto"": ""indemnización gastos viaje y desplazamiento"", ""euros"": ""11.233,44€""}]",[],[],[],13800.14,[],[],[],"[{""entidad"": ""IBERCAJA"", ""saldo"": ""121.000""}]",[],[],[],"[{""fecha_adquisicion"": ""DICIEMBRE 2019"", ""descripcion"": ""VOLVO XC40""}]",[],[],,50,fotos_diputados\deputy_050.jpg,Logo_partidos\deputy_0050.jpg,hemiciclo\hemi_0050_1802.gif,raul-diaz-marin,91261.66
deputy_050_assets_000040_001_e_0073129_20250617.json,RAÚL DÍAZ MARÍN,SOLTERO,,23 de julio de 2023,2 de agosto de 2023,Diputado,LA RIOJA,,https://www.instagram.com/rauldiaz_,https://twitter.com/rauldiaz_,,[],[],[],[],14343.17,"[{""clase_y_caracteristicas"": ""Vivienda"", ""situacion"": ""La Rioja"", ""fecha_adquisicion"": ""2025"", ""derecho_sobre_el_bien_y_titulo_adquisicion"": ""Pleno dominio, compra-venta""}]",[],[],"[{""saldo"": ""60.000""}]","[{""descripcion"": ""ZINIO BODEGAS, SCL"", ""valor"": ""2241,15""}]",[],[],"[{""fecha_adquisicion"": ""2019"", ""descripcion"": ""VOLVO""}]",[],"[{""prestamos_descripcion_y_acreedor"": ""Préstamo hipotecario, lbercaja"", ""fecha_concesion"": ""14-1-2025"", ""importe_concedido"": ""120.000"", ""saldo_pendiente"": ""117.450""}]",Se modifica la declaración inicial por adquisición de vivienda a través de préstamo hipotecario.,50,fotos_diputados\deputy_050.jpg,Logo_partidos\deputy_0050.jpg,hemiciclo\hemi_0050_1802.gif,raul-diaz-marin,91261.66
deputy_051_assets_000045_000_e_0000194_20230802.json,Patricia Rodríguez Calleja,Casada,Gananciales,23-07-2023,02-08-2023,Diputado,Ávila,,,https://twitter.com/RodrguezCall,,"[{""procedencia"": ""Grupo Parlamentario Popular en el Senado"", ""concepto"": ""Percepciones netas de tipo salarial, sueldos, honorarios, aranceles y otras retribuciones"", ""euros"": 2022.15}]",[],[],[],,"[{""clase_y_caracteristicas"": ""Vivienda con plaza de garaje"", ""situacion"": ""Ávila"", ""fecha_adquisicion"": ""26-06-2007"", ""derecho_sobre_el_bien"": ""Pleno dominio"", ""titulo_adquisicion"": ""compraventa""}, {""clase_y_caracteristicas"": ""1/3 vivienda"", ""situacion"": ""Ávila"", ""fecha_adquisicion"": ""10-05-90"", ""derecho_sobre_el_bien"": ""Pleno Dominio"", ""titulo_adquisicion"": ""Herencia""}, {""clase_y_caracteristicas"": ""1/3 local comercial"", ""situacion"": ""Ávila"", ""fecha_adquisicion"": ""10-05-90"", ""derecho_sobre_el_bien"": ""Pleno Dominio"", ""titulo_adquisicion"": ""Herencia""}, {""clase_y_caracteristicas"": ""1/3 vivienda"", ""situacion"": ""Tavernes de la Valldigna"", ""fecha_adquisicion"": ""10-05-90"", ""derecho_sobre_el_bien"": ""Pleno Dominio"", ""titulo_adquisicion"": ""Herencia""}]",[],[],"[{""tipo"": ""2 cuentas corrientes"", ""saldo"": 152340.04}]",[],[],[],[],"[{""descripcion"": ""2 seguros de ahorro"", ""valor"": 9040}, {""descripcion"": ""seguro de vida"", ""valor"": 10000}, {""descripcion"": ""Fondos de Inversión"", ""valor"": 17720.31}]","[{""descripcion"": ""préstamo hipotecario concedido por ABanca"", ""fecha_concesion"": ""26-06-07"", ""importe_concedido"": 190000, ""saldo_pendiente"": 141436}]",,51,fotos_diputados\deputy_051.jpg,Logo_partidos\deputy_0051.jpg,hemiciclo\hemi_0051_3506.gif,patricia-rodriguez-calleja,91261.66
deputy_052_assets_000046_000_e_0000200_20230802.json,Juan José Aizcorbe Torra,Casado,Separación de bienes,23 de Julio de 2023,2 de Agosto 2023,Diputado,,,,https://twitter.com/JuanjoAizcorbe,,"[{""concepto"": ""Rendimiento percepción neta por actividad por cuenta propia y ajena"", ""euros"": ""62.027,04""}]",[],[],[],36263.44,"[{""clase_y_caracteristicas"": ""VIVIENDA"", ""situacion"": ""GERONA"", ""fecha_adquisicion"": ""24 JULIO 2019"", ""derecho_sobre_el_bien_y_titulo_adquisicion"": ""Proindiviso. Compraventa.""}]","[{""clase_y_caracteristicas"": ""Vivienda unifamiliar. Tierra cultivo y bosque"", ""situacion"": ""LÉRIDA"", ""fecha_adquisicion"": ""Donación 31-10-2005 Obra nueva 23-06-07"", ""derecho_sobre_el_bien_y_titulo_adquisicion"": ""Nuda propiedad. Obra nueva, proindiviso.""}]",[],"[{""saldo"": ""8.131,86""}]","[{""descripcion"": ""BASE CONCURSAL SLP. Valor nominal constitución"", ""valor"": ""600 €""}]","[{""descripcion"": ""HISPALEX IURIS (Sin actividad). Valor teórico."", ""valor"": ""39.182,90 €""}, {""descripcion"": ""AIZCORBE ABOGADOS S.L. (Sin actividad). Valor teórico"", ""valor"": ""24.043,98 €""}]",[],"[{""fecha_adquisicion"": ""20-07-2011"", ""descripcion"": ""VOLVO XC70 2400 D5 AWD MOMENTUM AUT.""}, {""fecha_adquisicion"": ""03-01-2007"", ""descripcion"": ""HONDA SH CONFORT""}, {""fecha_adquisicion"": ""05-12-2017"", ""descripcion"": ""VOLKSWAGEN POLO SPORT 10 TSI AW14 LV 5P""}]","[{""descripcion"": ""PLAN DE PENSIONES PROFESIONAL MUTUALIDAD DE LA ABOGACIA"", ""valor"": ""1.490,30 €""}, {""descripcion"": ""FONDO DE PENSIONES. Pensions Caixa Tendencias, F.P."", ""valor"": ""9.636,11 €""}]","[{""descripcion_y_acreedor"": ""PRESTAMO HIPOTECARIO BANKINTER"", ""fecha_concesion"": ""09-19-2019"", ""importe_concedido"": ""70.000 €"", ""saldo_pendiente"": ""58.841,61 €""}, {""descripcion_y_acreedor"": ""PRESTAMO HIPOTECARIO BIIVA"", ""fecha_concesion"": ""29-11-2006"", ""importe_concedido"": ""60.000 €"", ""saldo_pendiente"": ""28.995,74 €""}, {""descripcion_y_acreedor"": ""PRESTAMO AUTOPROMOTOR"", ""fecha_concesion"": ""29-11-2006"", ""importe_concedido"": ""149.000 €"", ""saldo_pendiente"": ""70.250,36 €""}, {""descripcion_y_acreedor"": ""PRESTAMO AUTOPROMOTOR"", ""fecha_concesion"": ""29-11-2006"", ""importe_concedido"": ""50.000 €"", ""saldo_pendiente"": ""24.116,07 €""}, {""descripcion_y_acreedor"": ""MULTI CREDITO"", ""fecha_concesion"": ""29-11-2006"", ""importe_concedido"": ""10.500 €"", ""saldo_pendiente"": ""5.080,94 €""}]",,52,fotos_diputados\deputy_052.jpg,Logo_partidos\deputy_0052.jpg,hemiciclo\hemi_0052_2613.gif,juan-jose-aizcorbe-torra,91261.66
deputy_053_assets_000094_000_e_0000393_20230803.json,José María SÁNCHEZ GARCÍA,Casado,Separación de bienes,23 de julio de 2023,2 agosto 2023,Diputado,Alicante,,,,,"[{""concepto"": ""Retribución diputado al Congreso"", ""euros"": ""58.590,28 (más indemnización)""}, {""concepto"": ""Trienios/antigüedad Catedrático Universidad de Sevilla"", ""euros"": ""6.402,80""}, {""concepto"": ""Retribución Profesor Universidad CEU-San Pablo"", ""euros"": ""2.280,86""}, {""concepto"": ""Abogacía"", ""euros"": ""2.961,54""}]","[{""concepto"": ""C.P. explotación hotelera"", ""euros"": ""5.669,55""}]","[{""concepto"": ""Rendimiento depósitos"", ""euros"": ""173,19""}]",[],8033.73,"[{""clase"": ""Piso"", ""situacion"": ""Madrid"", ""fecha_adquisicion"": ""1989"", ""derecho"": ""50% pleno dominio (PD). Compraventa (CV).""}, {""clase"": ""Piso"", ""situacion"": ""Madrid"", ""fecha_adquisicion"": ""1998"", ""derecho"": ""100% PD. CV.""}, {""clase"": ""Piso"", ""situacion"": ""Madrid"", ""fecha_adquisicion"": ""2005"", ""derecho"": ""50% PD. Herencia (Hª).""}, {""clase"": ""Estudio"", ""situacion"": ""Madrid"", ""fecha_adquisicion"": ""2005"", ""derecho"": ""50% PD. Hª.""}, {""clase"": ""Local comercial"", ""situacion"": ""Madrid"", ""fecha_adquisicion"": ""1989"", ""derecho"": ""50% PD. CV.""}, {""clase"": ""Local comercial"", ""situacion"": ""Madrid"", ""fecha_adquisicion"": ""2005"", ""derecho"": ""50% PD. Hª.""}, {""clase"": ""Plaza aparcamiento"", ""situacion"": ""Madrid"", ""derecho"": ""50% PD. Hª.""}, {""clase"": ""Plaza aparcamiento"", ""situacion"": ""Madrid"", ""derecho"": ""50% PD. CV.""}, {""clase"": ""Plaza aparcamiento"", ""situacion"": ""Madrid"", ""derecho"": ""50% PD. Hª.""}, {""clase"": ""Estudio"", ""situacion"": ""Alicante"", ""fecha_adquisicion"": ""2005 y 2021"", ""derecho"": ""100% PD. 25% Hª y 75% liquidación pro indiviso.""}, {""clase"": ""Piso"", ""situacion"": ""La Coruña"", ""fecha_adquisicion"": ""2018"", ""derecho"": ""50% PD. CV.""}, {""clase"": ""Casa"", ""situacion"": ""La Coruña"", ""fecha_adquisicion"": ""2019"", ""derecho"": ""100% PD. CV.""}]","[{""clase"": ""Finca rústica"", ""situacion"": ""Huelva"", ""fecha_adquisicion"": ""2013"", ""derecho"": ""100% PD. CV.""}]",[],"[{""tipo"": ""Cuentas corrientes y financieras"", ""saldo"": ""694.413,48""}]","[{""descripcion"": ""Participación en Sociedad de estudios jurídicos José María Sánchez y abogados asociados, S.L."", ""valor"": ""78.384,44""}]",[],[],"[{""fecha_adquisicion"": ""1994"", ""descripcion"": ""Lincoln Mark VIII""}, {""fecha_adquisicion"": ""2003"", ""descripcion"": ""Toyota Avensis SW""}, {""fecha_adquisicion"": ""2007"", ""descripcion"": ""Fiat Punto""}, {""fecha_adquisicion"": ""2018"", ""descripcion"": ""Subaru Impreza""}]",[],"[{""prestamo"": ""Hipotecario - Bankinter"", ""fecha_concesion"": ""2019"", ""importe_concedido"": ""150.000"", ""saldo_pendiente"": ""119.139,94""}, {""prestamo"": ""Deuda con Sociedad de estudios jurídicos José María Sánchez y abogados asociados, S.L."", ""saldo_pendiente"": ""78.384,44""}]",Abreviaturas utilizadas. Pleno dominio: PD Compraventa: CV Herencia: Hª,53,fotos_diputados\deputy_053.jpg,Logo_partidos\deputy_0053.jpg,hemiciclo\hemi_0053_2607.gif,jose-maria-sanchez-garcia,91261.66
deputy_054_assets_000051_000_e_0000225_20230803.json,ARTEMI RALLO LOMBARTE,DIVORCIADO,,23 JULIO 2023,3 AGOSTO 2023,Senador,,https://www.facebook.com/profile.php?id=100010712202757,,https://twitter.com/ralloartemi,,[],"[{""concepto"": ""DIVIDENDOS"", ""euros"": 1796.44}]","[{""concepto"": ""INTERESES"", ""euros"": 0.56}]","[{""concepto"": ""Rendimientos de capital inmobiliario en régimen de atribución de rentas"", ""euros"": 2428.75}]",17521.61,"[{""clase"": ""Vivienda"", ""situacion"": ""Castellón"", ""fecha_adquisicion"": ""1993"", ""derecho"": ""Pleno dominio"", ""titulo"": ""Compraventa""}, {""clase"": ""Piso"", ""situacion"": ""Castellón"", ""fecha_adquisicion"": ""2010"", ""derecho"": ""Titularidad parcial"", ""titulo"": ""Herencia""}, {""clase"": ""Piso"", ""situacion"": ""Castellón"", ""fecha_adquisicion"": ""2019"", ""derecho"": ""Titularidad parcial"", ""titulo"": ""Herencia""}, {""clase"": ""Plaza aparcamiento"", ""situacion"": ""Castellón"", ""fecha_adquisicion"": ""2010"", ""derecho"": ""Titularidad parcial"", ""titulo"": ""Herencia""}, {""clase"": ""Trastero"", ""situacion"": ""Castellón"", ""fecha_adquisicion"": ""2010"", ""derecho"": ""Titularidad parcial"", ""titulo"": ""Herencia""}, {""clase"": ""Plaza aparcamiento"", ""situacion"": ""Castellón"", ""fecha_adquisicion"": ""1993"", ""derecho"": ""Pleno dominio"", ""titulo"": ""Compraventa""}, {""clase"": ""Trastero"", ""situacion"": ""Castellón"", ""fecha_adquisicion"": ""1993"", ""derecho"": ""Pleno dominio"", ""titulo"": ""Compraventa""}, {""clase"": ""Piso"", ""situacion"": ""Madrid"", ""fecha_adquisicion"": ""2018"", ""derecho"": ""Pleno dominio"", ""titulo"": ""Compraventa""}]","[{""clase"": ""Terreno rústico"", ""situacion"": ""Terreno rústico"", ""fecha_adquisicion"": ""2010"", ""derecho"": ""Titularidad parcial"", ""titulo"": ""Herencia""}]",[],"[{""tipo"": ""Cuentas corrientes y de ahorro"", ""saldo"": 107849.07, ""fecha"": ""31-7-2023""}]",[],"[{""descripcion"": ""7180 Acciones Banco Santander"", ""valor"": 26566.0, ""fecha"": ""31-7-23""}, {""descripcion"": ""4266 Acciones Telefónica"", ""valor"": 16658.73, ""fecha"": ""31-7-23""}, {""descripcion"": ""730 Acciones Iberdrola"", ""valor"": 8343.9, ""fecha"": ""31-7-23""}, {""descripcion"": ""176 Acciones Endesa"", ""valor"": 3436.4, ""fecha"": ""31-7-23""}, {""descripcion"": ""510 Acciones Ercros"", ""valor"": 1634.55, ""fecha"": ""31-7-23""}, {""descripcion"": ""163 Acciones Atresmedia"", ""valor"": 610.92, ""fecha"": ""31-7-23""}, {""descripcion"": ""252 Acciones Siemens Gamesa"", ""valor"": 648.12, ""fecha"": ""31-7-23""}, {""descripcion"": ""PECSA"", ""valor"": 5228.0, ""fecha"": ""31-7-23""}, {""descripcion"": ""Comunicación dels Ports"", ""valor"": 92.0, ""fecha"": ""31-7-23""}, {""descripcion"": ""Cams de Morella"", ""valor"": 200.0, ""fecha"": ""31-7-23""}]",[],"[{""fecha_adquisicion"": ""2022"", ""descripcion"": ""Vehículo Volkswagen T-Cross""}]","[{""descripcion"": ""Planes de pensiones"", ""valor"": 1545.96}, {""descripcion"": ""Microcréditos PSPV-PSOE"", ""valor"": 1000.0}]",[],,54,fotos_diputados\deputy_054.jpg,Logo_partidos\deputy_0054.jpg,hemiciclo\hemi_0054_1413.gif,artemi-rallo-lombarte,91261.66
deputy_055_assets_000054_000_e_0000235_20230803.json,Carlos Floriano Corrales,Casado,Gananciales,23 de julio de 2023,,Diputado,Cáceres,,,,,[],[],[],[],26397.16,"[{""clase_y_caracteristicas"": ""Vivienda habitual. Dos plazas de garaje y un trastero."", ""situacion"": ""Cáceres"", ""fecha_adquisicion"": ""2007"", ""derecho_sobre_el_bien"": ""Pleno Dominio"", ""titulo_adquisicion"": ""Compraventa""}, {""clase_y_caracteristicas"": ""Vivienda. Una plaza de garaje y un trastero."", ""situacion"": ""Cádiz"", ""fecha_adquisicion"": ""2003"", ""derecho_sobre_el_bien"": ""Pleno Dominio"", ""titulo_adquisicion"": ""Compraventa""}]",[],[],"[{""descripcion"": ""Seis cuentas bancarias"", ""saldo"": 45275.67}]","[{""descripcion"": ""150 acciones del sector farmacéutico"", ""valor"": 2100}, {""descripcion"": ""100 acciones del sector industrial"", ""valor"": 996.06}]",[],[],"[{""fecha_adquisicion"": ""2011"", ""descripcion"": ""BMW Serie 5""}]","[{""descripcion"": ""Planes de Pensiones"", ""valor"": 52586.63}, {""descripcion"": ""Renta Fija"", ""valor"": 39617.6}, {""descripcion"": ""Plan de Pensión suscrito con las cortes generales"", ""valor"": 24000}]","[{""descripcion"": ""Hipoteca"", ""fecha_concesion"": ""10-9-2010"", ""importe_concedido"": 130000, ""saldo_pendiente"": 66787.44}]",El plan de pensiones de las Cortes Generales ha quedado en suspenso y la cantidad consignada en esta declaración es aproximada.,55,fotos_diputados\deputy_055.jpg,Logo_partidos\deputy_0055.jpg,hemiciclo\hemi_0055_3615.gif,carlos-floriano-corrales,
deputy_056_assets_000049_000_e_0000214_20230803.json,"Planas Puchades, Luis",Casado,Gananciales,23.07.2023,,Diputado,,,,,,"[{""concepto"": ""Ministro de Agricultura, Pesca y Alimentación"", ""euros"": 76355.28}, {""concepto"": ""Trienios (hasta noviembre 2022)"", ""euros"": 4346.24}]",[],"[{""concepto"": null, ""euros"": 8.24}]","[{""concepto"": ""Pensión Comisión Europea"", ""euros"": 45477.42}, {""concepto"": ""Fondo voluntario pensiones Parlamento Europeo"", ""euros"": 18496.94}]",26468.14,"[{""clase"": ""Vivienda"", ""situacion"": ""Córdoba"", ""fecha_adquisicion"": ""1994"", ""derecho"": ""Pleno dominio (50%)"", ""titulo"": ""Compra-venta""}, {""clase"": ""Plaza de garaje"", ""situacion"": ""Córdoba"", ""fecha_adquisicion"": ""1994"", ""derecho"": ""Pleno dominio (50%)"", ""titulo"": ""Compra-venta""}, {""clase"": ""Vivienda"", ""situacion"": ""Málaga"", ""fecha_adquisicion"": ""1990"", ""derecho"": ""Pleno dominio (50%)"", ""titulo"": ""Compra-venta""}, {""clase"": ""Apartamento"", ""situacion"": ""Madrid"", ""fecha_adquisicion"": ""2014"", ""derecho"": ""Pleno dominio (50%)"", ""titulo"": ""Compra-venta""}, {""clase"": ""Apartamento"", ""situacion"": ""Marruecos"", ""fecha_adquisicion"": ""2007"", ""derecho"": ""Pleno dominio (50%)"", ""titulo"": ""Compra-venta""}, {""clase"": ""Vivienda"", ""situacion"": ""Córdoba"", ""fecha_adquisicion"": ""2015"", ""derecho"": ""Pleno dominio (50%)"", ""titulo"": ""Compra-venta""}]","[{""clase"": ""Terreno de secano"", ""situacion"": ""Córdoba"", ""fecha_adquisicion"": ""2015"", ""derecho"": ""Pleno dominio (50%)"", ""titulo"": ""Compra-venta""}]",[],"[{""descripcion"": ""Dos cuentas corrientes"", ""saldo"": 35505.91}]",[],[],[],"[{""fecha_adquisicion"": ""2011"", ""descripcion"": ""Volvo S60""}]",[],[],,56,fotos_diputados\deputy_056.jpg,Logo_partidos\deputy_0056.jpg,,"planas-puchades,-luis",
deputy_056_assets_000049_002_e_0006674_20231220.json,LUIS PLANAS PUCHADES,CASADO,GANANCIALES,23 julio 2023,3 agosto 2023,Diputado,CÓRDOBA,,,,,[],[],[],[],,[],[],[],[],[],[],[],[],[],[],DECLARACIÓN FINAL POR CESE. ME REMITO A MI ULTIMA DECLARACIÓN PRESENTADA. Me remito en todos los apartados no cumplimentados a las declaraciones presentadas con anterioridad.,56,fotos_diputados\deputy_056.jpg,Logo_partidos\deputy_0056.jpg,,luis-planas-puchades,81793.8
deputy_057_assets_000047_000_e_0000210_20230803.json,SANTOS CERDÁN LEÓN,CASADO,GANANCIALES,23 DE JULIO DE 2023,03 DE AGOSTO DE 2023,,NAVARRA,,,,,[],[],[],[],15728.79,"[{""clase_y_caracteristicas"": ""VIVIENDA"", ""situacion"": ""NAVARRA"", ""fecha_adquisicion"": ""1994"", ""derecho_sobre_el_bien"": ""GANANCIALES"", ""titulo_adquisicion"": ""COMPRAVENTA""}]",[],[],"[{""tipo"": ""LIBRETA DE AHORRO"", ""saldo"": 55320}]",[],[],[],"[{""fecha_adquisicion"": ""05/05/2023"", ""descripcion"": ""VOLVO XC60 T6""}]",[],"[{""descripcion"": ""PRESTAMO HIPOTECARIO"", ""fecha_concesion"": ""17/11/2003"", ""importe_concedido"": 53218, ""saldo_pendiente"": 24200}, {""descripcion"": ""PRESTAMO VOLVO"", ""fecha_concesion"": ""05/05/2023"", ""importe_concedido"": 19200, ""saldo_pendiente"": 18700}]",,57,fotos_diputados\deputy_057.jpg,Logo_partidos\deputy_0057.jpg,,santos-cerdan-leon,71897.0
deputy_057_assets_000047_002_e_0073705_20250620.json,SANTOS CERDAN LEON,CASADO,GANACIALES,23 DE JULIO DE 2023,03 DE AGOSTO DE 2023,Diputado,NAVARRA,,,,,"[{""concepto"": ""NOMINA. BASE LIQUIDABLE"", ""euros"": ""79.184,07 €""}]",[],[],[],26237.24,"[{""clase_y_caracteristicas"": ""VIVIENDA"", ""situacion"": ""NAVARRA"", ""fecha_adquisicion"": ""1994"", ""derecho_sobre_el_bien"": ""GANANCIALES PLENO DOMINIO"", ""titulo_adquisicion"": ""COMPRAVENTA""}]",[],[],"[{""tipo"": ""LIBRETA DE AHORRO"", ""saldo"": ""47.000 €""}]",[],[],[],"[{""fecha_adquisicion"": ""05/05/2023"", ""descripcion"": ""VOLVO XC60 T6""}]",[],"[{""descripcion_y_acreedor"": ""PRESTAMO HIPOTECARIO"", ""fecha_concesion"": ""17/11/2003"", ""importe_concedido"": ""53218"", ""saldo_pendiente"": ""18450""}, {""descripcion_y_acreedor"": ""PRESTAMO VOLVO"", ""fecha_concesion"": ""05/05/2023"", ""importe_concedido"": ""19200"", ""saldo_pendiente"": ""10100""}]",,57,fotos_diputados\deputy_057.jpg,Logo_partidos\deputy_0057.jpg,,santos-cerdan-leon,71897.0
deputy_058_assets_000048_000_e_0000212_20230803.json,SUSANA ROS MARTÍNEZ,CASADA,BIENES GANANCIALES,23 Julio de 2023,3 de Agosto de 2023,Diputado,,https://www.facebook.com/susanarosmartinez,https://www.instagram.com/ros_susana_/,https://twitter.com/susana_ros,,"[{""procedencia"": ""CONGRESO DE LOS DIPUTADOS"", ""concepto"": ""Percepciones netas de tipo salarial, sueldos, honorarios, aranceles y otras retribuciones"", ""euros"": ""72.382,56""}]",[],[],[],20721.1,"[{""clase"": ""VIVIENDA"", ""situacion"": ""CASTELLÓN"", ""fecha_adquisicion"": ""27/12/2001"", ""derecho"": ""GANANCIALES""}]",[],[],"[{""descripcion"": ""TRES CUENTAS CORRIENTES EN DIFERENTES ENTIDADES BANCARIAS"", ""saldo"": ""216.700""}]",[],[],[],"[{""fecha_adquisicion"": ""2014"", ""descripcion"": ""VEHÍCULO RANGE ROVER""}, {""fecha_adquisicion"": ""2018"", ""descripcion"": ""MOTOCICLETA HARLEY""}, {""fecha_adquisicion"": ""2018"", ""descripcion"": ""VEHÍCULO SEAT IBIZA""}]","[{""descripcion"": ""PLANES DE PENSIONES"", ""valor"": ""14.525,34""}, {""descripcion"": ""MICROCRÉDITOS PSOE"", ""valor"": ""3.000""}]","[{""prestamo"": ""VIVIENDA BANCO SABADELL"", ""fecha_concesion"": ""20/12/2001"", ""importe_concedido"": ""102.172,06"", ""saldo_pendiente"": ""6.455""}]",,58,fotos_diputados\deputy_058.jpg,Logo_partidos\deputy_0058.jpg,hemiciclo\hemi_0058_1308.gif,susana-ros-martinez,97457.92
deputy_059_assets_000053_000_e_0000233_20230803.json,Antonio Román Jasanada,Casado,Gananciales,23 de Julio de 2023,3 de agosto de 2023,,,https://www.facebook.com/antonio.roman.3154284,,https://twitter.com/AntonioRomanJ,,"[{""procedencia"": ""Grupo Parlamentario Popular Senado"", ""concepto"": null, ""euros"": 15109.08}, {""procedencia"": ""SESCAM (antigüedad/trienios)"", ""concepto"": null, ""euros"": 6245.78}, {""procedencia"": ""Actividad Médica profesional (actividad cuenta propia)"", ""concepto"": null, ""euros"": 27968.17}]",[],"[{""procedencia"": null, ""concepto"": ""Rendimientos capital mobiliario"", ""euros"": 8.71}, {""procedencia"": null, ""concepto"": ""Rendimiento neto arrendamiento inmuebles"", ""euros"": 1180.72}]",[],43729.74,"[{""clase_y_caracteristicas"": ""Vivienda unifamiliar aislada. Urbana"", ""situacion"": ""Guadalajara"", ""fecha_adquisicion"": ""2002"", ""derecho_sobre_el_bien"": ""50% participación. Bien ganancial. Obra nueva""}, {""clase_y_caracteristicas"": ""Piso. Urbano"", ""situacion"": ""Yebes (Guadalajara)"", ""fecha_adquisicion"": ""2020"", ""derecho_sobre_el_bien"": ""50% participación. Ganancial. Nuda Propiedad. Compraventa""}, {""clase_y_caracteristicas"": ""Vivienda unifamiliar aislada. Urbana"", ""situacion"": ""Chiloeches (Guadalajara)"", ""fecha_adquisicion"": ""2022"", ""derecho_sobre_el_bien"": ""16,66% participación. Privativo. Herencia""}]","[{""clase_y_caracteristicas"": ""Terreno Rústico. 1380 m2"", ""situacion"": ""Cabanillas del campo (Guadalajara)"", ""fecha_adquisicion"": ""2016"", ""derecho_sobre_el_bien"": ""100%. Privativo. Herencia. Extinción de condominio""}]",[],"[{""tipo"": ""Cuentas corrientes en diversas entidades financieras"", ""saldo"": 67656}, {""tipo"": ""Planes pensiones privados"", ""saldo"": 101841}, {""tipo"": ""Fondos de inversión"", ""saldo"": 40435}, {""tipo"": ""Planes de previsión social empresarial (Cortes Generales)"", ""saldo"": 5651.6}]",[],[],[],"[{""fecha_adquisicion"": ""2003"", ""descripcion"": ""Audi A 6""}, {""fecha_adquisicion"": ""2010"", ""descripcion"": ""Opel Antara""}, {""fecha_adquisicion"": ""2019"", ""descripcion"": ""Suzuki Burgman 125 cc (año de matriculación 2005) y Motocicleta BMW C 650 GT""}, {""fecha_adquisicion"": ""2022"", ""descripcion"": ""Motocicleta BMW F 750 GS""}]",[],[],,59,fotos_diputados\deputy_059.jpg,Logo_partidos\deputy_0059.jpg,hemiciclo\hemi_0059_3512.gif,antonio-roman-jasanada,91261.66
deputy_060_assets_000055_000_e_0000238_20230803.json,MARÍA LOURDES RAMÍREZ MARTÍN,DIVORCIADA,,23/07/2023,3/08/2023,Diputado,GRANADA,https://www.facebook.com/lourdes.ramirezmartin,https://www.instagram.com/m.lourdesramirez/,https://twitter.com/mlourdesramirez,,"[{""concepto"": ""RETRIBUCIÓN CARGO PÚBLICO CONCEJAL DE ECONOMÍA Y HACIENDA, RECURSOS HUMANOS Y GOBERNACIÓN DEL AYUNTAMIENTO DE CHURRIANA DE LA VEGA"", ""euros"": ""30.688,42€""}]",[],[],[],6511.9,[],[],[],"[{""tipo"": ""CUENTA CORRIENTE"", ""saldo"": ""3.571,87 €""}]",[],[],[],"[{""fecha_adquisicion"": ""NOVIEMBRE 2019"", ""descripcion"": ""AUTOMÓVIL BMW SERIE 2""}]",[],[],,60,fotos_diputados\deputy_060.jpg,Logo_partidos\deputy_0060.jpg,hemiciclo\hemi_0060_2811.gif,maria-lourdes-ramirez-martin,85645.7
deputy_061_assets_000050_000_e_0000224_20230803.json,PABLO SÁEZ ALONSO-MUÑUMER,CASADO,GANANCIALES,23 DE JULIO DE 2023,3 DE AGOSTO DE 2023,Diputado,VALLADOLID / CONGRESO DE LOS DIPUTADOS,,,,,"[{""concepto"": ""Retribuciones salariales netas percibidas"", ""euros"": ""34.401,21 €""}]","[{""concepto"": ""Rendimientos netos capital mobiliario"", ""euros"": ""743,59 €""}]",[],[],35291.55,"[{""clase"": ""VIVIENDA"", ""situacion"": ""MADRID"", ""fecha_adquisicion"": ""16/6/2000"", ""derecho"": ""Pleno dominio al 50% Bien en gananciales Compraventa""}, {""clase"": ""PLAZA DE GARAJE"", ""situacion"": ""MADRID"", ""fecha_adquisicion"": ""16/6/2000"", ""derecho"": ""Pleno dominio al 50% Bien en gananciales Compraventa""}, {""clase"": ""VIVIENDA"", ""situacion"": ""SEGOVIA"", ""fecha_adquisicion"": """", ""derecho"": ""Pleno dominio de un 8,33% de la propiedad Herencia""}, {""clase"": ""VIVIENDA"", ""situacion"": ""VALLADOLID"", ""fecha_adquisicion"": ""26/01/2021"", ""derecho"": ""Pleno dominio de un 30% de la propiedad de un piso.""}, {""clase"": ""VIVIENDA"", ""situacion"": ""ALICANTE"", ""fecha_adquisicion"": ""30/09/2022"", ""derecho"": ""Pleno dominio al 50% Bien en gananciales Compraventa""}]",[],[],"[{""descripcion"": ""Importe que me corresponde del saldo al 31 de diciembre de 2002 de tres cuentas corrientes bancarias"", ""saldo"": ""13.762,07 €""}]","[{""descripcion"": ""FONDOS DE INVERSIÓN. VALOR A 31 DE DICIEMBRE DE 2022"", ""valor"": ""28.772,39 €""}]","[{""descripcion"": ""CARTERA MULTI INVERSIÓN. VALOR A 31 DE DICIEMBRE DE 2022"", ""valor"": ""34.182,06 €""}, {""descripcion"": ""CARTERA DE VALORES. VALOR A 13 DE OCTUBRE DE 2022"", ""valor"": ""11.553,46 €""}]",[],"[{""fecha_adquisicion"": ""Septiembre de 2022"", ""descripcion"": ""Hyundai Kona (Hibrido)""}, {""fecha_adquisicion"": ""Marzo de 2022"", ""descripcion"": ""Hyundai i10""}]",[],"[{""descripcion"": ""Préstamo Hipotecario concedido por Deutsche Bank"", ""fecha_concesion"": ""3/3/2005"", ""importe_concedido"": ""239.888,39€"", ""saldo_pendiente"": ""19.112,01€""}, {""descripcion"": ""Préstamo personal"", ""fecha_concesion"": ""sept. 2022"", ""importe_concedido"": ""18.575,70€"", ""saldo_pendiente"": ""18.326,63€""}, {""descripcion"": ""Préstamo personal"", ""fecha_concesion"": ""agto. 2022"", ""importe_concedido"": ""768,12€"", ""saldo_pendiente"": ""512,08€""}, {""descripcion"": ""Préstamo personal"", ""fecha_concesion"": ""marzo 2022"", ""importe_concedido"": ""7.960,08€"", ""saldo_pendiente"": ""6.976,21€""}]","Retribuciones netas percibidas en 2022. Importe calculado como: Retribuciones brutas dinerarias Cotizaciones - Gastos deducibles - Retenciones (corregidas al alza por una mayor cuota a pagar que sale tras la presentación de la declaración de IRPF). Importe resultante: 34.401 €. Importe: 50 % del saldo de dos cuentas corrientes al 31/12/2022 por ser gananciales y un 33,33% de otra cuenta corriente bancaria de titularidad junto con mis hermanos. Estos importes reflejan el 50 % de su valor al estar en régimen de gananciales. Las cartera de valores son acciones que cotizan en la bolsa española. La cartera de acciones Multi3strategia y la participación en Fondo de inversiones son gestionados por una entidad financiera española. Los préstamos se reflejan al 100%, no repartiéndose en función del 50% de gananciales.",61,fotos_diputados\deputy_061.jpg,Logo_partidos\deputy_0061.jpg,hemiciclo\hemi_0061_3402.gif,pablo-saez-alonso-munumer,91261.66
deputy_062_assets_000052_000_e_0000232_20230803.json,ANDREU MARTIN MARTINEZ,CASADO,SEPARACIÓN DE BIENES,23 DE JULIO DE 2023,3 de agosto de 2023,Diputado,TARRAGONA,https://www.facebook.com/andreu.martin,,https://twitter.com/andreu_martin,,"[{""concepto"": ""DOCENTE CENTRO EDUCATIVO GENERALITAT DE CATALUNYA"", ""euros"": 72162.7}, {""concepto"": ""REGIDOR AYUNTAMIENTO DE REUS - ASISTENCIAS"", ""euros"": 12850.0}, {""concepto"": ""DIPUTADO DE LA DIPUTACIÓ DE TARRAGONA - ASISTENCIAS"", ""euros"": 30586.69}, {""concepto"": ""EMPRESAS MUNICIPALES Y MANCOMUNIDAD DE SERVICIOS"", ""euros"": 5838.24}]","[{""concepto"": ""DIVIDENDOS"", ""euros"": 58.68}]",[],[],41706.31,"[{""clase_y_caracteristicas"": ""VIVIENDA HABITUAL"", ""situacion"": ""TARRAGONA"", ""fecha_adquisicion"": ""30/08/2000"", ""derecho_sobre_el_bien_y_titulo_adquisicion"": ""PLENO DOMINIO 50,00% COMPRAVENTA""}, {""clase_y_caracteristicas"": ""DOS PLAZAS DE APARCAMIENTO"", ""situacion"": ""TARRAGONA"", ""fecha_adquisicion"": ""23/09/2005"", ""derecho_sobre_el_bien_y_titulo_adquisicion"": ""PLENO DOMINIO 50,00% COMPRAVENTA""}]",[],[],"[{""descripcion"": ""DOS CUENTAS CORRIENTES, DOS FONDOS, DOS CARTERAS GESTIONADAS"", ""saldo"": 145011.84}]",[],"[{""descripcion"": ""Acciones"", ""valor"": 2052.11}]",[],"[{""fecha_adquisicion"": ""06/11/2009"", ""descripcion"": ""VEHÍCULO RENAULT SCENIC""}]",[],[],,62,fotos_diputados\deputy_062.jpg,Logo_partidos\deputy_0062.jpg,hemiciclo\hemi_0062_4705.gif,andreu-martin-martinez,91261.66
deputy_063_assets_000056_000_e_0000241_20230803.json,María Luz Martínez Seijo,Casada,Gananciales,23/07/2023,03/08/2023,Diputado,Palencia,,https://www.instagram.com/martinezseijo,https://twitter.com/luzseijo,,"[{""concepto"": ""Trienios antigüedad de la Junta de Castilla y León 2022"", ""euros"": 5311.04}]",[],"[{""entidad"": ""Banco Santander y BBVA"", ""euros"": 0.41}, {""concepto"": ""Arrendamiento de viviendas"", ""euros"": 1438.02}]",[],15959.06,"[{""tipo"": ""Vivienda"", ""situacion"": ""Guardo"", ""fecha_adquisicion"": ""1996"", ""derecho"": ""Pleno Dominio"", ""titulo"": ""Compraventa""}, {""tipo"": ""Vivienda"", ""situacion"": ""Valladolid"", ""fecha_adquisicion"": ""2003"", ""derecho"": ""Pleno Dominio"", ""titulo"": ""Compraventa""}, {""tipo"": ""Vivienda"", ""situacion"": ""Valladolid"", ""fecha_adquisicion"": ""2014"", ""derecho"": ""Pleno dominio"", ""titulo"": ""herencia""}, {""tipo"": ""Garaje"", ""situacion"": ""Valladolid"", ""fecha_adquisicion"": ""2014"", ""derecho"": ""Pleno dominio"", ""titulo"": ""herencia""}, {""tipo"": ""Vivienda y garaje"", ""situacion"": ""Valladolid"", ""fecha_adquisicion"": ""2021"", ""derecho"": ""Pleno Dominio"", ""titulo"": ""Compraventa""}, {""tipo"": ""Vivienda"", ""situacion"": ""Valladolid"", ""fecha_adquisicion"": ""2021"", ""derecho"": ""Pleno dominio"", ""titulo"": ""herencia"", ""nota"": ""no ganancial""}]","[{""tipo"": ""1/10 de un inmueble rústico de herencia paterna"", ""situacion"": ""Riocerezo, Burgos"", ""fecha_adquisicion"": ""2011"", ""derecho"": ""Herencia compartida""}]",[],"[{""entidad"": ""BBVA y Santander"", ""saldo"": 57615.21}]","[{""descripcion"": ""Fondos de inversión en BBVA y Bonos Dólar"", ""valor"": 11495.62, ""nota"": ""no ganancial""}, {""descripcion"": ""Valores en Santander"", ""valor"": 63.03}, {""descripcion"": ""Fondo de inversión QUALITY INVERSION MODERADA"", ""valor"": 152967.48, ""nota"": ""No gananciales""}, {""descripcion"": ""BBVA Bonos 2025 II, FI"", ""valor"": 19842.71}, {""descripcion"": ""BBVA rentabilidad ahorro corto plazo FI"", ""valor"": 101211.79}, {""descripcion"": ""Deuda Pública Agosto24- Banco Santander"", ""valor"": 50000}]",[],[],"[{""fecha_adquisicion"": ""07/06/2016"", ""descripcion"": ""Skoda Spaceback""}, {""fecha_adquisicion"": ""24/01/2008"", ""descripcion"": ""Kia Sportage""}, {""fecha_adquisicion"": ""09/11/2022"", ""descripcion"": ""Renault Arkana""}]","[{""descripcion"": ""Plan Pensiones.BBVA Protección 2025"", ""valor"": 40912.14}, {""descripcion"": ""Plan Pensiones.BBVA Plan Multiactivo Moderado"", ""valor"": 24560.06}, {""descripcion"": ""Microcréditos PSOE"", ""valor"": 23300}]",[],Vivienda pleno dominio por compraventa en 2022 en Valladolid Paza de garage pleno dominio por compraventa en 2023 en Valladolid,63,fotos_diputados\deputy_063.jpg,Logo_partidos\deputy_0063.jpg,hemiciclo\hemi_0063_1415.gif,maria-luz-martinez-seijo,91261.66
deputy_064_assets_000057_000_e_0000248_20230803.json,José Luis Aceves Galindo,Casado,Gananciales,23 de julio de 2023,3 de agosto de 2023,Senador,,https://www.facebook.com/joseluisaceves,,https://twitter.com/JLAceves,,[],[],[],[],13375.34,"[{""tipo"": ""Vivienda"", ""ubicacion"": ""Coca (Segovia)"", ""fecha_adquisicion"": ""2000"", ""derecho"": ""Gananciales"", ""titulo_adquisicion"": ""Compraventa""}, {""tipo"": ""Piso"", ""ubicacion"": ""Madrid"", ""fecha_adquisicion"": ""2022"", ""derecho"": ""Pleno Dominio"", ""titulo_adquisicion"": ""Herencia""}]",[],[],"[{""tipo"": ""Cuentas bancarias"", ""saldo"": 32390.01}]","[{""descripcion"": ""Fondos de inversión"", ""valor"": 25972.11}, {""descripcion"": ""Acciones Santander (herencia)"", ""valor"": 1495.6}, {""descripcion"": ""Microcrédito PSOE"", ""valor"": 1000.0}]",[],[],"[{""fecha_adquisicion"": ""2015"", ""descripcion"": ""Peugeot 508 (Gananciales)""}, {""fecha_adquisicion"": ""2017"", ""descripcion"": ""Renault Clio (2ª mano) (Gananciales)""}]","[{""descripcion"": ""Planes de pensiones"", ""valor"": 1196.29}]",[],,64,fotos_diputados\deputy_064.jpg,Logo_partidos\deputy_0064.jpg,hemiciclo\hemi_0064_1505.gif,jose-luis-aceves-galindo,91261.66
deputy_065_assets_000058_000_e_0000258_20230803.json,Carmen Fúnez de Gregorio,Soltera,,23- julio- 2023,03- agosto- 2023,Diputado,Ciudad Real,,,https://twitter.com/carmenfunezdg,,"[{""procedencia"": ""Grupo Popular Senado"", ""concepto"": ""Salario"", ""euros"": 51379}]",[],[],[],12864.61,"[{""clase_y_caracteristicas"": ""Piso"", ""situacion"": ""Ciudad Real"", ""fecha_adquisicion"": ""Julio 1999"", ""derecho_sobre_el_bien"": ""Propiedad 100%"", ""titulo_adquisicion"": ""Compraventa""}, {""clase_y_caracteristicas"": ""Piso"", ""situacion"": ""Madrid"", ""fecha_adquisicion"": ""Octubre 2005"", ""derecho_sobre_el_bien"": ""Propiedad 100%"", ""titulo_adquisicion"": ""Compraventa""}]",[],[],"[{""tipo"": ""Cuentas corrientes"", ""saldo"": 11181.88}]",[],[],[],[],[],"[{""descripcion"": ""Préstamo hipotecario CaixaBank"", ""fecha_concesion"": ""28-10-2005"", ""importe_concedido"": 374500, ""saldo_pendiente"": 132701.14}]",,65,fotos_diputados\deputy_065.jpg,Logo_partidos\deputy_0065.jpg,hemiciclo\hemi_0065_3310.gif,carmen-funez-gregorio,
deputy_066_assets_000346_000_e_0001527_20230829.json,Esteban González Pons,CASADO,SEPARACION DE BIENES,23/07/2023,3/08/2023,Diputado,VALENCIA,,,,,"[{""procedencia"": ""Parlamento Europeo"", ""concepto"": ""Percepciones netas de tipo salarial, sueldos, honorarios, aranceles y otras retribuciones"", ""euros"": 89858.94}, {""procedencia"": ""Partido Popular"", ""concepto"": ""gastos de representación"", ""euros"": 22720}]",[],[],[],50249.31,"[{""clase_y_caracteristicas"": ""Solar"", ""situacion"": ""Alcalá de la Selva (Teruel)"", ""fecha_adquisicion"": ""2020"", ""derecho_sobre_el_bien"": ""Propiedad"", ""titulo_adquisicion"": ""Compraventa""}]",[],[],"[{""tipo"": ""Planes de pensiones y jubilación"", ""saldo"": 282868.54}]",[],[],[],"[{""fecha_adquisicion"": ""Mayo, 2023"", ""descripcion"": ""volkswagen T-Roc""}]",[],"[{""prestamo"": ""Préstamo personal. La Caixa"", ""fecha_concesion"": ""29-07-2019"", ""importe_concedido"": 29000, ""saldo_pendiente"": 16369.47}]",,66,fotos_diputados\deputy_066.jpg,Logo_partidos\deputy_0066.jpg,,esteban-gonzalez-pons,131129.3
deputy_066_assets_000346_002_e_0076052_20250716.json,ESTEBAN GONZÁLEZ PONS,CASADO,SEPARACIÓN DE BIENES,23 JULIO 2023,3 AGOSTO 2023,Diputado,VALENCIA,,,,,"[{""procedencia"": ""PARLAMENTO EUROPEO"", ""concepto"": ""Percepciones netas de tipo salarial, sueldos, honorarios, aranceles y otras retribuciones"", ""euros"": ""79.956,24""}, {""procedencia"": ""PARTIDO POPULAR"", ""concepto"": ""GASTOS DE REPRESENTACIÓN"", ""euros"": ""34.080""}]",[],[],[],61986.0,[],[],[],"[{""tipo"": ""PLANES DE PENSIONES Y JUBILACIÓN"", ""saldo"": ""282.868,54""}]",[],[],[],"[{""fecha_adquisicion"": ""MAYO 2023"", ""descripcion"": ""VOLKSWAGEN T-ROC""}]",[],"[{""descripcion"": ""PRÉSTAMO PERSONAL"", ""acreedor"": ""LA CAIXA"", ""fecha_concesion"": ""29-07-2019"", ""importe_concedido"": ""29.000"", ""saldo_pendiente"": ""16.369,47""}]",ESTA DECLARACIÓN SE REALIZA POR CESE EN EL CONGRESO DE LOS DIPUTADOS CON FECHA DE EFECTOS 1 DE JULIO DE 2024.,66,fotos_diputados\deputy_066.jpg,Logo_partidos\deputy_0066.jpg,,esteban-gonzalez-pons,131129.3
deputy_067_assets_000059_000_e_0000263_20230803.json,BELÉN HOYO JULIÁ,CASADA,GANANCIALES,23 DE JULIO DE 2023,3 DE AGOSTO DE 2023,Diputado,VALENCIA,https://www.facebook.com/belen.hoyojulia,,https://twitter.com/BelenHoyo,,[],[],[],[],20156.23,[],[],[],"[{""tipo"": ""CUENTAS CORRIENTES"", ""saldo"": 20500}]",[],[],[],"[{""fecha_adquisicion"": ""2019"", ""descripcion"": ""INFINITI FX""}]",[],[],,67,fotos_diputados\deputy_067.jpg,Logo_partidos\deputy_0067.jpg,hemiciclo\hemi_0067_3614.gif,belen-hoyo-julia,91261.66
deputy_068_assets_000060_000_e_0000269_20230803.json,JUAN CARLOS RUIZ BOIX,DIVORCIADO,,23 JULIO 2023,03 AGOSTO 2023,Diputado,CÁDIZ,https://www.facebook.com/profile.php?id=100069073335094,https://www.instagram.com/juancarlosruizboix/,https://twitter.com/jcruizboix,,"[{""concepto"": ""SALARIO PORTAVOZ - PRESIDENTE DIPUTACIÓN PROVINCIAL DE CÁDIZ"", ""euros"": 79127.16}]","[{""concepto"": ""DIVIDENDOS"", ""euros"": 459.34}]","[{""concepto"": ""INTERESES CUENTAS BANCARIAS"", ""euros"": 13.86}]","[{""concepto"": ""ALQUILER VIVIENDA CALLE LAS HIGUERAS SAN ROQUE"", ""euros"": 8640.0}]",21965.0,"[{""clase"": ""VIVIENDA URBANA"", ""situacion"": ""CÁDIZ"", ""fecha_adquisicion"": ""2004"", ""derecho"": ""PLENO DOMINIO"", ""titulo"": ""COMPRAVENTA""}, {""clase"": ""VIVIENDA URBANA MÁS PLAZA APARCAMIENTO"", ""situacion"": ""CÁDIZ"", ""fecha_adquisicion"": ""2007"", ""derecho"": ""PLENO DOMINIO"", ""titulo"": ""COMPRAVENTA""}, {""clase"": ""VIVIENDA URBANA"", ""situacion"": ""CÁDIZ"", ""fecha_adquisicion"": ""2017"", ""derecho"": ""PLENO DOMINIO"", ""titulo"": ""COMPRAVENTA""}, {""clase"": ""PARCELA URBANA"", ""situacion"": ""CÁDIZ"", ""fecha_adquisicion"": ""2019"", ""derecho"": ""PLENO DOMINIO"", ""titulo"": ""COMPRAVENTA""}, {""clase"": ""VIVIENDA URBANA"", ""situacion"": ""CÁDIZ"", ""fecha_adquisicion"": ""2021"", ""derecho"": ""PLENO DOMINIO"", ""titulo"": ""COMPRAVENTA""}]",[],[],"[{""tipo"": ""DEPÓSITO EN CUENTAS BANCARIAS"", ""saldo"": 6759.17}]",[],"[{""descripcion"": ""ACCIONES"", ""valor"": 15074.94}]",[],"[{""fecha_adquisicion"": ""1 OCTUBRE 2020"", ""descripcion"": ""VEHÍCULO TURISMO AUDI Q5""}, {""fecha_adquisicion"": ""23 JUNIO 2023"", ""descripcion"": ""MOTO SYM 49CC""}]","[{""tipo"": ""PLAN PENSIONES"", ""valor"": 47759.92}]","[{""descripcion"": ""HIPOTECA VIVIENDA 2004 ING DIRECT"", ""fecha_concesion"": ""28/03/2005"", ""importe_concedido"": 159966.5, ""saldo_pendiente"": 15392.53}, {""descripcion"": ""HIPOTECA VIVIENDA 2007 CAJASUR"", ""fecha_concesion"": ""19/07/2007"", ""importe_concedido"": 160000.0, ""saldo_pendiente"": 24774.55}, {""descripcion"": ""HIPOTECA VIVIENDA 2017 CAJASUR"", ""fecha_concesion"": ""12/07/2017"", ""importe_concedido"": 116000.0, ""saldo_pendiente"": 95408.65}, {""descripcion"": ""HIPOTECA PARCELA 2019 CAJASUR"", ""fecha_concesion"": ""30/07/2019"", ""importe_concedido"": 116450.0, ""saldo_pendiente"": 59068.0}, {""descripcion"": ""HIPOTECA VIVIENDA 2021 SANTANDER"", ""fecha_concesion"": ""16/09/2021"", ""importe_concedido"": 283500.0, ""saldo_pendiente"": 220998.05}]",,68,fotos_diputados\deputy_068.jpg,Logo_partidos\deputy_0068.jpg,hemiciclo\hemi_0068_1311.gif,juan-carlos-ruiz-boix,97457.92
deputy_069_assets_000066_000_e_0000297_20230803.json,SOFÍA ACEDO REYES,CASADA,SEPARACIÓN DE BIENES,23 DE JULIO DE 2023,3 DE AGOSTO DE 2023,Diputado,MELILLA,https://www.facebook.com/sofia.acedoreyes,https://www.instagram.com/sofiaacedor/,https://twitter.com/SofiAcedo,,[],[],[],[],6238.92,"[{""clase_y_caracteristicas"": ""VIVIENDA PARTICULAR"", ""situacion"": ""MELILLA"", ""fecha_adquisicion"": ""JULIO 2017"", ""derecho_sobre_el_bien"": ""PLENO DOMINIO-COMPRAVENTA""}]",[],[],"[{""tipo"": ""CAIXAFUTURO"", ""saldo"": ""17.242,96 €""}, {""tipo"": ""VALOR FUTURO 10 UL"", ""saldo"": ""5.183,32 €""}, {""tipo"": ""CUENTA CORRIENTE"", ""saldo"": ""4.000,00 €""}, {""tipo"": ""CUENTA DE AHORRO COMÚN"", ""saldo"": ""9.519,59 €""}]",[],[],[],"[{""fecha_adquisicion"": ""FEBRERO 2011"", ""descripcion"": ""TURISMO PARTICULAR AUDI A1""}, {""fecha_adquisicion"": ""ENERO 2020"", ""descripcion"": ""PIAGGIO-VESPA 125 PRIMAVERA""}]","[{""descripcion"": ""MY BOX JUBILACIÓN"", ""valor"": ""8.453,00 €""}]","[{""descripcion"": ""HIPOTECA VIVIENDA PARTICULAR"", ""fecha_concesion"": ""JULIO 2017"", ""importe_concedido"": ""163.000,00 €"", ""saldo_pendiente"": ""129.802,25 €""}, {""descripcion"": ""PRESTAMO HIPOTECA"", ""fecha_concesion"": ""AGOSTO 2022"", ""importe_concedido"": ""120.000,00 €"", ""saldo_pendiente"": ""116.998,81 €""}]",,69,fotos_diputados\deputy_069.jpg,Logo_partidos\deputy_0069.jpg,hemiciclo\hemi_0069_3412.gif,sofia-acedo-reyes,71897.0
deputy_070_assets_000061_000_e_0000271_20230803.json,JOSÉ RAMÍREZ DEL RÍO,CASADO,SEPARACIÓN DE BIENES,23-07-2023,,,,,,https://twitter.com/joseramirezdel2,,[],[],[],[],13635.34,"[{""clase_y_caracteristicas"": ""Piso, residencia familiar"", ""situacion"": ""Córdoba"", ""fecha_adquisicion"": ""Diciembre de 2010"", ""derecho_sobre_el_bien"": ""Pleno dominio"", ""titulo_adquisicion"": ""Compra-venta""}]",[],[],"[{""tipo"": ""Cuenta corriente"", ""saldo"": 15388.83}, {""tipo"": ""Cuenta corriente"", ""saldo"": 200}, {""tipo"": ""Plan de jubilación"", ""saldo"": 12086}]",[],[],[],"[{""fecha_adquisicion"": ""07-2021"", ""descripcion"": ""Coche Toyota Rav4""}]",[],"[{""descripcion_y_acreedor"": ""Hipoteca"", ""fecha_concesion"": ""12-2010"", ""importe_concedido"": 199000, ""saldo_pendiente"": 125020.27}]",,70,fotos_diputados\deputy_070.jpg,Logo_partidos\deputy_0070.jpg,hemiciclo\hemi_0070_2609.gif,jose-ramirez-rio,
deputy_071_assets_000064_000_e_0000289_20230803.json,MARIA ISABEL PRIETO SERRANO,CASADA,GANANCIAL,23-07-2023,3-08-2023,Diputado,CORDOBA/CONGRESO DIPUTADOS,https://www.facebook.com/mariaisabel.prietoserrano/,https://www.instagram.com/iprietoserrano/,https://twitter.com/iprietoserrano,,"[{""concepto"": ""RENDIMIENTOS DEL TRABAJO, RETRIBUCIONES DINERARIAS"", ""euros"": ""67.045,03""}]",[],[],[],16979.58,"[{""clase_y_caracteristicas"": ""VIVIENDA UNIFAMILIAR"", ""situacion"": ""CÓRDOBA"", ""fecha_adquisicion"": ""12-03-2001"", ""derecho_sobre_el_bien"": ""PLENO DOMINIO"", ""titulo_adquisicion"": ""GANANCIAL, AUTOPROMOCIÓN""}]",[],[],"[{""tipo"": ""CUENTA CORRIENTE"", ""saldo"": ""35.051,44""}]",[],[],[],"[{""fecha_adquisicion"": ""18-08-2009"", ""descripcion"": ""BMW 525 D AUT""}, {""fecha_adquisicion"": ""26-09-2019"", ""descripcion"": ""MAZDA CX3""}]",[],"[{""descripcion_y_acreedor"": ""PRESTAMO HIPOTECARIO HIPOTECA ABIERTA (CAIXABANK)"", ""fecha_concesion"": ""15-11-2005"", ""importe_concedido"": ""172.000,00"", ""saldo_pendiente"": ""81.827,52""}, {""descripcion_y_acreedor"": ""PRESTAMO PERSONAL (SANTANDER CONSUMER)"", ""fecha_concesion"": ""24-09-2019"", ""importe_concedido"": ""19.088,16"", ""saldo_pendiente"": ""7.678,40""}]",,71,fotos_diputados\deputy_071.jpg,Logo_partidos\deputy_0071.jpg,hemiciclo\hemi_0071_3606.gif,maria-isabel-prieto-serrano,91261.66
deputy_072_assets_000072_000_e_0000321_20230803.json,Maria Carmen Sánchez Diaz,Casada,Gananciales,23 julio 2023,3 agosto 2023,Diputado,Cádiz,,,https://twitter.com/_mamensanchez,,"[{""procedencia"": ""Ayuntamiento de Jerez"", ""concepto"": ""Nómina julio"", ""euros"": ""71.278,90""}]",[],[],[],15742.62,"[{""clase_y_caracteristicas"": ""Piso"", ""situacion"": ""Cádiz"", ""fecha_adquisicion"": ""25/06/2010"", ""derecho_sobre_el_bien"": ""Pleno Dominio"", ""titulo_adquisicion"": ""Compraventa""}]",[],[],"[{""saldo"": ""11.415,20"", ""descripcion"": ""Depósito en cuenta corriente a 1 de agosto""}]",[],[],[],"[{""fecha_adquisicion"": ""2013"", ""descripcion"": ""Nissan Qashqai""}]","[{""descripcion"": ""Planes Pensiones BBVA"", ""valor"": ""39.019,20""}]","[{""descripcion"": ""Hipotecario BBVA"", ""fecha_concesion"": ""2010"", ""importe_concedido"": ""345.291"", ""saldo_pendiente"": ""122.098,87""}]",,72,fotos_diputados\deputy_072.jpg,Logo_partidos\deputy_0072.jpg,hemiciclo\hemi_0072_1511.gif,maria-carmen-sanchez-diaz,71897.0
deputy_073_assets_000062_000_e_0000276_20230803.json,ANGEL LOPEZ MARAVER,CASADO,SEPARACIÓN DE BIENES,23 DE JULIO DE 2023,3 DE AGOSTO DE 2023,Senador,GUADALAJARA,,,https://twitter.com/A_LopezMaraver,,"[{""concepto"": ""RENDIMIENTO PERCEPCIÓN NETA POR CUENTA AJENA"", ""euros"": 32460}]",[],[],[],37027.08,[],[],[],"[{""tipo"": ""CUENTAS CORRIENTES"", ""saldo"": 18300}]",[],[],[],"[{""fecha_adquisicion"": ""2015"", ""descripcion"": ""SUZUKI VITARA""}, {""fecha_adquisicion"": ""2016"", ""descripcion"": ""BMW 320""}, {""fecha_adquisicion"": ""2006 - 2018"", ""descripcion"": ""6 MOTOCICLETAS / CICLOMOTORES""}, {""fecha_adquisicion"": ""2023"", ""descripcion"": ""SEAT 600""}]",[],[],,73,fotos_diputados\deputy_073.jpg,Logo_partidos\deputy_0073.jpg,hemiciclo\hemi_0073_2615.gif,angel-lopez-maraver,91261.66
deputy_074_assets_000084_000_e_0000360_20230803.json,PEDRO IGNACIO GALLARDO BARRENA,DIVORCIADO,,23 JULIO 2023,23 AGOSTO 2023,Diputado,CÁDIZ,https://www.facebook.com/gallardobarrena,https://www.instagram.com/pedrogallardobarrena/,https://twitter.com/pedrogallardo73,,"[{""procedencia"": ""ASAJA CADIZ"", ""concepto"": ""Percepciones netas de tipo salarial, sueldos, honorarios, aranceles y otras retribuciones"", ""euros"": 70000.0}, {""procedencia"": ""EFRIASA SA"", ""concepto"": ""Percepciones netas de tipo salarial, sueldos, honorarios, aranceles y otras retribuciones"", ""euros"": 14814.84}]","[{""procedencia"": ""CAJA RURAL DEL SUR"", ""concepto"": ""Dividendos y participación en beneficios de sociedades, comunidades o entidades de cualquier clase"", ""euros"": 9.62}]",[],[],24042.87,[],[],"[{""descripcion"": ""EXPLOTACIÓN AGRÍCOLA Y VIVIENDA CORTIJO CARVAJAL AGRICOLA SL"", ""situacion"": ""CÁDIZ"", ""fecha_adquisicion"": ""2017"", ""derecho_titulo"": ""PLENO DOMINIO COMPRA VENTA""}]","[{""saldo"": 1982.11}]","[{""descripcion"": ""CARVAJAL AGRICOLA SL"", ""valor"": 99939.22, ""fecha"": ""31/12/2022""}]",[],[],"[{""fecha_adquisicion"": ""2001"", ""descripcion"": ""TRACTOR VALTRA 160CV (CARVAJAL AGRICOLA SL)""}, {""fecha_adquisicion"": ""2013"", ""descripcion"": ""COCHE MITSUBISHI ASX (CARVAJAL AGRICOLA SL)""}, {""fecha_adquisicion"": ""2021"", ""descripcion"": ""COCHE HYUNDAI KONA ELECTRICO (CARVAJAL AGRICOLA SL)""}]",[],[],"NO EXSITE VALOR DE LA SOCIEDAD CARVAJAL AGRICOLA A DIA DE HOY NI DESDE HACE DOS MESES ATRAS PORQUE LA SOCIEDAD NO TIENE ACTUALIZADA LA CONTABILIDAD. EL ÚLTIMO DATO OFICIAL ES EL IMPUESTO SOBRE SOCIEDADES CON FECHA 31 DE DICIEMBRE DE 2022 CUYO VALOR NETO CONTABLE ES DE 99.939,22",74,fotos_diputados\deputy_074.jpg,Logo_partidos\deputy_0074.jpg,hemiciclo\hemi_0074_3602.gif,pedro-ignacio-gallardo-barrena,91261.66
deputy_075_assets_000063_000_e_0000278_20230803.json,ANA MARÍA COBO CARMONA,CASADA,GANANCIALES,23/07/2023,03/08/2023,Diputado,JAÉN,,,,,"[{""concepto"": ""Rendimiento del trabajo"", ""euros"": 72869.17}]",[],"[{""concepto"": ""Rentas derivadas de bienes inmuebles no afectos a actividades económicas"", ""euros"": 1486.89}]",[],19608.34,"[{""clase"": ""Vivienda, casa"", ""situacion"": ""Jaén"", ""fecha_adquisicion"": ""26/07/2003"", ""derecho"": ""Pleno dominio"", ""titulo"": ""compraventa""}, {""clase"": ""Piso, 2ª residencia"", ""situacion"": ""Almería"", ""fecha_adquisicion"": ""01/09/2011"", ""derecho"": ""1/2 Pleno dominio"", ""titulo"": ""compraventa""}, {""clase"": ""Plaza garaje"", ""situacion"": ""Almería"", ""fecha_adquisicion"": ""01/09/2011"", ""derecho"": ""1/2 Pleno dominio"", ""titulo"": ""compraventa""}, {""clase"": ""Vivienda"", ""situacion"": ""Jaén"", ""fecha_adquisicion"": ""08/08/2020"", ""derecho"": ""1/4 nuda propiedad"", ""titulo"": ""Herencia""}, {""clase"": ""Plaza garaje"", ""situacion"": ""Jaén"", ""fecha_adquisicion"": ""08/08/2020"", ""derecho"": ""1/4 nuda propiedad"", ""titulo"": ""Herencia""}]",[],[],"[{""saldo"": 12000}]",[],[],[],"[{""fecha_adquisicion"": ""2005"", ""descripcion"": ""Mercedes Benz A 140""}, {""fecha_adquisicion"": ""2018"", ""descripcion"": ""Peugeot 3008""}, {""fecha_adquisicion"": ""2004"", ""descripcion"": ""Vespa 125""}]",[],"[{""descripcion"": ""Hipoteca Bankinter"", ""fecha_concesion"": ""2011"", ""importe_concedido"": 72415.03, ""saldo_pendiente"": 58806.0}, {""descripcion"": ""Préstamo empleados CAJARURAL JAÉN"", ""fecha_concesion"": ""2020"", ""importe_concedido"": 32000.0, ""saldo_pendiente"": 10486.24}]",,75,fotos_diputados\deputy_075.jpg,Logo_partidos\deputy_0075.jpg,hemiciclo\hemi_0075_1605.gif,ana-maria-cobo-carmona,
deputy_076_assets_000083_000_e_0000357_20230803.json,MARÍA DEL MAR VÁZQUEZ JIMÉNEZ,CASADA,RÉGIMEN DE GANANCIALES,23 DE JULIO DE 2023,3 DE AGOSTO DE 2023,Diputado,,,,https://twitter.com/DelMar74602,,"[{""concepto"": ""SUELDO NETO POR MI ACTIVIDAD EN EL SERVICIO ANDALUZ DE SALUD"", ""euros"": 56978.32}]",[],[],[],29865.16,"[{""clase"": ""VIVIENDA"", ""situacion"": ""MÁLAGA"", ""fecha_adquisicion"": ""16/02/2010"", ""derecho"": ""GANANCIAL"", ""titulo_adquisicion"": ""COMPRAVENTA""}]",[],[],"[{""tipo"": ""SALDO CUENTAS CORRIENTES"", ""saldo"": 4570.78}]",[],[],[],"[{""fecha_adquisicion"": ""31/05/2012"", ""descripcion"": ""NISSAN JUKE""}, {""fecha_adquisicion"": ""23/07/2013"", ""descripcion"": ""PIAGGIO LIBERTY""}, {""fecha_adquisicion"": ""25/10/2018"", ""descripcion"": ""FIAT 500""}]",[],"[{""descripcion"": ""PRÉSTAMO HIPOTECARIO (Para la compra de la vivienda familiar. Bancosantander)"", ""fecha_concesion"": ""16/02/2010"", ""importe_concedido"": 600000, ""saldo_pendiente"": 225173.84}]",,76,fotos_diputados\deputy_076.jpg,Logo_partidos\deputy_0076.jpg,hemiciclo\hemi_0076_3707.gif,maria-mar-vazquez-jimenez,
deputy_077_assets_000073_000_e_0000324_20230803.json,JORDI SALVADOR DUCH,DIVORCIADO,,23 DE JULIO DE 2023,3 DE AGOSTO DE 2023,Senador,,,,,,[],[],[],[],14563.53,"[{""clase_y_caracteristicas"": ""PISO DE VIVIENDA HABITUAL"", ""situacion"": ""TARRAGONA"", ""fecha_adquisicion"": ""1996"", ""derecho_sobre_el_bien"": ""PROPIEDAD 100%""}, {""clase_y_caracteristicas"": ""PISO TARRAGONA"", ""situacion"": ""TARRAGONA"", ""fecha_adquisicion"": ""1994"", ""derecho_sobre_el_bien"": ""NUDA PROPIEDAD 50%""}]",[],[],"[{""tipo"": ""DEPÓSITOS EN DOS CUENTAS CORRIENTES Y UNA CUENTA RELACIÓN"", ""saldo"": ""73.187,14""}]",[],[],[],"[{""fecha_adquisicion"": ""2011"", ""descripcion"": ""Coche opeí zafira familiar""}]",[],"[{""prestamo"": ""Préstamo hipotecario vivienda habitual"", ""fecha_concesion"": ""2008"", ""importe_concedido"": ""110.000"", ""saldo_pendiente"": ""8.886,67""}, {""prestamo"": ""Pensión en concepto de alimentos por sentencia judicial"", ""saldo_pendiente"": ""607,58 euros de media en el pasado ejercicio""}]",,77,fotos_diputados\deputy_077.jpg,Logo_partidos\deputy_0077.jpg,hemiciclo\hemi_0077_2410.gif,jordi-salvador-duch,
deputy_078_assets_000075_000_e_0000331_20230803.json,Juan Antonio Valero Morales,Soltero,Ninguna,23 de julio de 2023,3 de agosto de 2023,Diputado,,https://www.facebook.com/ToniValeroMorales/,https://www.instagram.com/tonivalero_,https://twitter.com/Toni_Valero,,"[{""concepto"": ""Salario como coordinador de Izquierda Unida Convocatoria por Andalucía, cada mes"", ""euros"": 1995}]","[{""concepto"": ""Cuenta de ahorro. Intereses generados desde apertura"", ""euros"": 12.63}]","[{""concepto"": ""Cuenta de ahorro. Intereses generados desde apertura"", ""euros"": 12.63}]",[],5973.13,"[{""clase_y_caracteristicas"": ""Piso"", ""situacion"": ""Málaga"", ""fecha_adquisicion"": ""junio de 2015"", ""derecho_sobre_el_bien"": ""50% propiedad"", ""titulo_adquisicion"": ""Compra""}]",[],[],"[{""tipo"": ""Dos cuentas corrientes"", ""saldo"": 553.16}, {""tipo"": ""Una cuenta de ahorro"", ""saldo"": 1612.21}, {""tipo"": ""Otra cuenta"", ""saldo"": 1292.27}]",[],[],[],"[{""fecha_adquisicion"": ""26 de mayo de 2023"", ""descripcion"": ""Turismo Kia Ceed Tourer""}]",[],[],,78,fotos_diputados\deputy_078.jpg,Logo_partidos\deputy_0078.jpg,hemiciclo\hemi_0078_2304.gif,juan-antonio-valero-morales,91261.66
deputy_079_assets_000068_000_e_0000303_20230803.json,Amador Marqués Atés,Soltero,,23/07/2023,03/08/2023,Diputado,Lleida - Lérida / Congreso de los Diputados,,,https://twitter.com/amrqs,,"[{""procedencia"": ""Diputación de Lérida"", ""concepto"": ""Sueldo"", ""euros"": 54158.04}]",[],[],[],14360.3,[],[],[],"[{""entidad"": ""CAIXABANK"", ""saldo"": 10535.07}]",[],[],[],"[{""fecha_adquisicion"": ""Octubre 2019"", ""descripcion"": ""FORD KUGA matriculado en 2017""}]","[{""descripcion"": ""Plan CABK DESTINO 2040"", ""valor"": 5624.66}, {""descripcion"": ""Plan Pensiones"", ""valor"": 1352.35}]","[{""descripcion"": ""Préstamo BBVA"", ""fecha_concesion"": ""14/10/2019"", ""importe_concedido"": 16262.9, ""saldo_pendiente"": 3794.14}]",,79,fotos_diputados\deputy_079.jpg,Logo_partidos\deputy_0079.jpg,hemiciclo\hemi_0079_1703.gif,amador-marques-ates,91261.66
deputy_080_assets_000067_000_e_0000300_20230803.json,MONTSERRAT MINGUEZ GARCIA,DIVORCIADA,,23 JULIO 2023,3 AGOSTO 2023,Diputado,LLEIDA,,,,,[],[],[],[],,"[{""clase_y_caracteristicas"": ""CASA"", ""situacion"": ""LLEIDA"", ""fecha_adquisicion"": ""2009"", ""derecho_sobre_el_bien"": ""PLENO DOMINIO COMPRA-VENTA 50% DECLARANTE""}, {""clase_y_caracteristicas"": ""PISO, PARKING Y TRASTERO"", ""situacion"": ""LLEIDA"", ""fecha_adquisicion"": ""2016"", ""derecho_sobre_el_bien"": ""PLENO DOMINIO COMPRA-VENTA 100% DECLARANTE""}, {""clase_y_caracteristicas"": ""APARTAMENTO"", ""situacion"": ""VILA-SECA"", ""fecha_adquisicion"": ""2005"", ""derecho_sobre_el_bien"": ""NUDA PROPIEDAD HERENCIA 50% DECLARANTE""}]",[],[],"[{""tipo"": ""CUENTA CORRIENTE"", ""saldo"": 11387}]",[],[],[],"[{""fecha_adquisicion"": ""30/05/2018"", ""descripcion"": ""MERCEDES GLA""}]","[{""descripcion"": ""MICROCREDITO PSC"", ""valor"": 6438}, {""descripcion"": ""PLAN DE PENSIONES"", ""valor"": 3000}]","[{""prestamo"": ""HIPOTECA (IBERCAJA)"", ""fecha_concesion"": ""26 ABRIL 2016"", ""importe_concedido"": 230000, ""saldo_pendiente"": 170000}]",,80,fotos_diputados\deputy_080.jpg,Logo_partidos\deputy_0080.jpg,hemiciclo\hemi_0080_1202.gif,montserrat-minguez-garcia,
deputy_081_assets_000065_000_e_0000293_20230803.json,INES MARÍA PLAZA GARCÍA,SOLTERA,,23-07-2023,03-08-2023,Diputado,ALMERÍA,,,,,[],[],"[{""concepto"": ""Microcrédito PSOE Elecciones Andalucía 2022"", ""euros"": ""31,29 €""}]",[],13775.39,"[{""clase"": ""PISO"", ""situacion"": ""ALMERÍA"", ""fecha_adquisicion"": ""2.010"", ""derecho"": ""PLENO DOMINIO"", ""titulo"": ""COMPRAVENTA""}, {""clase"": ""PISO"", ""situacion"": ""ALMERÍA"", ""fecha_adquisicion"": ""2.022"", ""derecho"": ""NUDA PROPIEDAD 16,66%"", ""titulo"": ""HERENCIA""}, {""clase"": ""LOCAL"", ""situacion"": ""ALMERÍA"", ""fecha_adquisicion"": ""2.022"", ""derecho"": ""NUDA PROPIEDAD 16,66%"", ""titulo"": ""HERENCIA""}]",[],[],"[{""tipo"": ""CUENTA CORRIENTE"", ""saldo"": ""27.000""}]",[],[],[],"[{""fecha_adquisicion"": ""OCTUBRE DE 2.006"", ""descripcion"": ""VEHÍCULO MINI ONE""}]","[{""descripcion"": ""Microcrédito PSOE Elecciones Generales Julio 2023"", ""valor"": ""3.000""}]","[{""descripcion"": ""PRESTAMO HIPOTECARIO"", ""fecha_concesion"": ""15-04-2.010"", ""importe_concedido"": ""160.000"", ""saldo_pendiente"": ""117.293,47""}, {""descripcion"": ""PRESTAMO PERSONAL"", ""fecha_concesion"": ""16-06-2.016"", ""importe_concedido"": ""33.000"", ""saldo_pendiente"": ""4.956,86""}, {""descripcion"": ""PRESTAMO CONSUMO"", ""fecha_concesion"": ""21-12-2.021"", ""importe_concedido"": ""17.000"", ""saldo_pendiente"": ""13.084,28""}]",,81,fotos_diputados\deputy_081.jpg,Logo_partidos\deputy_0081.jpg,hemiciclo\hemi_0081_1705.gif,ines-maria-plaza-garcia,91261.66
deputy_082_assets_000076_000_e_0000333_20230803.json,MERCEDES FERNANDEZ GONZALEZ,CASADA,SEPARACION DE BIENES,23 JULIO 2023,3 AGOSTO 2023,Diputado,ASTURIAS,,,,,[],"[{""concepto"": ""Dividendos acciones con cotización oficial"", ""euros"": 5103}]",[],"[{""concepto"": ""Ganancias patrimoniales de acciones, participaciones y fondos de inversión con cotización oficial"", ""euros"": 16907}]",20394.0,"[{""clase"": ""1/2 PISO"", ""situacion"": ""ASTURIAS"", ""fecha_adquisicion"": ""ENERO 1985"", ""derecho"": ""PLENO DOMINIO"", ""titulo_adquisicion"": ""COMPRA""}, {""clase"": ""PLAZA GARAJE"", ""situacion"": ""ASTURIAS"", ""fecha_adquisicion"": ""MAYO 1993"", ""derecho"": ""PLENO DOMINIO"", ""titulo_adquisicion"": ""COMPRA""}, {""clase"": ""1/2 PISO y PLAZA GARAJE"", ""situacion"": ""ASTURIAS"", ""fecha_adquisicion"": ""AGOSTO 2005"", ""derecho"": ""PLENO DOMINIO"", ""titulo_adquisicion"": ""COMPRA""}]",[],[],"[{""saldo"": 61401}]",[],"[{""descripcion"": ""Acciones, participaciones y fondos de inversión con cotización oficial. Valoración a fecha 31 de julio de 2023"", ""valor"": 561731}]",[],[],"[{""descripcion"": ""MUTUALIDAD DE LA ABOGACIA. Plan Universal - Plan de pensiones. Valoración a fecha 30 de junio de 2023."", ""valor"": null}]",[],"Régimen económico matrimonial de separación de bienes, escritura de capitulaciones matrimoniales otorgada ante notario en 1985",82,fotos_diputados\deputy_082.jpg,Logo_partidos\deputy_0082.jpg,hemiciclo\hemi_0082_3515.gif,mercedes-fernandez-gonzalez,
deputy_082_assets_000076_001_e_0068635_20250514.json,MERCEDES FERNÁNDEZ GONZÁLEZ,CASADA,SEPARACIÓN DE BIENES,23 JULIO 2023,3 AGOSTO 2023,Diputado,ASTURIAS,,,,,[],"[{""concepto"": ""Dividendos acciones con cotización oficial"", ""euros"": 5103}]",[],"[{""concepto"": ""Ganancias patrimoniales de acciones, participaciones y fondos de inversión con cotización oficial"", ""euros"": 16907}]",20394.0,"[{""clase"": ""1/2 piso"", ""situacion"": ""ASTURIAS"", ""fecha_adquisicion"": ""ENERO 1985"", ""derecho"": ""PLENO DOMINIO COMPRA""}, {""clase"": ""PLAZA GARAJE"", ""situacion"": ""ASTURIAS"", ""fecha_adquisicion"": ""MAYO 1993"", ""derecho"": ""PLENO DOMINIO COMPRA""}, {""clase"": ""1/2 VIVIENDA"", ""situacion"": ""ASTURIAS"", ""fecha_adquisicion"": ""ABRIL 2025"", ""derecho"": ""PLENO DOMINIO COMPRA""}]",[],[],"[{""saldo"": 61401}]",[],"[{""descripcion"": ""Acciones, participaciones y fondos de inversión con cotización oficial. valor a fecha 31 de julio de 2023"", ""valor"": 561731}]",[],[],"[{""descripcion"": ""MUTUALIDAD DE LA ABOGACÍA. Plan Universal - Plan de pensiones. Valoración a fecha 30 de junio de 2023"", ""valor"": 106791}]",[],"Régimen económico matrimonial de separación de bienes, escritura de capitulaciones matrimoniales otorgada ante notario en 1985. Salvo variación reflejada, lo demás como presentado en declaración anterior.",82,fotos_diputados\deputy_082.jpg,Logo_partidos\deputy_0082.jpg,hemiciclo\hemi_0082_3515.gif,mercedes-fernandez-gonzalez,
deputy_083_assets_000069_000_e_0000305_20230803.json,RAQUEL SÁNCHEZ JIMÉNEZ,DIVORCIADA,,23 DE JULIO DE 2023,3 DE AGOSTO DE 2023,Diputado,BARCELONA,,,,,"[{""concepto"": ""RETRIBUCIÓN COMO MINISTRA DE TRANSPORTES, MOVILIDAD Y AGENDA URBANA"", ""euros"": 52402.1}]",[],[],[],21103.25,"[{""clase_y_caracteristicas"": ""VIVIENDA"", ""situacion"": ""GAVÁ (BARCELONA)"", ""fecha_adquisicion"": ""21-7-2021"", ""derecho_sobre_el_bien"": ""PLENO DOMINIO TRAS DISOLUCIÓN DE CONDOMINIO""}]",[],[],"[{""tipo"": ""CUENTA CORRIENTE"", ""saldo"": 10578.0}]",[],[],[],"[{""fecha_adquisicion"": ""17-5-2013"", ""descripcion"": ""VEHÍCULO VOLKSWAGEN TIGUAN""}]","[{""descripcion"": ""SEGURO DE VIDA vinculado al préstamo hipotecario"", ""valor"": null}]","[{""descripcion"": ""SANTANDER (Crédito Hipotecario)"", ""fecha_concesion"": ""7-02-2022"", ""importe_concedido"": 165000.0, ""saldo_pendiente"": 156958.0}]",,83,fotos_diputados\deputy_083.jpg,Logo_partidos\deputy_0083.jpg,,raquel-sanchez-jimenez,193640.21
deputy_083_assets_000069_002_e_0008469_20240117.json,RAQUEL SÁNCHEZ JIMENEZ,DIVORCIADA,,23 DE JULIO DE 2023,3 DE AGOSTO DE 2023,Diputado,,,,,,"[{""concepto"": ""RETRIBUCIONES COMO MINISTRA DE TRANSPORTES, MOVILIDAD Y AGENDA URBANA (ENERO-NOVIEMBRE 2023)"", ""euros"": 48000.29}]",[],[],[],,[],[],[],"[{""tipo"": ""CUENTA CORRIENTE"", ""saldo"": 13627}]",[],[],[],[],[],"[{""descripcion"": ""SANTANDER (CRÉDITO HIPOTECARIO)"", ""fecha_concesion"": ""7/02/2022"", ""importe_concedido"": 165000, ""saldo_pendiente"": 153922}]",Me remito en todos los apartados no cumplimentados a las declaraciones presentadas con anterioridad.,83,fotos_diputados\deputy_083.jpg,Logo_partidos\deputy_0083.jpg,,raquel-sanchez-jimenez,193640.21
deputy_084_assets_000090_000_e_0000383_20230803.json,cristobal garre murcia,divorciado,,23 de julio de 2023,3 de agosto de 2023,Diputado,malaga,https://www.facebook.com/cristobal.garremurcia,https://www.instagram.com/garreasesores/,https://twitter.com/crisgarre,,"[{""concepto"": ""sueldo de concejal de corporación ayuntamiento de marbella"", ""euros"": 45000}]",[],"[{""concepto"": ""intereses de cuentas bancarias/otros"", ""euros"": 100}]","[{""concepto"": ""arrendamiento de vivienda"", ""euros"": 18000}]",16684.96,"[{""clase_y_caracteristicas"": ""vivienda"", ""situacion"": ""malaga"", ""fecha_adquisicion"": ""2009/2022"", ""derecho_sobre_el_bien"": ""propiedad 50%"", ""titulo_adquisicion"": ""compraventa""}, {""clase_y_caracteristicas"": ""vivienda"", ""situacion"": ""malaga"", ""fecha_adquisicion"": ""2022"", ""derecho_sobre_el_bien"": ""plena propiedad"", ""titulo_adquisicion"": ""herencia y compraventa""}]",[],"[{""clase_y_caracteristicas"": ""vivienda"", ""sociedad"": ""garro asesores, sl"", ""situacion"": ""malaga"", ""fecha_adquisicion"": ""2009"", ""derecho_sobre_el_bien"": ""propiedad 50%"", ""titulo_adquisicion"": ""compraventa""}]","[{""tipo"": ""saldos en cuentas bancarias"", ""saldo"": 40000}]","[{""descripcion"": ""96,15% garre asesores, sí (valor balance)"", ""valor"": 260000}, {""descripcion"": ""25% pericia abogados y economistas, sí (valor balance)"", ""valor"": 4000}, {""descripcion"": ""16,66% Colbrain networks, sí (inactiva) (valor balance)"", ""valor"": 0}, {""descripcion"": ""17 participaciones cooperativas de crédito cajamar"", ""valor"": 1037}]",[],[],"[{""fecha_adquisicion"": ""Julio de 2017"", ""descripcion"": ""Volkswagen touareg en garre asesores, sí""}]","[{""valor"": 18000}]","[{""descripcion"": ""prestamo hipotecario vivienda calle enebro"", ""fecha_concesion"": ""2009"", ""importe_concedido"": 240000, ""saldo_pendiente"": 130000}, {""descripcion"": ""prestamo hipotecario vivienda calle los geraneos"", ""fecha_concesion"": ""2022"", ""importe_concedido"": 175000, ""saldo_pendiente"": 170000}, {""descripcion"": ""Pensión alimentos en favor de mi Hija (Marina Garre Bandera) por 7.200 euros anuales)"", ""fecha_concesion"": null, ""importe_concedido"": null, ""saldo_pendiente"": null}]",,84,fotos_diputados\deputy_084.jpg,Logo_partidos\deputy_0084.jpg,hemiciclo\hemi_0084_3809.gif,cristobal-garre-murcia,85645.7
deputy_085_assets_000077_000_e_0000339_20230803.json,MARIO CORTES CARBALLO,CASADO,,23 JULIO 2023,3 AGOSTO 2023,Diputado,MALAGA,,,https://twitter.com/mariocortesc,,[],[],[],"[{""concepto"": ""ARRENDAMIENTO INMUEBLE"", ""euros"": null}]",15584.94,"[{""clase"": ""VIVIENDA HABITUAL"", ""situacion"": ""MALAGA"", ""fecha_adquisicion"": ""12/06/2017"", ""derecho"": ""50% PLENO DOMINIO EN PROINDIVISO""}, {""clase"": ""APARTAMENTO"", ""situacion"": ""MALAGA"", ""fecha_adquisicion"": ""9/05/2007"", ""derecho"": ""100% PLENO DOMINIO EN PROINDIVISO""}]",[],[],"[{""tipo"": ""SALDO CUENTAS CORRIENTES"", ""saldo"": ""5.593,95""}]",[],[],[],"[{""fecha_adquisicion"": ""8/02/2007"", ""descripcion"": ""VEHÍCULO LEXUS IS220""}, {""fecha_adquisicion"": ""17/05/2005"", ""descripcion"": ""MOTOCICLETA BMW F650GS""}]","[{""concepto"": ""PLAN PENSIONES"", ""valor"": ""23.159,45""}]","[{""descripcion"": ""HIPOTECA VIVIENDA HABITUAL"", ""fecha_concesion"": ""12/06/2017"", ""importe_concedido"": ""128.500"", ""saldo_pendiente"": ""105.278,40""}, {""descripcion"": ""HIPOTECA APARTAMENTO"", ""fecha_concesion"": ""20/04/2007"", ""importe_concedido"": ""126.700"", ""saldo_pendiente"": ""67.957,25""}, {""descripcion"": ""PRESTAMO REFORMA VIVIENDA"", ""fecha_concesion"": ""09/12/2020"", ""importe_concedido"": ""35.303,29"", ""saldo_pendiente"": ""16.844,18""}]",,85,fotos_diputados\deputy_085.jpg,Logo_partidos\deputy_0085.jpg,hemiciclo\hemi_0085_3708.gif,mario-cortes-carballo,91261.66
deputy_086_assets_000080_000_e_0000350_20230803.json,ESTHER GIL DE REBOLEÑO LASTORTRES,DIVORCIADA,,23 JULIO 2023,3 AGOSTO 2023,Senador,CADIZ,https://www.facebook.com/esthergilsumarcadiz,https://www.instagram.com/esthergilsumar/,https://twitter.com/esthergilsumar,,"[{""concepto"": ""Sueldo como empleada en Cadigenia s.l"", ""euros"": ""26381,22€""}]",[],[],[],1924.82,[],[],[],"[{""tipo"": ""CUENTA CORRIENTE EN ENTIDAD BANCARIA"", ""saldo"": ""24578,70""}]",[],"[{""descripcion"": ""CADIGENIA S.L 33.3% ORBITA S.L 33,3%"", ""valor"": ""1200,33""}]",[],"[{""fecha_adquisicion"": ""MARZO 2021"", ""descripcion"": ""Furgoneta VW TRANSPORTER""}]",[],[],,86,fotos_diputados\deputy_086.jpg,Logo_partidos\deputy_0086.jpg,hemiciclo\hemi_0086_4.gif,esther-gil-reboleno-lastortres,
deputy_087_assets_000086_000_e_0000363_20230803.json,LANDER MARTÍNEZ HIERRO,CASADO,SEPARACIÓN DE BIENES,23/07/2023,03/08/2023,Diputado,BIZKAIA,,https://www.instagram.com/lander_martinez_hierro/,https://twitter.com/LanderMartinez_,,"[{""procedencia"": ""AHEAD IDEAS S. COOP. PEQUEÑA"", ""concepto"": ""Percepciones netas de tipo salarial, sueldos, honorarios, aranceles y otras retribuciones"", ""euros"": ""30.405,92€""}, {""procedencia"": ""ACTIVIDADES ECONÓMICAS (TERTULIAS TELEVISIÓN)"", ""concepto"": ""Percepciones netas de tipo salarial, sueldos, honorarios, aranceles y otras retribuciones"", ""euros"": ""5.531,98€""}]",[],[],[],,"[{""clase"": ""PISO DE 67 M2"", ""situacion"": ""BILBAO"", ""fecha_adquisicion"": ""23/06/2017"", ""derecho"": ""PLENO DOMINIO POR COMPRA""}]",[],[],"[{""descripcion"": ""DOS CUENTAS CORRIENTES Y UN FONDO DE INVERSIÓN"", ""saldo"": ""32.345,54 €""}]",[],"[{""descripcion"": ""50% DE UNA LA COOPERATIVA AHEAD IDEAS S. COOP. PEQUEÑA"", ""valor"": ""4.000€""}]",[],"[{""fecha_adquisicion"": ""20/07/2016"", ""descripcion"": ""TOYOTA YARIS HYBRID""}]",[],"[{""prestamo"": ""HIPOTECA"", ""fecha_concesion"": ""23/03/2017"", ""importe_concedido"": ""100.000 €"", ""saldo_pendiente"": ""85.564,83 €""}]",,87,fotos_diputados\deputy_087.jpg,Logo_partidos\deputy_0087.jpg,hemiciclo\hemi_0087_2402.gif,lander-martinez-hierro,91261.66
deputy_088_assets_000070_000_e_0000316_20230803.json,ISABEL GEMA PÉREZ RECUERDA,CASADA,GANANCIALES,23/07/2023,03/08/2023,Diputado,MÁLAGA,https://www.facebook.com/profile.php?id=100009568950186,https://www.instagram.com/gemaperezrecuerda/,https://twitter.com/GRecuerda,,"[{""concepto"": ""RENDIMIENTO NETO"", ""euros"": ""57.812,93""}]",[],[],"[{""concepto"": ""ARRENDAMIENTO"", ""euros"": ""2.100""}]",2955.8,"[{""clase"": ""CASA"", ""situacion"": ""TORREMOLINOS"", ""fecha_adquisicion"": ""19/11/1968"", ""derecho"": ""50% HERENCIA""}, {""clase"": ""LOCAL"", ""situacion"": ""TORREMOLINOS"", ""fecha_adquisicion"": ""28/11/1977"", ""derecho"": ""50% HERENCIA""}, {""clase"": ""TERRENO"", ""situacion"": ""MALAGA"", ""fecha_adquisicion"": ""16/11/2001"", ""derecho"": ""50% HERENCIA""}]",[],[],"[{""tipo"": ""CUENTAS CORRIENTES"", ""saldo"": ""46.000""}]",[],[],[],"[{""fecha_adquisicion"": ""ENERO 2021"", ""descripcion"": ""SUZUKI SX4""}]",[],[],,88,fotos_diputados\deputy_088.jpg,Logo_partidos\deputy_0088.jpg,hemiciclo\hemi_0088_3807.gif,isabel-gema-perez-recuerda,80731.14
deputy_088_assets_000070_001_e_0075628_20250710.json,ISABEL GEMA PÉREZ RECUERDA,CASADA,SEPARACIÓN DE BIENES,23/07/2023,03/08/2023,Diputado,MÁLAGA,https://www.facebook.com/profile.php?id=100009568950186,https://www.instagram.com/gemaperezrecuerda/,https://twitter.com/GRecuerda,,[],[],[],"[{""concepto"": ""ARRENDAMIENTO"", ""euros"": ""2.100€""}]",15599.18,"[{""clase"": ""CASA"", ""situacion"": ""TORREMOLINOS"", ""fecha_adquisicion"": ""19/02/2021"", ""derecho"": ""50%"", ""titulo"": ""HERENCIA""}, {""clase"": ""LOCAL"", ""situacion"": ""TORREMOLINOS"", ""fecha_adquisicion"": ""19/02/2021"", ""derecho"": ""50%"", ""titulo"": ""HERENCIA""}, {""clase"": ""TERRENO"", ""situacion"": ""MÁLAGA"", ""fecha_adquisicion"": ""19/02/2021"", ""derecho"": ""50%"", ""titulo"": ""HERENCIA""}]",[],[],"[{""tipo"": ""CUENTAS CORRIENTES"", ""saldo"": ""9.550 €""}]",[],[],[],"[{""fecha_adquisicion"": ""ENERO 2021"", ""descripcion"": ""SUZUKI SX4""}]",[],[],SE CORRIGEN LAS FECHAS DE ADQUISICIONES BIENES INMUEBLES PARA QUE FIGURE POR HERENCIA,88,fotos_diputados\deputy_088.jpg,Logo_partidos\deputy_0088.jpg,hemiciclo\hemi_0088_3807.gif,isabel-gema-perez-recuerda,80731.14
deputy_089_assets_000071_000_e_0000320_20230803.json,RICARDO TARNO BLANCO,CASADO,SEPARACION DE BIENES,23/07/2023,,Diputado,,,,https://twitter.com/RicardoTarno,,[],[],[],[],,"[{""clase"": ""VIVIENDA"", ""caracteristicas"": null, ""situacion"": ""SEVILLA"", ""fecha_adquisicion"": ""SEPTIEMBRE 2000"", ""derecho"": ""PLENO DOMINIO"", ""titulo_adquisicion"": ""COMPRAVENTA""}, {""clase"": ""VIVIENDA"", ""caracteristicas"": null, ""situacion"": ""CANTABRIA"", ""fecha_adquisicion"": ""ENERO 2006"", ""derecho"": ""50% PLENO DOMINIO"", ""titulo_adquisicion"": ""COMPRAVENTA""}, {""clase"": ""VIVIENDA"", ""caracteristicas"": null, ""situacion"": ""CANTABRIA"", ""fecha_adquisicion"": ""ENERO 2008"", ""derecho"": ""3,33% PLENO DOMINIO"", ""titulo_adquisicion"": ""HERENCIA""}, {""clase"": ""VIVIENDA"", ""caracteristicas"": null, ""situacion"": ""SEVILLA"", ""fecha_adquisicion"": ""ENERO 2008"", ""derecho"": ""3,33% PLENO DOMINIO"", ""titulo_adquisicion"": ""HERENCIA""}, {""clase"": ""GARAJE"", ""caracteristicas"": null, ""situacion"": ""SEVILLA"", ""fecha_adquisicion"": ""ENERO 2008"", ""derecho"": ""3,33% PLENO DOMINIO"", ""titulo_adquisicion"": null}]",[],[],"[{""tipo"": ""CUENDA CORRIENTE"", ""saldo"": 48027.51}]",[],"[{""descripcion"": ""ACCIONES REAL BETIS BALONPIE S.A.D. (VALOR NOMINAL)"", ""valor"": 1600}]",[],"[{""fecha_adquisicion"": ""ENERO 2008"", ""descripcion"": ""SMART TWO""}]",[],"[{""descripcion"": ""PRESTAMO HIPOTECARIO LA CAIXA"", ""fecha_concesion"": ""ENERO 2006"", ""importe_concedido"": 90000, ""saldo_pendiente"": 18000}]",,89,fotos_diputados\deputy_089.jpg,Logo_partidos\deputy_0089.jpg,hemiciclo\hemi_0089_5801.gif,ricardo-tarno-blanco,91261.66
deputy_089_assets_000071_001_e_0038528_20240917.json,RICARDO TARNO BLANCO,CASADO,SEPARACIÓN DE BIENES,23/07/2023,03/08/2023,Diputado,SEVILLA,,,https://twitter.com/RicardoTarno,,[],[],[],[],,"[{""clase_y_caracteristicas"": ""VIVIENDA"", ""situacion"": ""SEVILLA"", ""fecha_adquisicion"": ""MARZO 2024"", ""derecho_sobre_el_bien"": ""PLENO DOMINIO"", ""titulo_adquisicion"": ""COMPRAVENTA""}]",[],[],[],[],[],[],[],[],"[{""descripcion_y_acreedor"": ""PRESTAMO HIPOTECARIO BANCO SANTANDER"", ""fecha_concesion"": ""Febrero 2024"", ""importe_concedido"": 430000, ""saldo_pendiente"": 423266}]",MODIFICACIÓN DECLARACIÓN POR ADQUISICIÓN DE VIVIENDA,89,fotos_diputados\deputy_089.jpg,Logo_partidos\deputy_0089.jpg,hemiciclo\hemi_0089_5801.gif,ricardo-tarno-blanco,91261.66
deputy_090_assets_000074_000_e_0000328_20230803.json,OSCAR PUENTE SANTIAGO,DIVORCIADO,,23 JULIO 2023,3 AGOSTO 2023,Diputado,VALLADOLID,,,https://twitter.com/oscar_puente_,,"[{""concepto"": ""SALARIO ALCALDE AYUNTAMIENTO VALLADOLID"", ""euros"": 84168.54}]",[],[],"[{""concepto"": ""RENTA APARTAMENTO"", ""euros"": 2656.02}, {""concepto"": ""RENTA APARTAMENTO"", ""euros"": 2656.02}, {""concepto"": ""RENTA APARTAMENTO"", ""euros"": 2656.02}]",26350.77,"[{""clase"": ""APARTAMENTO Y GARAJE"", ""situacion"": ""VALLADOLID"", ""fecha_adquisicion"": ""2000"", ""derecho"": ""NUDA PROPIEDAD 50%""}, {""clase"": ""APARTAMENTO Y GARAJE"", ""situacion"": ""VALLADOLID"", ""fecha_adquisicion"": ""2008"", ""derecho"": ""NUDA PROPIEDAD 50%""}, {""clase"": ""PISO Y GARAJE"", ""situacion"": ""VALLADOLID"", ""fecha_adquisicion"": ""2013"", ""derecho"": ""NUDA PROPIEDAD 50%""}]",[],[],"[{""descripcion"": ""CUENTA CORRIENTE CAJA RURAL ZAMORA"", ""saldo"": 37786.66}]",[],[],[],[],"[{""descripcion"": ""PLAN PENSION MUTUALIDAD ABOGACIA"", ""valor"": 42479.4}]","[{""descripcion"": ""HIPOTECA BANCO SANTANDER"", ""fecha_concesion"": ""31-01-2008"", ""importe_concedido"": 130540, ""saldo_pendiente"": 69780}, {""descripcion"": ""HIPOTECA BANCO SANTANDER"", ""fecha_concesion"": ""6-2-2013"", ""importe_concedido"": 232000, ""saldo_pendiente"": 160834.86}, {""descripcion"": ""PRESTAMO PERSONAL CAJA RURAL ZAMORA"", ""fecha_concesion"": ""20-4-2021"", ""importe_concedido"": 50000, ""saldo_pendiente"": 31914.07}]",,90,fotos_diputados\deputy_090.jpg,Logo_partidos\deputy_0090.jpg,hemiciclo\hemi_0090_1108.gif,oscar-puente-santiago,110941.72
deputy_090_assets_000074_001_e_0075932_20250715.json,OSCAR PUENTE SANTIAGO,CASADO,SEPARACIÓN DE BIENES,23 JULIO 2023,3 AGOSTO 2023,Diputado,VALLADOLID,,,https://twitter.com/oscar_puente_,,"[{""concepto"": ""SALARIO MINISTRO DE TRANSPORTES Y MOVILIDAD SOSTENIBLE"", ""euros"": 56792.82}]",[],[],[],19236.51,"[{""clase"": ""VIVIENDA"", ""situacion"": ""VALLADOLID"", ""fecha_adquisicion"": ""2003"", ""derecho"": ""NUDA PROPIEDAD 25%""}, {""clase"": ""VIVIENDA"", ""situacion"": ""VALLADOLID"", ""fecha_adquisicion"": ""2008"", ""derecho"": ""NUDA PROPIEDAD 50%""}, {""clase"": ""GARAJE"", ""situacion"": ""VALLADOLID"", ""fecha_adquisicion"": ""2008"", ""derecho"": ""NUDA PROPIEDAD 50%""}, {""clase"": ""GARAJE"", ""situacion"": ""VALLADOLID"", ""fecha_adquisicion"": ""2008"", ""derecho"": ""NUDA PROPIEDAD 50%""}, {""clase"": ""VIVIENDA"", ""situacion"": ""VALLADOLID"", ""fecha_adquisicion"": ""2013"", ""derecho"": ""NUDA PROPIEDAD 50%""}, {""clase"": ""VIVIENDA"", ""situacion"": ""ALICANTE"", ""fecha_adquisicion"": ""2025"", ""derecho"": ""NUDA PROPIEDAD 50%""}]",[],[],"[{""entidad"": ""CAJA RURAL DE ZAMORA"", ""saldo"": 1947.47}]",[],[],[],[],"[{""descripcion"": ""PLAN PENSIÓN MUTUALIDAD ABOGACÍA"", ""valor"": 42479.4}, {""descripcion"": ""BANCO SANTANDER"", ""valor"": 38783.4}]","[{""descripcion"": ""HIPOTECA BANCO SANTANDER"", ""fecha_concesion"": ""31-1-2008"", ""importe_concedido"": 130540.0, ""saldo_pendiente"": 62593.0}, {""descripcion"": ""HIPOTECA BANCO SANTANDER"", ""fecha_concesion"": ""6-2-2013"", ""importe_concedido"": 23200.0, ""saldo_pendiente"": 149745.0}, {""descripcion"": ""PRESTAMO PERSONAL CAJA RURAL DE ZAMORA"", ""fecha_concesion"": ""20-4-2021"", ""importe_concedido"": 50000.0, ""saldo_pendiente"": 15886.3}, {""descripcion"": ""HIPOTECA CAJA RURAL DE ZAMORA"", ""fecha_concesion"": ""19-5-2025"", ""importe_concedido"": 173000.0, ""saldo_pendiente"": 172646.0}]",,90,fotos_diputados\deputy_090.jpg,Logo_partidos\deputy_0090.jpg,hemiciclo\hemi_0090_1108.gif,oscar-puente-santiago,110941.72
deputy_091_assets_000085_000_e_0000361_20230803.json,MARÍA LUISA SANZ MARTÍNEZ,CASADA,,23/07/2023,03/08/2023,Diputado,VALLADOLID,,,,,"[{""procedencia"": ""UNIVERSIDAD DE VALLADOLID"", ""concepto"": ""TÉCNICA DE INVESTIGACIÓN"", ""euros"": ""25.578,91€""}]",[],[],[],,"[{""clase"": ""PISO"", ""situacion"": ""VALLADOLID"", ""fecha_adquisicion"": ""11/05/2021"", ""derecho"": ""PARTE PRIVATIVO Y PARTE GANANCIAL"", ""titulo_adquisicion"": ""COMPRAVENTA""}]",[],[],"[{""tipo"": ""AHORRO INVERSIÓN PIAS Link Cesta Equilibra"", ""saldo"": ""3.128,16 €""}]",[],[],[],"[{""fecha_adquisicion"": ""02/01/2014"", ""descripcion"": ""BMW X3""}, {""fecha_adquisicion"": ""28/08/2019"", ""descripcion"": ""VOLKSWAGEN BEATLE""}]",[],"[{""prestamo"": ""PRESTAMO HIPOTECARIO"", ""fecha_concesion"": ""11/05/2021"", ""importe_concedido"": ""200.000€"", ""saldo_pendiente"": ""185.724,08 €""}]",,91,fotos_diputados\deputy_091.jpg,Logo_partidos\deputy_0091.jpg,hemiciclo\hemi_0091_1713.gif,maria-luisa-sanz-martinez,
deputy_092_assets_000093_000_e_0000391_20230803.json,Txema Guijarro García,Casado,sociedad de gananciales,23 julio 2023,3 agosto 2023,Diputado,Alicante,,,https://twitter.com/TxemaGuijarro,,"[{""concepto"": ""Diputado"", ""euros"": ""58.590,28""}]",[],[],[],58590.28,[],[],[],"[{""descripcion"": ""CUENTA CORRIENTE EN CAIXABANK"", ""saldo"": ""13.067,87""}]",[],[],[],"[{""fecha_adquisicion"": ""16 diciembre 2016"", ""descripcion"": ""Nissan Xtrail 4x4 de 2012""}]",[],[],,92,fotos_diputados\deputy_092.jpg,Logo_partidos\deputy_0092.jpg,hemiciclo\hemi_0092_2401.gif,txema-guijarro-garcia,97457.92
deputy_093_assets_000078_000_e_0000343_20230803.json,ÁLVARO MORALES ÁLVAREZ,CASADO,GANANCIALES,23 DE JULIO DE 2023,3 DE AGOSTO DE 2023,Senador,BURGOS,https://www.facebook.com/moralesalv,https://www.instagram.com/moralesalvarezalvaro/,https://twitter.com/morales__alv,,"[{""procedencia"": ""AYUNTAMIENTO DE BRIVIESCA"", ""concepto"": ""CARGO PUBLICO ALCALDIA"", ""euros"": 21840.84}, {""procedencia"": ""CONSORCIO TRATAMIENTO DE RESIDUOS DE RESIDUOS DE LA PROVINCIA DE BURGOS"", ""concepto"": ""CONSEJERO"", ""euros"": 1999.0}]",[],[],[],3716.33,"[{""clase"": ""PISO"", ""situacion"": ""BURGOS"", ""fecha_adquisicion"": ""2012"", ""derecho"": ""50% DEL PLENO DOMINIO COMPRAVENTA""}, {""clase"": ""PLAZA DE APARCAMIENTO"", ""situacion"": ""BURGOS"", ""fecha_adquisicion"": ""2013"", ""derecho"": ""50% DEL PLENO DOMINIO COMPRAVENTA""}]",[],[],"[{""tipo"": ""DEPOSITO EN CUENTA CORRIENTE"", ""saldo"": 71655.57, ""porcentaje"": ""50%""}]",[],[],[],[],[],"[{""descripcion"": ""PRESTAMO HIPOTECARIO SANTANDER"", ""fecha_concesion"": ""10/08/2016"", ""importe_concedido"": 67583.53, ""saldo_pendiente"": 36152.01}]",,93,fotos_diputados\deputy_093.jpg,Logo_partidos\deputy_0093.jpg,hemiciclo\hemi_0093_1809.gif,alvaro-morales-alvarez,85645.7
deputy_094_assets_000088_000_e_0000379_20230803.json,Arnau Ramírez Carner,Soltero,,23 de Julio de 2023,03 de Agosto de 2023,Diputado,,https://www.facebook.com/arnau.ramirezcarner,https://www.instagram.com/arnauramirez/,https://twitter.com/arnauramirez,,[],[],[],[],14112.47,[],[],[],"[{""tipo"": ""Saldos en cuentas corrientes"", ""saldo"": 12666.55}]",[],[],[],[],[],"[{""descripcion"": ""Hipoteca BBVA"", ""fecha_concesion"": ""10/03/2023"", ""importe_concedido"": 180000, ""saldo_pendiente"": 147000}]",,94,fotos_diputados\deputy_094.jpg,Logo_partidos\deputy_0094.jpg,hemiciclo\hemi_0094_1603.gif,arnau-ramirez-carner,97457.92
deputy_094_assets_000088_001_e_0003436_20231030.json,ARNAU RAMIREZ CARNER,Soltero,,23 de julio de 2023,3 de agosto de 2023,Diputado,Barcelona,https://www.facebook.com/arnau.ramirezcarner,https://www.instagram.com/arnauramirez/,https://twitter.com/arnauramirez,,[],[],[],[],,"[{""clase_y_caracteristicas"": ""Vivienda"", ""situacion"": ""Barcelona"", ""fecha_adquisicion"": ""2023"", ""derecho_sobre_el_bien"": ""100% Propiedad"", ""titulo_adquisicion"": ""Compraventa""}]",[],[],"[{""tipo"": ""Saldos en cuentas corrientes"", ""saldo"": ""12.478 €""}]",[],[],[],[],[],"[{""descripcion_y_acreedor"": ""Hipoteca BBVA"", ""fecha_concesion"": ""10/03/2023"", ""importe_concedido"": ""180.000"", ""saldo_pendiente"": ""153.691 €""}]",,94,fotos_diputados\deputy_094.jpg,Logo_partidos\deputy_0094.jpg,hemiciclo\hemi_0094_1603.gif,arnau-ramirez-carner,97457.92
deputy_095_assets_000079_000_e_0000347_20230803.json,ESTHER PEÑA CAMARERO,CASADA,SEPARACIÓN DE BIENES,23/07/2023,,Diputado,BURGOS,,,https://twitter.com/estherpcamarero,,[],[],[],[],15356.6,"[{""clase_y_caracteristicas"": ""VIVIENDA CON PLAZA DE GARAJE"", ""situacion"": ""BURGOS"", ""fecha_adquisicion"": ""2016"", ""derecho_sobre_el_bien"": ""COMPRAVENTA"", ""titulo_adquisicion"": ""50% PLENO DOMINIO""}]",[],[],"[{""tipo"": ""CUENTA CORRIENTE"", ""saldo"": 61217}]",[],[],[],"[{""fecha_adquisicion"": ""2018"", ""descripcion"": ""VEHICULO FAMILIAR""}]","[{""descripcion"": ""MICROCREDITO A PSOE"", ""valor"": 3000}]","[{""descripcion"": ""PRESTAMO HIPOTECARIO. 50%. CAJA LABORAL"", ""fecha_concesion"": ""2016"", ""importe_concedido"": 206000, ""saldo_pendiente"": 101985}]",,95,fotos_diputados\deputy_095.jpg,Logo_partidos\deputy_0095.jpg,hemiciclo\hemi_0095_1301.gif,esther-pena-camarero,97457.92
deputy_096_assets_000082_000_e_0000356_20230803.json,MANUEL ARRIBAS MAROTO,SOLTERO,,23 DE JULIO DE 2023,3 DE AGOSTO DE 2023,Diputado,ÁVILA,,,https://twitter.com/ArribasManuel,,[],[],[],[],13490.34,[],[],[],"[{""tipo"": ""CUENTAS CORRIENTES"", ""saldo"": ""15.698,35 €""}]",[],[],[],"[{""fecha_adquisicion"": ""MAYO 2021"", ""descripcion"": ""RANGE ROVER 3.2""}, {""fecha_adquisicion"": ""JUNIO 2023"", ""descripcion"": ""RENAULT 5 COPA TURBO""}]",[],[],,96,fotos_diputados\deputy_096.jpg,Logo_partidos\deputy_0096.jpg,hemiciclo\hemi_0096_1504.gif,manuel-arribas-maroto,91261.66
deputy_097_assets_000081_000_e_0000352_20230803.json,ISABEL RODRÍGUEZ GARCÍA,Casada,Separación de bienes,23/07/2023,03/08/2023,Senador,Ciudad Real,,,,,"[{""concepto"": ""Remuneración Ministra de Política Territorial"", ""euros"": ""6.617,93 (brutos/mes/12 pagas)""}]",[],[],"[{""concepto"": ""Arrendamiento"", ""euros"": ""5.130 (anual)""}]",19847.16,"[{""clase"": ""VIVIENDA"", ""situacion"": ""CIUDAD REAL"", ""fecha_adquisicion"": ""2004"", ""derecho"": ""PLENO DOMINIO (50%)"", ""titulo"": ""COMPRAVENTA""}, {""clase"": ""PLAZA APARCAMIENTO"", ""situacion"": ""CIUDAD REAL"", ""fecha_adquisicion"": ""2004"", ""derecho"": ""PLENO DOMINIO (50%)"", ""titulo"": ""COMPRAVENTA""}, {""clase"": ""TRASTERO"", ""situacion"": ""CIUDAD REAL"", ""fecha_adquisicion"": ""2004"", ""derecho"": ""PLENO DOMINIO (50%)"", ""titulo"": ""COMPRAVENTA""}, {""clase"": ""VIVIENDA"", ""situacion"": ""CIUDAD REAL"", ""fecha_adquisicion"": ""2011"", ""derecho"": ""PLENO DOMINIO (50%)"", ""titulo"": ""COMPRAVENTA""}, {""clase"": ""VIVIENDA"", ""situacion"": ""CIUDAD REAL"", ""fecha_adquisicion"": ""2018"", ""derecho"": ""PLENO DOMINIO (100%)"", ""titulo"": ""COMPRAVENTA""}, {""clase"": ""PLAZA DE APARCAMIENTO"", ""situacion"": ""CIUDA REAL"", ""fecha_adquisicion"": ""2018"", ""derecho"": ""PLENO DOMINIO (100%)"", ""titulo"": ""COMPRAVENTA""}]",[],[],"[{""tipo"": ""CUENTA CORRIENTE"", ""saldo"": ""13.511,07""}]",[],[],[],"[{""fecha_adquisicion"": ""14/02/2006"", ""descripcion"": ""SEAT IBIZA""}, {""fecha_adquisicion"": ""01/08/2010"", ""descripcion"": ""WOLKSWAGEN PASSAT""}]",[],"[{""descripcion"": ""CRÉDITO HIPOTECARIO (50%)"", ""fecha_concesion"": ""2004"", ""importe_concedido"": ""88.400"", ""saldo_pendiente"": ""39.510,21""}, {""descripcion"": ""CRÉDITO HIPOTECARIO (50%)"", ""fecha_concesion"": ""2004"", ""importe_concedido"": ""17.400"", ""saldo_pendiente"": ""8.447,75""}, {""descripcion"": ""CRÉDITO HIPOTECARIO (50%)"", ""fecha_concesion"": ""2020"", ""importe_concedido"": ""90.000"", ""saldo_pendiente"": ""87.042,68""}]",BIENES PATRIMONIALES DEL PARLAMENTARIO: TRASTERO CIUDAD REAL 2011 PLENO DOMINIO (50%) COMPRA-VENTA,97,fotos_diputados\deputy_097.jpg,Logo_partidos\deputy_0097.jpg,,isabel-rodriguez-garcia,81793.8
deputy_097_assets_000081_002_e_0006792_20231221.json,ISABEL RODRÍGUEZ GARCÍA,Casada,Separación de bienes,23/07/2023,03/08/2023,Diputado,Ciudad Real,,,,,"[{""concepto"": ""Remuneración Ministra de Política Territorial"", ""euros"": null}]",[],[],"[{""concepto"": ""Arrendamiento"", ""euros"": null}]",19847.16,"[{""clase"": ""VIVIENDA"", ""situacion"": ""CIUDAD REAL"", ""fecha_adquisicion"": ""2004"", ""derecho"": ""PLENO DOMINIO (50%)"", ""titulo"": ""COMPRAVENTA""}, {""clase"": ""PLAZA APARCAMIENTO"", ""situacion"": ""CIUDAD REAL"", ""fecha_adquisicion"": ""2004"", ""derecho"": ""PLENO DOMINIO (50%)"", ""titulo"": ""COMPRAVENTA""}, {""clase"": ""TRASTERO"", ""situacion"": ""CIUDAD REAL"", ""fecha_adquisicion"": ""2004"", ""derecho"": ""PLENO DOMINIO (50%)"", ""titulo"": ""COMPRAVENTA""}, {""clase"": ""VIVIENDA"", ""situacion"": ""CIUDAD REAL"", ""fecha_adquisicion"": ""2011"", ""derecho"": ""PLENO DOMINIO (50%)"", ""titulo"": ""COMPRAVENTA""}, {""clase"": ""VIVIENDA"", ""situacion"": ""CIUDAD REAL"", ""fecha_adquisicion"": ""2018"", ""derecho"": ""PLENO DOMINIO (100%)"", ""titulo"": ""COMPRAVENTA""}, {""clase"": ""PLAZA DE APARCAMIENTO"", ""situacion"": ""CIUDA REAL"", ""fecha_adquisicion"": ""2018"", ""derecho"": ""PLENO DOMINIO (100%)"", ""titulo"": ""COMPRAVENTA""}]",[],[],"[{""tipo"": ""CUENTA CORRIENTE"", ""saldo"": ""18.595,70""}]",[],[],[],"[{""fecha_adquisicion"": ""14/02/2006"", ""descripcion"": ""SEAT IBIZA""}, {""fecha_adquisicion"": ""01/08/2010"", ""descripcion"": ""WOLKSWAGEN PASSAT""}]","[{""concepto"": ""PLAN DE PENSIONES"", ""valor"": ""11.828,60""}]","[{""prestamo"": ""CRÉDITO HIPOTECARIO (50%)"", ""fecha_concesion"": ""2004"", ""importe_concedido"": ""88.400"", ""saldo_pendiente"": ""39.510,21""}, {""prestamo"": ""CRÉDITO HIPOTECARIO (50%)"", ""fecha_concesion"": ""2004"", ""importe_concedido"": ""17.400"", ""saldo_pendiente"": ""8.447,75""}, {""prestamo"": ""CRÉDITO HIPOTECARIO (50%)"", ""fecha_concesion"": ""2020"", ""importe_concedido"": ""90.000"", ""saldo_pendiente"": ""87.042,68""}]",BIENES PATRIMONIALES DEL PARLAMENTARIO: TRASTERO CIUDAD REAL 2011 PLENO DOMINIO (50%) COMPRA-VENTA,97,fotos_diputados\deputy_097.jpg,Logo_partidos\deputy_0097.jpg,,isabel-rodriguez-garcia,81793.8
deputy_098_assets_000089_000_e_0000381_20230803.json,Gonzalo Redondo Cárdenas,Casado,Separación de bienes,23 de Julio 2023,3 de Agosto de 2023,Diputado,Ciudad Real,,,https://twitter.com/GONZALO_REDONDO,,"[{""procedencia"": ""Diputación Provincial de Ciudad Real"", ""concepto"": ""Percepciones netas de tipo salarial, sueldos, honorarios, aranceles y otras retribuciones"", ""euros"": ""46.471,08€""}]",[],"[{""procedencia"": ""Dietas Diputación Provincial de Ciudad Real"", ""concepto"": ""Intereses o rendimientos de cuentas, depósitos y activos financieros"", ""euros"": ""3.179,04€""}]","[{""procedencia"": ""Arrendamiento de bienes inmuebles 2022"", ""concepto"": ""OTRAS rentas o percepciones de cualquier clase"", ""euros"": ""3.600€""}]",14156.62,"[{""clase"": ""Vivienda-Piso"", ""situacion"": ""Alcázar de San Juan (Ciudad Real)"", ""fecha_adquisicion"": ""16-11-2010"", ""derecho"": ""Pleno dominio / Compraventa, 100% participación""}, {""clase"": ""Plaza de Aparcamiento"", ""situacion"": ""Alcázar de San Juan (Ciudad Real)"", ""fecha_adquisicion"": ""16-11-2010"", ""derecho"": ""Pleno dominio / Compraventa, 100% participación""}, {""clase"": ""Vivienda-Piso"", ""situacion"": ""Alcázar de San Juan (Ciudad Real)"", ""fecha_adquisicion"": ""03-11-2023"", ""derecho"": ""Pleno dominio / Compraventa, 50% participación""}]",[],[],"[{""tipo"": ""Saldo en cuentas corrientes"", ""saldo"": ""68.787,965€""}]","[{""descripcion"": ""Plan de Empleo Banco de Castilla La Mancha (saldo a 31-07-2023)"", ""valor"": ""21.779,34€""}, {""descripcion"": ""Plan de Estudio Liberbank (saldo a 31-07-2023)"", ""valor"": ""10.452,96€""}]",[],[],"[{""fecha_adquisicion"": ""8-03-2014"", ""descripcion"": ""Kia Carens""}]","[{""valor"": ""0€""}]","[{""descripcion"": ""Préstamo hipotecario"", ""fecha_concesion"": ""16-11-2010"", ""importe_concedido"": ""150.000€"", ""saldo_pendiente"": ""38.140,35€""}]",,98,fotos_diputados\deputy_098.jpg,Logo_partidos\deputy_0098.jpg,hemiciclo\hemi_0098_4803.gif,gonzalo-redondo-cardenas,85645.7
deputy_098_assets_000089_001_e_0034619_20240724.json,Gonzalo Redondo Cárdenas,Casado,Separación de bienes,23 de julio de 2023,3 de agosto de 2023,Senador,Ciudad Real,,,https://twitter.com/GONZALO_REDONDO,,"[{""procedencia"": ""Diputación Provincial de Ciudad Real"", ""concepto"": ""Ingresos percibidos hasta 30-06-2023"", ""euros"": ""24.335,60€""}, {""procedencia"": ""Ayuntamiento Alcázar de San Juan"", ""concepto"": ""Ingresos correspondientes a nómina del mes de Julio 2023"", ""euros"": ""3.078,75€""}]",[],[],"[{""procedencia"": ""Dietas asistencia Cámara de Comercio de Ciudad Real"", ""concepto"": ""dietas 2023 antes del cese en el cargo"", ""euros"": ""45,08€""}, {""procedencia"": ""Arrendamiento de vivienda"", ""concepto"": ""Ingresos percibidos en 2023"", ""euros"": ""3.600€""}]",11473.98,"[{""clase"": ""Vivienda-Piso"", ""situacion"": ""Alcázar de San Juan (Ciudad Real)"", ""fecha_adquisicion"": ""16-11-2010"", ""derecho"": ""Pleno dominio / Compraventa, 100% participación""}, {""clase"": ""Plaza de aparcamiento"", ""situacion"": ""Alcázar de San Juan (Ciudad Real)"", ""fecha_adquisicion"": ""16-11-2010"", ""derecho"": ""Pleno dominio / Compraventa, 100% participación""}, {""clase"": ""Vivienda - Piso"", ""situacion"": ""Alcázar de San Juan (Ciudad Real)"", ""fecha_adquisicion"": ""Adquisición 03-11-2022 Seg/Agreg 15-03-2024"", ""derecho"": ""Compraventa y Donación. Participación 77,8% tras segregación/agregación a finca colindante, 66,98m2""}, {""clase"": ""Vivienda - Piso"", ""situacion"": ""Alcázar de San Juan (Ciudad Real)"", ""fecha_adquisicion"": ""03-05-2024"", ""derecho"": ""Herencia/ 25% nuda propiedad""}]",[],[],"[{""tipo"": ""Saldo en cuentas corrientes"", ""saldo"": ""41.633,36 €""}]","[{""descripcion"": ""Plan de Empleo Banco de Castilla La Mancha"", ""valor"": ""21.779,34€""}, {""descripcion"": ""Plan de Estudios Liberbank"", ""valor"": ""11.564,91€""}]",[],[],"[{""fecha_adquisicion"": ""08-03-2014"", ""descripcion"": ""kia Carens""}]",[],"[{""descripcion"": ""Prestamo Hipotecario"", ""fecha_concesion"": ""16-11-2010"", ""importe_concedido"": ""150.000€"", ""saldo_pendiente"": ""33.202,89€""}]","Modificación en Vivienda adquirida por Compraventa el 03-11-2022, teniendo en el momento de la compra el 50% de participación. Con fecha 15-03-2024 realizamos segregación de la finca para posteriormente realizar agregación en finca colindante, resultado la finca segregada en una propiedad con 66,98 m2 de la que mantengo el 77,8% de participación a través de Compraventa en origen y Donación tras la Segregación/Agregación. Vivienda a través de Herencia 03-05-2024 con 68,88m2, en la que mantengo el 25% en nuda propiedad.",98,fotos_diputados\deputy_098.jpg,Logo_partidos\deputy_0098.jpg,hemiciclo\hemi_0098_4803.gif,gonzalo-redondo-cardenas,85645.7
deputy_099_assets_000092_000_e_0000387_20230803.json,JAVIER MERINO MARTÍNEZ,DIVORCIADO,,23 DE JULIO DE 2023,3 DE AGOSTO DE 2023,Diputado,LA RIOJA,https://www.facebook.com/javier.merinomartinez.5,https://www.instagram.com/javiermerinomartinez/,https://twitter.com/javier_merino,,"[{""procedencia"": ""Percepciones correspondientes a mi condición de Diputado en el Congreso durante la Legislatura XIV"", ""concepto"": ""Percepciones netas de tipo salarial, sueldos, honorarios, aranceles y otras retribuciones"", ""euros"": null}]",[],[],[],15450.0,[],[],[],"[{""tipo"": ""CUENTAS CORRIENTES Y DEPÓSITOS"", ""saldo"": 33500}]",[],[],[],"[{""fecha_adquisicion"": ""15 DE JULIO DE 2021"", ""descripcion"": ""RENAULT TALISMÁN""}]",[],"[{""descripcion"": ""Préstamo Personal BBVA"", ""fecha_concesion"": ""7-7-2017"", ""importe_concedido"": 15000, ""saldo_pendiente"": 5900}, {""descripcion"": ""Préstamo Personal BBVA"", ""fecha_concesion"": ""15-7-2021"", ""importe_concedido"": 19000, ""saldo_pendiente"": 15000}, {""descripcion"": ""Pensión Alimenticia derivada de sentencia de divorcio por mutuo acuerdo"", ""fecha_concesion"": null, ""importe_concedido"": null, ""saldo_pendiente"": null}]",,99,fotos_diputados\deputy_099.jpg,Logo_partidos\deputy_0099.jpg,hemiciclo\hemi_0099_3607.gif,javier-merino-martinez,91261.66
deputy_100_assets_000087_000_e_0000374_20230803.json,César Joaquín Ramos Esteban,CASADO,GANANCIALES,23 de julio de 2023,3 de agosto de 2023,Diputado,Cáceres,https://www.facebook.com/cesarramosesteban,https://www.instagram.com/cesarjramos/,https://twitter.com/CesarJRamos,http://cesarramos.es,[],[],[],[],14198.8,"[{""clase"": ""VIVIENDA"", ""situacion"": ""CÁCERES"", ""fecha_adquisicion"": ""2004"", ""derecho"": ""50% COMPRAVENTA""}, {""clase"": ""PLAZA DE APARCAMIENTO"", ""situacion"": ""CÁCERES"", ""fecha_adquisicion"": ""2004"", ""derecho"": ""50% COMPRAVENTA""}, {""clase"": ""PLAZA DE APARCAMIENTO"", ""situacion"": ""CÁCERES"", ""fecha_adquisicion"": ""2016"", ""derecho"": ""20% HERENCIA PLENO DOMINIO INDIVISO""}, {""clase"": ""VIVIENDA"", ""situacion"": ""MADRID"", ""fecha_adquisicion"": ""2016"", ""derecho"": ""GANANCIAL COMPRAVENTA PLENO DOMINIO""}, {""clase"": ""PLAZA DE APARCAMIENTO"", ""situacion"": ""CÁCERES"", ""fecha_adquisicion"": ""2020"", ""derecho"": ""GANANCIAL COMPRAVENTA PLENO DOMINIO""}]","[{""clase"": ""ENCINAR de 1 hectárea, 20 áreas y 27 centiáreas"", ""situacion"": ""CÁCERES"", ""fecha_adquisicion"": ""2016"", ""derecho"": ""20% HERENCIA PLENO DOMINIO INDIVISO""}, {""clase"": ""PASTOS de 7 áreas y 81 centiáreas PASTOS de 69 áreas y 36 centiáreas"", ""situacion"": ""CÁCERES"", ""fecha_adquisicion"": ""2016"", ""derecho"": ""20% HERENCIA PLENO DOMINIO INDIVISO""}, {""clase"": ""OLIVOS de 4 áreas y 81 centiáreas"", ""situacion"": ""CÁCERES"", ""fecha_adquisicion"": ""2016"", ""derecho"": ""20% HERENCIA PLENO DOMINIO INDIVISO""}]",[],"[{""tipo"": ""CUENTAS CORRIENTES"", ""saldo"": 118315.43}]",[],[],[],"[{""fecha_adquisicion"": ""2007"", ""descripcion"": ""NISSAN NOTE 1.4 VISIA 5P (SEGUNDA MANO)""}, {""fecha_adquisicion"": ""2020"", ""descripcion"": ""VOLVO XC40""}]","[{""descripcion"": ""Microcrédito al PSOE"", ""valor"": 10000}]",[],,100,fotos_diputados\deputy_100.jpg,Logo_partidos\deputy_0100.jpg,hemiciclo\hemi_0100_1509.gif,cesar-joaquin-ramos-esteban,91261.66
deputy_101_assets_000091_000_e_0000385_20230803.json,SANTIAGO RODRIGUEZ SERRA,CASADO,SEPARACIÓN DE BIENES,23/7/2023,3/8/2023,Diputado,,,,,,"[{""procedencia"": ""Diputació de Barcelona"", ""concepto"": ""Nómina"", ""euros"": 70483.5}]","[{""procedencia"": ""JOTA CE ESE 1992, S.C.P."", ""concepto"": ""PARTICIPACION"", ""euros"": 7163.35}]","[{""procedencia"": null, ""concepto"": ""INTERESES CUENTAS BANCARIAS"", ""euros"": 15.54}]","[{""procedencia"": null, ""concepto"": ""RENDIMIENTOS CAPITAL INMOBILIARIO"", ""euros"": 9965.34}]",23828.0,"[{""clase"": ""VIVIENDA"", ""situacion"": ""AVDA COLLADA, VILANOVA I LA G, BARCELONA"", ""fecha_adquisicion"": ""11/1/2011"", ""derecho"": ""50%"", ""titulo"": ""ADQUISICIÓN""}, {""clase"": ""VIVIENDA"", ""situacion"": ""SAMA, 62, VILANOVA I LA G, BARCELONA"", ""fecha_adquisicion"": ""1993"", ""derecho"": ""100%"", ""titulo"": ""ADQUISICIÓN""}, {""clase"": ""VIVIENDA"", ""situacion"": ""SAMA, 62, VILANOVA I LA G, BARCELONA"", ""fecha_adquisicion"": ""3/1/2011"", ""derecho"": ""100%"", ""titulo"": ""HERENCIA""}, {""clase"": ""LOCAL COMERCIAL"", ""situacion"": ""SAMA, 62, VILANOVA I LA G, BARCELONA"", ""fecha_adquisicion"": ""3/1/2011"", ""derecho"": ""100%"", ""titulo"": ""HERENCIA""}, {""clase"": ""PLAZA APARCAMIENTO"", ""situacion"": ""SAMA, 39, VILANOVA I LA G, BARCELONA"", ""fecha_adquisicion"": ""3/1/2011"", ""derecho"": ""100%"", ""titulo"": ""HERENCIA""}]",[],[],"[{""tipo"": ""CUENTAS CORRIENTES"", ""saldo"": 18000}]",[],"[{""descripcion"": ""35% PARTICIPACIÓN EN JOTA CE ESE 1992, S.C.P."", ""valor"": 35000}]",[],"[{""fecha_adquisicion"": ""2007"", ""descripcion"": ""NISSAN QASQHAI""}]",[],"[{""tipo"": ""HIPOTECA"", ""fecha_concesion"": ""11/1/2011"", ""importe_concedido"": 280000, ""saldo_pendiente"": 221009.81}, {""tipo"": ""PRESTAMO"", ""fecha_concesion"": ""31/5/2016"", ""importe_concedido"": 32815.96, ""saldo_pendiente"": 7259.97}]",,101,fotos_diputados\deputy_101.jpg,Logo_partidos\deputy_0101.jpg,hemiciclo\hemi_0101_3820.gif,santiago-rodriguez-serra,
deputy_102_assets_000096_000_e_0000414_20230804.json,ANTONIO MARTINEZ GOMEZ,SOLTERO,,23 JULIO 2023,4 AGOSTO 2023,Diputado,ALBACETE,https://www.facebook.com/AntonioMtnezGmz/,https://www.instagram.com/antoniomartgom/,,,"[{""procedencia"": ""RETRIBUCIONES COMO PORTAVOZ GRUPO POPULAR DIPUTACION DE ALBACETE"", ""concepto"": ""Percepciones netas de tipo salarial, sueldos, honorarios, aranceles y otras retribuciones"", ""euros"": 70319.22}]",[],[],[],17110.45,"[{""clase_y_caracteristicas"": ""VIVIENDA"", ""situacion"": ""MAHORA (ALBACETE)"", ""fecha_adquisicion"": ""2005"", ""derecho_sobre_el_bien"": ""COMPRAVENTA PLENO DOMINIO""}, {""clase_y_caracteristicas"": ""GARAJE"", ""situacion"": ""MAHORA (ALBACETE)"", ""fecha_adquisicion"": ""2020"", ""derecho_sobre_el_bien"": ""COMPRAVENTA PLENO DOMINIO""}]",[],"[{""clase_y_caracteristicas"": ""LOCAL COMERCIAL"", ""situacion"": ""MAHORA (ALBACETE)"", ""fecha_adquisicion"": ""2020"", ""derecho_sobre_el_bien"": ""HERENCIA 1/3"", ""sociedad"": ""CB HERMANOS MARTINEZ GOMEZ""}, {""clase_y_caracteristicas"": ""FINCA RUSTICA"", ""situacion"": ""MAHORA (ALBACETE)"", ""fecha_adquisicion"": ""2020"", ""derecho_sobre_el_bien"": ""HERENCIA 1/3"", ""sociedad"": ""CB HERMANOS MARTINEZ GOMEZ""}]","[{""tipo"": ""CUENTAS CORRIENTES"", ""saldo"": 95400}]","[{""descripcion"": ""COMUNIDAD DE BIENES HERMANOS MARTINEZ GOMEZ (1/3)"", ""valor"": 33000}]",[],[],"[{""fecha_adquisicion"": ""2011"", ""descripcion"": ""MERCEDES C200 CDI""}]","[{""descripcion"": ""PLAN DE PENSIONES"", ""valor"": 51183.33}]",[],,102,fotos_diputados\deputy_102.jpg,Logo_partidos\deputy_0102.jpg,hemiciclo\hemi_0102_3804.gif,antonio-martinez-gomez,85645.7
deputy_103_assets_000095_000_e_0000406_20230804.json,Trinidad Carmen Argota Castro,Casada,Genancial,23 de Julio de 2023,4 de Agosto de 2023,Diputado,Sevilla,,,https://twitter.com/CastroArgota,,"[{""concepto"": ""Sueldo de Diputada, dedicación exclusiva, Diputación Provincial de Sevilla y dietas de asistencia en el Ayuntamiento de La Rinconada"", ""euros"": 72698.68}]",[],[],[],20706.46,"[{""clase_y_caracteristicas"": ""VIVIENDA UNIFAMILIAR"", ""situacion"": ""SEVILLA"", ""fecha_adquisicion"": ""2004"", ""derecho_sobre_el_bien"": ""PROPIEDAD"", ""titulo_adquisicion"": ""AUTOCONSTRUCCIÓN""}]",[],[],"[{""tipo"": ""PLAN DE PENSIONES LA CAIXA"", ""saldo"": 11752.31}, {""tipo"": ""CUENTA CORRIENTE"", ""saldo"": 5153.92}, {""tipo"": ""CUENTA CORRIENTE COMPARTIDA CON MI HERMANA"", ""saldo"": 11768.43}, {""tipo"": ""CUENTA CORRIENTE"", ""saldo"": 36.8}]",[],[],[],[],[],[],NINGUNA,103,fotos_diputados\deputy_103.jpg,Logo_partidos\deputy_0103.jpg,hemiciclo\hemi_0103_1712.gif,trinidad-carmen-argota-castro,91261.66
deputy_104_assets_000097_000_e_0000416_20230804.json,DAVID GARCIA GOMIS,CASADO,SEPARACION DE BIENES,23 DE JULIO DE 2023,4 DE AGOSTO DE 2023,Diputado,ALICANTE,,https://www.instagram.com/voxdavidgarcia/,https://twitter.com/VoxDavidgarcia,,"[{""procedencia"": ""DIPUTADO CORTES VALENCIANAS"", ""concepto"": ""Percepciones netas de tipo salarial, sueldos, honorarios, aranceles y otras retribuciones"", ""euros"": ""58.864,76€""}]",[],[],[],13546.21,[],[],[],"[{""tipo"": ""CUENTA CORRIENTE"", ""saldo"": ""2.722€""}]",[],[],[],[],"[{""descripcion"": ""PLAN DE PENSIONES"", ""valor"": ""2.352€""}, {""descripcion"": ""PLAN DE AHORRO"", ""valor"": ""100€""}]","[{""descripcion"": ""PRESTAMO PERSONAL"", ""fecha_concesion"": ""30/04/2023"", ""importe_concedido"": ""15.500€"", ""saldo_pendiente"": ""13.15250€""}]",,104,fotos_diputados\deputy_104.jpg,Logo_partidos\deputy_0104.jpg,hemiciclo\hemi_0104_2806.gif,david-garcia-gomis,91261.66
deputy_105_assets_000098_000_e_0000419_20230804.json,ADRIANA MALDONADO LOPEZ,CASADA,SEPARACION DE BIENES,23 DE JULIO DE 2023,4 DE AGOSTO DE 2023,Diputado,,,https://www.instagram.com/adrianamaldonadol/,https://twitter.com/_amaldonado_,,"[{""concepto"": ""SUELDO DEL PARLAMENTO EUROPEO"", ""euros"": 117704.04}]",[],[],[],10704.58,"[{""clase_y_caracteristicas"": ""VIVIENDA"", ""situacion"": ""NAVARRA"", ""fecha_adquisicion"": ""2019"", ""derecho_sobre_el_bien"": ""PLENO DOMINIO-COMPRAVENTA""}, {""clase_y_caracteristicas"": ""VIVIENDA"", ""situacion"": ""NAVARRA"", ""fecha_adquisicion"": ""2023"", ""derecho_sobre_el_bien"": ""50% DEL PLENO DOMINIO-COMPRAVENTA""}]",[],[],"[{""tipo"": ""SALDOS EN DEPOSITOS DE CUENTAS CORRIENTES"", ""saldo"": 35000}]",[],"[{""descripcion"": ""ACCIONES EN S.L."", ""valor"": 10000}]",[],"[{""fecha_adquisicion"": ""2022"", ""descripcion"": ""AUDI A6""}]",[],"[{""descripcion"": ""HIPOTRCA"", ""fecha_concesion"": ""2020"", ""importe_concedido"": 256000, ""saldo_pendiente"": 170000}, {""descripcion"": ""PRESTAMO"", ""fecha_concesion"": ""2022"", ""importe_concedido"": 15000, ""saldo_pendiente"": 12000}]",,105,fotos_diputados\deputy_105.jpg,Logo_partidos\deputy_0105.jpg,hemiciclo\hemi_0105_1405.gif,adriana-maldonado-lopez,91261.66
deputy_106_assets_000099_000_e_0000422_20230804.json,Carmen Andrés Añón,Casada,Separación de bienes,23 de julio de 2023,4 de agosto de 2023,Senador,Barcelona,,,https://twitter.com/carmenandres_,,"[{""concepto"": ""Trienios como funcionaria de la Generalitat de Catalunya en situación de servicios especiales"", ""euros"": 5740.78}]",[],[],[],16153.99,"[{""clase"": ""Vivienda"", ""situacion"": ""Calanda (Teruel)"", ""fecha_adquisicion"": ""17.02.2017"", ""derecho"": ""50% Propiedad"", ""titulo"": ""Herencia""}, {""clase"": ""Vivienda"", ""situacion"": ""Calanda (Teruel)"", ""fecha_adquisicion"": ""09.08.2021"", ""derecho"": ""33,33% Propiedad"", ""titulo"": ""Herencia""}, {""clase"": ""Vivienda"", ""situacion"": ""Calanda (Teruel)"", ""fecha_adquisicion"": ""09.08.2021"", ""derecho"": ""33,33% Propiedad"", ""titulo"": ""Herencia""}]","[{""clase"": ""Rústica"", ""situacion"": ""Calanda (Teruel)"", ""fecha_adquisicion"": ""09.08.2021"", ""derecho"": ""33,33% Propiedad"", ""titulo"": ""Herencia""}]",[],"[{""saldo"": 52600}]","[{""descripcion"": ""Fondo de inversión"", ""valor"": 17000}]",[],[],[],"[{""descripcion"": ""Plan de pensiones"", ""valor"": 58812}]",[],,106,fotos_diputados\deputy_106.jpg,Logo_partidos\deputy_0106.jpg,hemiciclo\hemi_0106_1702.gif,carmen-andres-anon,91261.66
deputy_107_assets_000101_000_e_0000429_20230804.json,FÉLIX DE LAS CUEVAS CORTÉS,SOLTERO,,23/07/2023,4/08/2023,Diputado,CANTABRIA,https://www.facebook.com/felixdlascuevas,https://www.instagram.com/felixdlascuevas/,https://twitter.com/felixdlascuevas,,[],"[{""concepto"": ""Dividendos y participación en beneficios de sociedades, comunidades o entidades de cualquier clase"", ""euros"": 9034.07}]",[],[],16990.35,[],[],[],"[{""tipo"": ""CUENTAS AHORRO"", ""saldo"": 9786.85}, {""tipo"": ""CUENTAS GESTIONADAS POR BBVA Y ATL CAPITAL"", ""saldo"": 734869.65}, {""tipo"": ""FONDO DE INVERSIÓN"", ""saldo"": 18901.17}]","[{""descripcion"": ""IBEX 35: 43.573 SANTANDER, 4.436 BBVA - CAC 40:1675 SAINT-GOBAIN MERCADO CONTINUO: 2.700 ORYZON GENOMICS - 182 ATRESMEDIA"", ""valor"": 302986.2, ""fecha_valoracion"": ""27 de julio de 2023""}]",[],[],"[{""fecha_adquisicion"": ""2021"", ""descripcion"": ""YAMAHA XMAX""}]","[{""tipo"": ""PLAN DE JUBILACIÓN (SAINT-GOBAIN)"", ""valor"": 204869.43}, {""tipo"": ""PLAN DE JUBILACIÓN (SAINT-GOBAIN)"", ""valor"": 38166.33}]",[],,107,fotos_diputados\deputy_107.jpg,Logo_partidos\deputy_0107.jpg,hemiciclo\hemi_0107_3819.gif,felix-las-cuevas-cortes,
deputy_108_assets_000100_000_e_0000424_20230804.json,Alberto Fabra Part,CASADO,SEPARACION DE BIENES,23 DE JULIO DE 2023,4 DE AGOSTO 2023,Diputado,Castellón,,,https://twitter.com/_AlbertoFabra,,"[{""concepto"": ""OTRAS rentas o percepciones de cualquier clase"", ""euros"": 12264}]",[],[],[],12264.0,"[{""clase"": ""PISO"", ""situacion"": ""TERUEL"", ""fecha_adquisicion"": ""2000"", ""derecho"": ""PLENO DOMINIO"", ""titulo_adquisicion"": ""COMPRAVENTA""}, {""clase"": ""VIVIENDA"", ""situacion"": ""CASTELLON"", ""fecha_adquisicion"": ""2008"", ""derecho"": ""50% PLENO DOMINIO"", ""titulo_adquisicion"": ""AUTOCONSTRUCCIÓN""}, {""clase"": ""PLAZA DE GARAJE EN CONCESION"", ""situacion"": ""CASTELLON"", ""fecha_adquisicion"": ""2002"", ""derecho"": ""USUFRUCTO"", ""titulo_adquisicion"": null}]",[],[],"[{""tipo"": ""CUENTA CORRIENTE"", ""saldo"": 26000}, {""tipo"": ""FONDOS"", ""saldo"": 58000}]",[],[],[],"[{""fecha_adquisicion"": ""20/7/2015"", ""descripcion"": ""MOTO SYM GST 125""}, {""fecha_adquisicion"": ""31/5/2019"", ""descripcion"": ""CITROEN C3 AIRCROSS""}, {""fecha_adquisicion"": ""20/9/2021"", ""descripcion"": ""OPELCROSSLAND""}]","[{""tipo"": ""PLAN DE PENSIONES"", ""valor"": 23000}]","[{""descripcion"": ""PRESTAMO HIPOTECARIO VIVIENDA CASTELLON AL 50%"", ""fecha_concesion"": ""30/6/2008"", ""importe_concedido"": 367377, ""saldo_pendiente"": 75800}, {""descripcion"": ""PRESTAMO PERSONAL"", ""fecha_concesion"": ""30/5/2019"", ""importe_concedido"": 13000, ""saldo_pendiente"": 2250}]",,108,fotos_diputados\deputy_108.jpg,Logo_partidos\deputy_0108.jpg,hemiciclo\hemi_0108_3406.gif,alberto-fabra-part,97457.92
deputy_109_assets_000103_000_e_0000436_20230804.json,Óscar Clavell López,Soltero,,23 julio 2023,4 agosto 2023,Diputado,Castellón / Congreso de los Diputados,https://www.facebook.com/oscar.clavell.7,https://www.instagram.com/oscarclavell/,https://twitter.com/OscarClavell,,[],[],[],[],15584.94,"[{""clase"": ""Vivienda"", ""situacion"": ""La Vall d'Uixo"", ""fecha_adquisicion"": ""26-07-2007"", ""derecho"": ""Pleno Dominio"", ""titulo_adquisicion"": ""Compraventa""}, {""clase"": ""Plaza Aparcamiento"", ""situacion"": ""La Vall d'Uixo"", ""fecha_adquisicion"": ""26-07-2007"", ""derecho"": ""Pleno Dominio"", ""titulo_adquisicion"": ""Compraventa""}, {""clase"": ""Trastero"", ""situacion"": ""La Vall d'Uixo"", ""fecha_adquisicion"": ""26-07-2007"", ""derecho"": ""Pleno Dominio"", ""titulo_adquisicion"": ""Compraventa""}]",[],[],"[{""entidad"": ""Banco Sabadell"", ""tipo"": ""Cuenta Corriente""}, {""entidad"": ""Caja Rural La Vall"", ""tipo"": ""Cuenta Corriente""}, {""entidad"": ""Banco Sabadell"", ""tipo"": ""Plan de Ahorro""}]",[],[],[],"[{""fecha_adquisicion"": ""2014"", ""descripcion"": ""Volkswagen Tiguan, Cilindrada 10ccv""}]",[],"[{""descripcion"": ""Préstamo Vivienda"", ""acreedor"": ""Banco Sabadell S.A."", ""fecha_concesion"": ""26-07-2007"", ""importe_concedido"": ""110.672 €"", ""saldo_pendiente"": ""30.573,66 €""}]",,109,fotos_diputados\deputy_109.jpg,Logo_partidos\deputy_0109.jpg,hemiciclo\hemi_0109_3505.gif,oscar-clavell-lopez,91261.66
deputy_110_assets_000102_000_e_0000432_20230804.json,MARC LAMUÁ ESTAÑOL,CASADO,SEPARACIÓN DE BIENES,23/07/2023,04/08/2023,Senador,,https://www.facebook.com/marc.estanol,,https://twitter.com/MarcLamua,,[],[],[],[],16462.68,"[{""tipo"": ""PISO"", ""situacion"": ""QUART"", ""fecha_adquisicion"": ""30/06/2015"", ""derecho"": ""PROPIEDAD (50% CON CONYUGE)"", ""titulo_adquisicion"": ""COMPRAVENTA""}, {""tipo"": ""PLAZA DE APARCAMIENTO"", ""situacion"": ""QUART"", ""fecha_adquisicion"": ""08/02/2017"", ""derecho"": ""PROPIEDAD (50% CON CONYUGE)"", ""titulo_adquisicion"": ""COMPRAVENTA""}, {""tipo"": ""PLAZA DE APARCAMIENTO"", ""situacion"": ""QUART"", ""fecha_adquisicion"": ""28/10/2019"", ""derecho"": ""PROPIEDAD (50% CON CONYUGE)"", ""titulo_adquisicion"": ""COMPRAVENTA""}]",[],[],"[{""saldo"": ""38.626,67 €""}]",[],[],[],"[{""fecha_adquisicion"": ""12/07/2007"", ""descripcion"": ""MOTOCICLETA HONDA SHADOW VT 125CC""}, {""fecha_adquisicion"": ""20/03/2018"", ""descripcion"": ""SUZUKI VITARA GLE""}]",[],"[{""descripcion"": ""HIPOTECA LA CAIXA"", ""fecha_concesion"": ""30/06/2015"", ""importe_concedido"": ""165,000"", ""saldo_pendiente"": ""141.393,60 €""}]",,110,fotos_diputados\deputy_110.jpg,Logo_partidos\deputy_0110.jpg,hemiciclo\hemi_0110_1503.gif,marc-lamua-estanol,91261.66
deputy_111_assets_000106_000_e_0000451_20230804.json,Maria Blanca Cercas Mena,Casada,Separación de bienes,23 de Julio de 2023,04 de Agosto de 2023,Diputado,GIRONA,,,,,"[{""procedencia"": ""Fundación Universidad de Girona"", ""concepto"": ""Percepciones netas de tipo salarial, sueldos, honorarios, aranceles y otras retribuciones"", ""euros"": 15204}, {""procedencia"": ""Jubilación"", ""concepto"": ""Percepciones netas de tipo salarial, sueldos, honorarios, aranceles y otras retribuciones"", ""euros"": 12818.94}]",[],[],[],1168.4,"[{""clase_y_caracteristicas"": ""1/5 parte de un inmueble"", ""situacion"": ""Gerona"", ""fecha_adquisicion"": ""1990"", ""derecho_sobre_el_bien"": ""Nuda Propiedad"", ""titulo_adquisicion"": ""Herencia""}]",[],[],"[{""entidad"": ""CaixaBank"", ""saldo"": 603.88}]",[],[],[],"[{""fecha_adquisicion"": ""2021"", ""descripcion"": ""Vehículo Opel Corsa 1.4""}]",[],"[{""descripcion"": ""Prestamo Banco Sabadell"", ""fecha_concesion"": ""2015"", ""importe_concedido"": 20000, ""saldo_pendiente"": 9000}]",,111,fotos_diputados\deputy_111.jpg,Logo_partidos\deputy_0111.jpg,hemiciclo\hemi_0111_4704.gif,maria-blanca-cercas-mena,
deputy_112_assets_000107_000_e_0000454_20230804.json,RAFAELA ROMERO POZO,CASADA,GANANCIALES,23 DE JULIO DEL 2023,4 DE AGOSTO DE 2023,Diputado,GIPUZKOA,,,https://twitter.com/rafaela_romero,,"[{""concepto"": ""SUELDO NETO DE DIPUTACIÓN FORAL DE GIPUZKOA POR EL DESEMPEÑO DEL CARGO DE DIPUTADA FORAL DE MOVILIDAD Y ORDENACIÓN DEL TERRITORIO"", ""euros"": 58949.6}]",[],[],"[{""concepto"": ""RENDIMIENTO NETO ACTIVIDADES ECONÓMICAS AGRÍCOLAS"", ""euros"": 1266.46}]",23021.15,"[{""clase_y_caracteristicas"": ""VIVIENDA FAMILIAR"", ""situacion"": ""GIPUZKOA"", ""fecha_adquisicion"": ""2008"", ""derecho_sobre_el_bien"": ""GANANCIALES"", ""titulo_adquisicion"": ""COMPRAVENTA""}, {""clase_y_caracteristicas"": ""TRASTERO"", ""situacion"": ""GIPUZKOA"", ""fecha_adquisicion"": ""2008"", ""derecho_sobre_el_bien"": ""GANANCIALES"", ""titulo_adquisicion"": ""COMPRAVENTA""}]","[{""clase_y_caracteristicas"": ""INMUEBLE Y TERRENO RÚSTICO"", ""situacion"": ""BADAJOZ"", ""fecha_adquisicion"": ""2003"", ""derecho_sobre_el_bien"": ""GANANCIALES"", ""titulo_adquisicion"": ""COMPRAVENTA""}]",[],"[{""descripcion"": ""DOS CUENTAS CORRIENTES GANANCIALES"", ""saldo"": 3000}]",[],[],[],"[{""fecha_adquisicion"": ""2015"", ""descripcion"": ""VEHÍCULO CINTROEN C4""}, {""fecha_adquisicion"": ""2016"", ""descripcion"": ""MOTOCICLETA HONDA VISION 11'0""}]",[],"[{""descripcion"": ""PRESTAMO HIPOTECARIO VIVIENDA KUTXABANK"", ""fecha_concesion"": ""26/02/2008"", ""importe_concedido"": 403000, ""saldo_pendiente"": 266764}, {""descripcion"": ""PRESTAMO HIPOTECARIO VIVIENDA KUTXABANK"", ""fecha_concesion"": ""20/04/2010"", ""importe_concedido"": 154000, ""saldo_pendiente"": 72417}, {""descripcion"": ""PRESTAMO PERSONAL BANCO SANTANDER"", ""fecha_concesion"": ""25/09/2019"", ""importe_concedido"": 50400, ""saldo_pendiente"": 21011}]",,112,fotos_diputados\deputy_112.jpg,Logo_partidos\deputy_0112.jpg,hemiciclo\hemi_0112_1407.gif,rafaela-romero-pozo,91261.66
deputy_113_assets_000292_000_e_0001216_20230816.json,Maria Luisa García Gurrutxaga,Casada,Gananciales,23-07-2023,4-08-23,Diputado,,,,https://twitter.com/Lui58105478,,"[{""concepto"": ""Funcionaria de educación del Gobierno vasco"", ""euros"": ""45.026,61""}]",[],[],[],11027.61,[],[],[],"[{""entidad"": ""Kutxabank"", ""saldo"": ""75.891,98""}, {""entidad"": ""Caja Laboral Kutxa"", ""saldo"": ""24.185,20""}, {""entidad"": ""Plan de pensiones Baskepensiones"", ""saldo"": null}]",[],[],[],[],[],[],,113,fotos_diputados\deputy_113.jpg,Logo_partidos\deputy_0113.jpg,hemiciclo\hemi_0113_1709.gif,maria-luisa-garcia-gurrutxaga,91261.66
deputy_114_assets_000104_000_e_0000446_20230804.json,MARÍA GUIJARRO CEBALLOS,Casada,SEPARACIÓN DE BIENES,23/07/2023,04/08/2023,Diputado,Bizkaia,,,,,[],[],[],[],14495.0,"[{""clase"": ""Vivienda"", ""situacion"": ""BIZKAIA"", ""fecha_adquisicion"": ""OCTUBRE 2022"", ""derecho"": ""PLENO DOMINIO AL 50% DECLARANTE""}, {""clase"": ""GARAJE"", ""situacion"": ""BIZKAIA"", ""fecha_adquisicion"": ""OCTUBRE 2022"", ""derecho"": ""CONCESIÓN ADMINISTRATIVA AL 50%""}]",[],[],"[{""entidad"": ""KUTXABANK"", ""tipo"": ""CUENTAS CORRIENTES"", ""saldo"": ""35.515 €""}]",[],[],[],[],"[{""descripcion"": ""PLANES PENSIONES"", ""valor"": ""9.110€""}]","[{""descripcion"": ""PRESTAMO HIPOTECARIO CONCEDIDO POR KUTXABANK (50% DE)"", ""fecha_concesion"": ""30/05/2022"", ""importe_concedido"": ""471.381,62"", ""saldo_pendiente"": ""284.575""}]",,114,fotos_diputados\deputy_114.jpg,Logo_partidos\deputy_0114.jpg,,maria-guijarro-ceballos,71897.0
deputy_114_assets_000104_002_e_0075704_20250711.json,María Guijarro Ceballos,Casada,Separación de bienes,23/07/2023,04/08/2023,Diputado,BIZKAIA,,,,,[],[],[],[],11922.14,[],[],[],"[{""entidad"": ""Kutxabank"", ""saldo"": 28654.0}]",[],[],[],[],"[{""descripcion"": ""Planes de pensiones"", ""valor"": 10915.8}]","[{""descripcion"": ""Préstamo hipotecario concedido por Kutaabank (50%)"", ""fecha_concesion"": ""30/05/2022"", ""importe_concedido"": 471381.62, ""saldo_pendiente"": 269367.78}]",Me remito en todos los apartados no cumplimentados a las declaraciones presentadas con anterioridad.,114,fotos_diputados\deputy_114.jpg,Logo_partidos\deputy_0114.jpg,,maria-guijarro-ceballos,71897.0
deputy_115_assets_000108_000_e_0000460_20230804.json,JAVIER JOSE FOLCH BLANC,SOLTERO,,23-07-2023,04-08-2023,Diputado,HUESCA,,https://www.instagram.com/javier.folch,,,"[{""concepto"": ""DIRECTOR ASAJA HUESCA (50% JORNADA)"", ""euros"": 31776}]","[{""concepto"": ""DIVIDENDOS ACCIONES SANTANDER, BBVA, EROSKI"", ""euros"": 1301}]",[],"[{""concepto"": ""RENDIMIENTOS AGRARIOS FINCA REGADIO"", ""euros"": 19260}, {""concepto"": ""ALQUILER LOCAL COMERCIAL 100%"", ""euros"": 710}, {""concepto"": ""ALQUILER LOCAL COMERCIAL 50%"", ""euros"": 2280}, {""concepto"": ""ALQUILER 2 VIVIENDAS B"", ""euros"": 5776}, {""concepto"": ""ALQUILER 2 VIVIENDAS T"", ""euros"": 1000}]",14976.78,"[{""clase_y_caracteristicas"": ""2 PISOS + 2 TRASTEROS"", ""situacion"": ""HUESCA"", ""fecha_adquisicion"": ""2022"", ""derecho_sobre_el_bien"": ""25% HERENCIA""}, {""clase_y_caracteristicas"": ""1 ATICO"", ""situacion"": ""HUESCA"", ""fecha_adquisicion"": ""1993"", ""derecho_sobre_el_bien"": ""50% COMPRAVENTA""}, {""clase_y_caracteristicas"": ""2 LOCALES COMERCIAL"", ""situacion"": ""HUESCA"", ""fecha_adquisicion"": ""1999"", ""derecho_sobre_el_bien"": ""50% DONACIÓN""}, {""clase_y_caracteristicas"": ""2 PISOS"", ""situacion"": ""HUESCA"", ""fecha_adquisicion"": ""2022"", ""derecho_sobre_el_bien"": ""100% HERENCIA""}, {""clase_y_caracteristicas"": ""1 LOCAL COMERCIAL"", ""situacion"": ""HUESCA"", ""fecha_adquisicion"": ""2022"", ""derecho_sobre_el_bien"": ""100% HERENCIA""}, {""clase_y_caracteristicas"": ""1 PISO + PARKING + TRASTERO"", ""situacion"": ""HUESCA"", ""fecha_adquisicion"": ""2010"", ""derecho_sobre_el_bien"": ""100% PERMUTA""}, {""clase_y_caracteristicas"": ""1 PISO + PARKING + TRASTERO"", ""situacion"": ""HUESCA"", ""fecha_adquisicion"": ""2012"", ""derecho_sobre_el_bien"": ""50% COMPRAVENTA""}, {""clase_y_caracteristicas"": ""1 PISO + 1 PARKING + TRASTERO"", ""situacion"": ""BARCELONA"", ""fecha_adquisicion"": ""2017"", ""derecho_sobre_el_bien"": ""50% COMPRAVENTA""}, {""clase_y_caracteristicas"": ""2 PARKINGS"", ""situacion"": ""BARCELONA"", ""fecha_adquisicion"": ""2018 Y 2021"", ""derecho_sobre_el_bien"": ""50% COMPRAVENTA""}]","[{""clase_y_caracteristicas"": ""FINCA RUSTICA REGADIO"", ""situacion"": ""HUESCA"", ""fecha_adquisicion"": ""2013"", ""derecho_sobre_el_bien"": ""50% DONACIÓN""}, {""clase_y_caracteristicas"": ""FINCA RUSTICA REGADIO"", ""situacion"": ""HUESCA"", ""fecha_adquisicion"": ""2022"", ""derecho_sobre_el_bien"": ""50% HERENCIA""}]",[],"[{""tipo"": ""CUENTAS CORRIENTES (4 ENTIDADES BANCARIAS)"", ""saldo"": 654546}, {""tipo"": ""PLAN VIDA AHORRO"", ""saldo"": 18016}]","[{""descripcion"": ""F.I. HORIZONTE 2027 (valoración agosto 2023)"", ""valor"": 19561}, {""descripcion"": ""F.I. FUTURO SOSTENIBLE (valoración agosto 2023) 50%"", ""valor"": 13646}]","[{""descripcion"": ""1000 ACCIONES SANTANDER (valoración agosto 2023)"", ""valor"": 3527}, {""descripcion"": ""2750 ACCIONES BBVA (valoración agosto 2023)"", ""valor"": 18914}, {""descripcion"": ""675 APORTACIONES EROSKI (valoración agosto 2023)"", ""valor"": 5360}]",[],"[{""fecha_adquisicion"": ""NOV 2019"", ""descripcion"": ""RANGE ROVER EVOQUE""}]",[],[],,115,fotos_diputados\deputy_115.jpg,Logo_partidos\deputy_0115.jpg,hemiciclo\hemi_0115_3601.gif,javier-jose-folch-blanc,91261.66
deputy_116_assets_000105_000_e_0000448_20230804.json,Elisa Garrido Jiménez,Soltera,,23/07/2023,4/08/2023,Diputado,La Rioja,,,https://twitter.com/elisagarrido,,"[{""concepto"": ""Salario como Alcaldesa de Calahorra"", ""euros"": 56445.51}]",[],[],[],12697.81,"[{""clase_y_caracteristicas"": ""vivienda"", ""situacion"": ""La Rioja"", ""fecha_adquisicion"": ""2015"", ""derecho_sobre_el_bien"": ""Pleno Dominio"", ""titulo_adquisicion"": ""Compraventa""}, {""clase_y_caracteristicas"": ""solar (50%)"", ""situacion"": ""La Rioja"", ""fecha_adquisicion"": ""2004"", ""derecho_sobre_el_bien"": ""Pleno Dominio (50%)"", ""titulo_adquisicion"": ""Herencia""}]",[],[],"[{""saldo_medio"": 7013.39}]",[],[],[],"[{""fecha_adquisicion"": ""2018"", ""descripcion"": ""Turismo Dacia Lodgy""}]",[],"[{""descripcion"": ""Prestamo hipotecario vivienda Klutxabank"", ""fecha_concesion"": ""2018"", ""importe_concedido"": 130000, ""saldo_pendiente"": 96900.35}]",,116,fotos_diputados\deputy_116.jpg,Logo_partidos\deputy_0116.jpg,hemiciclo\hemi_0116_1303.gif,elisa-garrido-jimenez,91261.66
deputy_117_assets_000110_000_e_0000467_20230804.json,IGNACIO GIL LÁZARO,CASADO,GANANCIALES,23.7.2023,4.8.2023,Diputado,VALENCIA,,,,,[],[],[],[],34889.4,[],[],[],"[{""tipo"": ""CUENTAS CORRIENTES"", ""saldo"": 313044.25}]",[],[],[],"[{""fecha_adquisicion"": ""2008"", ""descripcion"": ""OPEL ZAFIRA 2740FDZ""}]",[],[],"EN VIRTUD DEL REGIMEN ECONÓMICO MATRIMONIAL DE GANANCIALES CORRESPONDE INCLUIR EL 50 POR CIEN DEL DOMICILIO FAMILIAR, PROPIEDAD DE MI ESPOSA, BIEN INMUEBLE DE NATURALEZA URBANA CON DOS PLAZAS DE GARAJE SITO EN LA CALLE BLANQUERIAS NÚM. 12 DE LA CIUDAD DE VALENCIA.",117,fotos_diputados\deputy_117.jpg,Logo_partidos\deputy_0117.jpg,hemiciclo\hemi_0117_2614.gif,ignacio-gil-lazaro,91261.66
deputy_118_assets_000109_000_e_0000464_20230804.json,JOSE ANTONIO BERMUDEZ DE CASTRO FERNANDEZ,CASADO,SEPARACION DE BIENES,23 DE JULIO DE 2023,4 DE AGOSTO DE 2023,Diputado,,,,,,[],"[{""concepto"": ""DIVIDENDOS ACCIONES"", ""euros"": 631.27}]","[{""concepto"": ""INTERESES C/C"", ""euros"": 211.2}]",[],25338.0,"[{""clase"": ""VIVIENDA ADOSADA"", ""situacion"": ""POZUELO DE ALARCON"", ""fecha_adquisicion"": ""22/12/2012"", ""derecho"": ""PLENO DOMINIO"", ""titulo_adquisicion"": ""COMPRAVENTA AUTOPROMOCION""}]",[],[],"[{""saldo"": 263178}]","[{""descripcion"": ""ACCIONES RENTA VARIABLE (TELEFONICA, EZENTIS, SOLARIA, COLONIAL, IAG, QUABIT)"", ""valor"": 59345}, {""descripcion"": ""FONDOS DE INVERSION BBVA"", ""valor"": 26892}]","[{""descripcion"": ""120 ACCIONES SOCIEDAD FESSA (No cotiza en Bolsa. Adquiridas el 14/01/2011)"", ""valor"": 9600}]",[],"[{""descripcion"": ""Mercedes Ranchera 320 año 2008""}]",[],[],"Quiero significar, en consonancia con declaración de la pasada legislatura, que en 1991 por fallecimiento de mi padre heredo 1/4 parte de una finca rústica en la provincia de Salamanca y 1/8 parte de una vivienda en la ciudad de Salamanca cuyo usufructo corresponde a mi madre. Que en Marzo de 2007 se procede a la venta de dicha finca rústica por la que percibo 243.241 euros de los que aplico una parte a la compra de un terreno rústico que vendo posteriormente en 2018 cuyo importe de venta lo destino, de un lado, a compra de acciones y, de otro, a fondos de inversión y depósito en c/c. Todos esas operaciones tienen carácter privativo. Finalmente quiero significar que con fecha 25 de Julio de 2023 se ha procedido a liquidar con carácter definitivo anterior sociedad de gananciales con reparto de bienes inventariados de los que he recibido por valor de 98.185 euros una vez descontados gastos notariales y minuta de abogado y procurador.",118,fotos_diputados\deputy_118.jpg,Logo_partidos\deputy_0118.jpg,hemiciclo\hemi_0118_3.gif,jose-antonio-bermudez-castro-fernandez,
deputy_118_assets_000109_001_e_0051369_20241211.json,JOSE ANTONIO BERMUDEZ DE CASTRO FERNANDEZ,CASADO,SEPARACION DE BIENES,23 DE JULIO DE 2023,4 DE AGOSTO DE 2023,Diputado,SALAMANCA,,,,,[],[],[],[],,"[{""clase_y_caracteristicas"": ""VIVIENDA RUSTICA Y PÁRCELA"", ""valor_catastral"": 40778, ""situacion"": ""Cantabria"", ""fecha_adquisicion"": ""09/05/2024"", ""derecho_sobre_el_bien"": ""Pleno Dominio"", ""titulo_adquisicion"": ""Adquirida en subasta pública al Estado""}]",[],[],[],[],[],[],"[{""fecha_adquisicion"": ""6 de Septiembre de 2024"", ""descripcion"": ""Mercedes 220 D (segunda mano - año 2018). Procedo a venta anterior vehículo de mi propiedad que figuraba en declaración de inicio de legislatura""}]",[],[],,118,fotos_diputados\deputy_118.jpg,Logo_partidos\deputy_0118.jpg,hemiciclo\hemi_0118_3.gif,jose-antonio-bermudez-castro-fernandez,
deputy_119_assets_000111_000_e_0000471_20230804.json,VIOLANTE TOMÁS OLIVARES,CASADA,SEPARACIÓN DE BIENES,23 JULIO 2023,4 AGOSTO 2023,Diputado,MURCIA,https://www.facebook.com/violante.tomasolivares,https://www.instagram.com/violante.tomas/,https://twitter.com/ViolanteTomas,,[],[],[],[],12939.62,"[{""clase_y_caracteristicas"": ""VIVIENDA, GARAJE Y TRASTERO"", ""situacion"": ""MURCIA"", ""fecha_adquisicion"": ""2001"", ""derecho_sobre_el_bien"": ""PLENO DOMINIO"", ""titulo_adquisicion"": ""COMPRAVENTA""}, {""clase_y_caracteristicas"": ""DUPLEX Y GARAJE PLAYA"", ""situacion"": ""TORRE DE LA HORADADA"", ""fecha_adquisicion"": ""2001"", ""derecho_sobre_el_bien"": ""PLENO DOMINIO"", ""titulo_adquisicion"": ""COMPRAVENTA""}, {""clase_y_caracteristicas"": ""APARTAMENTO, GARAJE Y TRASTERO"", ""situacion"": ""LA ALBERCA. MURCIA"", ""fecha_adquisicion"": ""2010"", ""derecho_sobre_el_bien"": ""PROPIEDAD AL 50%"", ""titulo_adquisicion"": ""COMPRAVENTA""}, {""clase_y_caracteristicas"": ""VIVIENDA Y TRES PLAZAS DE GARAJE"", ""situacion"": ""JUMILLA"", ""fecha_adquisicion"": ""2020"", ""derecho_sobre_el_bien"": ""PROPIEDAD AL 50%"", ""titulo_adquisicion"": ""HERENCIA PADRE Y DONACIÓN MADRE""}]",[],[],"[{""tipo"": ""CUENTA CORRIENTE"", ""saldo"": 9026.92}]",[],[],[],"[{""fecha_adquisicion"": ""2005"", ""descripcion"": ""AUDI A6""}]","[{""tipo"": ""PLAN DE PENSIONES"", ""valor"": 29792.61}]","[{""descripcion"": ""PRESTAMO VIVIENDA COMPARTIDA AL 50%"", ""fecha_concesion"": ""22/09/2010"", ""importe_concedido"": 138795, ""saldo_pendiente"": 86026}]",,119,fotos_diputados\deputy_119.jpg,Logo_partidos\deputy_0119.jpg,hemiciclo\hemi_0119_2716.gif,violante-tomas-olivares,91261.66
deputy_120_assets_000344_000_e_0001454_20230817.json,PATXI LOPEZ ÁLVAREZ,CASADO,GANANCIALES,23/07/2023,04/08/2023,Diputado,BIZKAIÁ,https://www.facebook.com/PatxiLopez,https://www.instagram.com/patxilopez/,https://twitter.com/patxilopez,http://www.patxilopez.com/,[],[],[],"[{""concepto"": ""OTRAS rentas o percepciones de cualquier clase"", ""euros"": 537.4}]",20602.47,"[{""clase"": ""VIVIENDA"", ""situacion"": ""BIZKAIA"", ""fecha_adquisicion"": ""2016"", ""derecho"": ""GANANCIAL"", ""titulo"": ""COMPRAVENTA""}, {""clase"": ""APARTAMENTO"", ""situacion"": ""CANTABIA"", ""fecha_adquisicion"": ""2009"", ""derecho"": ""GANANCIAL"", ""titulo"": ""COMPRAVENTA""}, {""clase"": ""PISO"", ""situacion"": ""BIZKAIA"", ""fecha_adquisicion"": null, ""derecho"": null, ""titulo"": ""HERENCIA""}]",[],[],"[{""tipo"": ""DEPÓSITOS Y CUENTA CORRIENTE"", ""saldo"": 84297.5}, {""tipo"": ""PLAN DE PENSIONES"", ""saldo"": 45943.28}]",[],"[{""descripcion"": ""ACCIONES BBVA"", ""valor"": 35000}]",[],"[{""fecha_adquisicion"": ""01/02/2014"", ""descripcion"": ""FIAT 500""}, {""fecha_adquisicion"": ""28/07/2020"", ""descripcion"": ""KIA NIRO""}]","[{""descripcion"": ""MICROCRÉDITO PSOE"", ""valor"": 3000}]","[{""prestamo"": ""PRESTAMO HIPOTECARIO BBK"", ""fecha_concesion"": ""31/10/2016"", ""importe_concedido"": 175000, ""saldo_pendiente"": 42748.57}]",,120,fotos_diputados\deputy_120.jpg,Logo_partidos\deputy_0120.jpg,hemiciclo\hemi_0120_1201.gif,patxi-lopez-alvarez,117439.98
deputy_121_assets_000112_000_e_0000476_20230804.json,Jacobo González-Robatto Perote,Divorciado,,23 julio 2023,04/08/2023,Diputado,Granada,,,,,"[{""concepto"": ""Sueldos y Salarios"", ""euros"": ""32.601,25""}]",[],[],[],12826.43,"[{""clase_y_caracteristicas"": ""Terreno Urbano"", ""situacion"": ""Madrid"", ""fecha_adquisicion"": ""marzo 2023"", ""derecho_sobre_el_bien"": ""50% propiedad. Comprarenta.""}]",[],[],"[{""descripcion"": ""Depósito a cuenta el 4 de agosto de 2023"", ""saldo"": ""124.588,32€""}]","[{""descripcion"": ""33.308 acciones de Mugardos S.A. (valor de acciones a diciembre 2022)"", ""valor"": ""73.277,6€""}]",[],[],"[{""fecha_adquisicion"": ""2010"", ""descripcion"": ""Jeep Wrangler JK""}, {""fecha_adquisicion"": ""2018"", ""descripcion"": ""Harley Davidson Breakout 2017""}, {""fecha_adquisicion"": ""2021"", ""descripcion"": ""BMW RT1150 año 2001""}, {""fecha_adquisicion"": ""2022"", ""descripcion"": ""Land Rover Defender""}]",[],[],,121,fotos_diputados\deputy_121.jpg,Logo_partidos\deputy_0121.jpg,hemiciclo\hemi_0121_2604.gif,jacobo-gonzalez-robatto-perote,91261.66
deputy_122_assets_000114_000_e_0001215_20230816.json,Raquel Coliño Fernández,Casado,Gananciales,23 julio 2023,07 de agosto 2023,Senador,Asturias,,,,,"[{""concepto"": ""Salario Servicio de Salud del Principado de Asturias"", ""euros"": 42626.87}, {""concepto"": ""Profesor asociado Escuela Andaluza de Salud Pública"", ""euros"": 8458.14}, {""concepto"": ""Conferencias Salud Pública durante 2022"", ""euros"": 348.5}]",[],[],[],19614.43,"[{""clase_y_caracteristicas"": ""Vivienda"", ""situacion"": ""Asturias"", ""fecha_adquisicion"": ""2016"", ""derecho_sobre_el_bien"": ""Propietario 50%"", ""titulo_adquisicion"": ""Compraventa""}, {""clase_y_caracteristicas"": ""Vivienda"", ""situacion"": ""Asturias"", ""fecha_adquisicion"": ""2018"", ""derecho_sobre_el_bien"": ""33,33% como propietario (recibida por herencia) 16,66% nuda propiedad (por donación)"", ""titulo_adquisicion"": """"}, {""clase_y_caracteristicas"": ""Vivienda"", ""situacion"": ""Asturias"", ""fecha_adquisicion"": ""2023"", ""derecho_sobre_el_bien"": ""50% en nuda propiedad (por donación)"", ""titulo_adquisicion"": """"}, {""clase_y_caracteristicas"": ""Vivienda"", ""situacion"": ""Asturias"", ""fecha_adquisicion"": ""2023"", ""derecho_sobre_el_bien"": ""Propietario 50%"", ""titulo_adquisicion"": ""por herencia""}]","[{""clase_y_caracteristicas"": ""Vivienda"", ""situacion"": ""Asturias"", ""fecha_adquisicion"": ""2023"", ""derecho_sobre_el_bien"": ""33,33% como propietario (recibida por herencia) 16,66% nuda propiedad (por donación)"", ""titulo_adquisicion"": """"}, {""clase_y_caracteristicas"": ""Seis parcelas de uso agrario (con una superficie total de 13.465 m²)"", ""situacion"": ""Asturias"", ""fecha_adquisicion"": ""2023"", ""derecho_sobre_el_bien"": ""33,33% como propietario (recibida por herencia) 16,66% nuda propiedad (por donación)"", ""titulo_adquisicion"": """"}]",[],"[{""descripcion"": ""Cuenta bancaria"", ""fecha"": ""14 de agosto 2023"", ""saldo"": 46012.25}]",[],[],[],"[{""fecha_adquisicion"": ""2017"", ""descripcion"": ""Hyundai Tucson""}]",[],"[{""descripcion"": ""Préstamo hipotecario"", ""fecha_concesion"": ""2016"", ""importe_concedido"": 192330.65, ""saldo_pendiente"": 162780.56}, {""descripcion"": ""Préstamo coche"", ""fecha_concesion"": ""2017"", ""importe_concedido"": 14500, ""saldo_pendiente"": 9563.38}]",,122,fotos_diputados\deputy_122.jpg,Logo_partidos\deputy_0122.jpg,hemiciclo\hemi_0122_2505.gif,raquel-colino-fernandez,
deputy_123_assets_000113_000_e_0000487_20230807.json,SERGIO CARLOS MATOS CASTRO,SOLTERO,,23/7/2023,7/8/2023,Diputado,PROVINCIA DE SANTA CRUZ DE TENERIFE,,,,,"[{""concepto"": ""Percepciones netas de tipo salarial, sueldos, honorarios, aranceles y otras retribuciones"", ""saldo_neto"": 47971.14}]",[],[],[],8401.0,[],[],[],"[{""tipo"": ""PLAN DE PENSIONES"", ""entidad"": ""CAIXA"", ""saldo"": 11500}, {""tipo"": ""CUENTA AHORRO"", ""entidad"": ""NATIONALE NEDERLANDER"", ""saldo"": null}, {""tipo"": ""CUENTA CORRIENTE"", ""entidad"": ""CAIXA"", ""saldo"": null}]",[],[],[],"[{""fecha_adquisicion"": ""19/12/2020"", ""descripcion"": ""KIA SPORTAGE 6930 LLL. RENTING""}]",[],[],"LA CANTIDAD PAGADA POR IRPF ES DEBIDO A QUE, LAS PERSONAS RESIDENTES EN LA PALMA TIENEN UN BENEFICIO DEL 60%. MEDIDA ADOPTADA POR EL GOBIERNO CENTRAL PARA PALIAR DE LA LOS EFECTOS DE LA ERUPCIÓN VOLCÁNICA.",123,fotos_diputados\deputy_123.jpg,Logo_partidos\deputy_0123.jpg,,sergio-carlos-matos-castro,71897.0
deputy_123_assets_000113_001_e_0047251_20241106.json,SERGIO CARLOS MATOS CASTRO,SOLTERO,,23 JULIO DE 2023,07 AGOSTO DE 2023,Senador,,,,,,[],[],[],[],,"[{""clase_y_caracteristicas"": ""PISO"", ""situacion"": ""LA PALMA, STA. CRUZ DE TENERIFE"", ""fecha_adquisicion"": ""JULIO DE 2024"", ""derecho_sobre_el_bien"": ""PLENO DOMINIO""}]",[],[],"[{""tipo"": ""CUENTA DE AHORROS"", ""entidad"": ""NATIONAL NETHERLANDS"", ""saldo"": -6700}]",[],[],[],[],[],[],"EN RELACIÓN CON LOS -6.700€ QUE SE HABÍAN DECLARADO INICIALMENTE, EN ESTE MOMENTO, SE RETIRÓ EL DINERO Y SE CANCELÓ LA CUENTA DE AHORROS.",123,fotos_diputados\deputy_123.jpg,Logo_partidos\deputy_0123.jpg,,sergio-carlos-matos-castro,71897.0
deputy_123_assets_000113_002_e_0051253_20241211.json,SERGIO MATOS CASTRO,SOLTERO,,23/07/2023,07/08/2023,Diputado,SANTA CRUZ DE TENERIFE,,,,,[],[],[],[],3450.22,[],[],[],"[{""descripcion"": ""CUENTA CORRIENTES CAIXABANK"", ""saldo"": 18583.12}, {""descripcion"": ""NATIONALE NEDERLANDER"", ""saldo"": null}, {""descripcion"": ""PLAN DE PENSIONES CAIXABANK"", ""saldo"": null}]",[],[],[],[],[],"[{""descripcion"": ""CAIXABANK"", ""fecha_concesion"": ""JULIO 2024"", ""importe_concedido"": 123300, ""saldo_pendiente"": 121736.36}]",Me remito en todos los apartados no cumplimentados a las declaraciones presentadas con anterioridad.,123,fotos_diputados\deputy_123.jpg,Logo_partidos\deputy_0123.jpg,,sergio-matos-castro,84146.72
deputy_124_assets_000115_000_e_0000495_20230807.json,Emilio Jesús del Valle Rodríguez,Casado,Gananciales,23 de julio de 2023,7 de agosto de 2023,Senador,Cantabria,,,https://twitter.com/edelvallerod,,[],[],[],"[{""concepto"": ""RENTAS INMUEBLES A DISPOSICIÓN DEL TITULAR"", ""euros"": 131.39}]",13710.47,"[{""clase"": ""VIVIENDA HABITUAL"", ""situacion"": ""SANTANDER (Cantabria)"", ""fecha_adquisicion"": ""JULIO 2002"", ""derecho"": ""GANANCIAL (50%)"", ""titulo"": ""COMPRAVENTA""}, {""clase"": ""GARAJE"", ""situacion"": ""SANTANDER (Cantabria)"", ""fecha_adquisicion"": ""JULIO 2002"", ""derecho"": ""GANANCIAL (50%)"", ""titulo"": ""COMPRAVENTA""}, {""clase"": ""TRASTERO"", ""situacion"": ""SANTANDER (Cantabria)"", ""fecha_adquisicion"": ""JULIO 2002"", ""derecho"": ""GANANCIAL (50%)"", ""titulo"": ""COMPRAVENTA""}]",[],[],"[{""tipo"": ""CUENTAS CORRIENTES"", ""saldo"": 14000}]",[],[],[],"[{""fecha_adquisicion"": ""OCTUBRE 2009"", ""descripcion"": ""RENAULT CLIO""}, {""fecha_adquisicion"": ""NOVIEMBRE 2011"", ""descripcion"": ""FORD FOCUS""}]",[],"[{""descripcion"": ""PRESTAMO HIPOTECARIO PARA VIVIENDA HABITUAL. BANCO SANTANDER"", ""fecha_concesion"": ""JUNIO 2002"", ""importe_concedido"": 186313.75, ""saldo_pendiente"": 35675.49}]",,124,fotos_diputados\deputy_124.jpg,Logo_partidos\deputy_0124.jpg,hemiciclo\hemi_0124_2616.gif,emilio-jesus-valle-rodriguez,
deputy_125_assets_000116_000_e_0000506_20230807.json,ENRIQUE FERNANDO SANTIAGO ROMERO,,,,,,,,,https://twitter.com/EnriqueSantiago,,[],[],[],[],35827.99,"[{""clase_y_caracteristicas"": ""APARTAMENTO/PISO"", ""situacion"": ""MADRID"", ""fecha_adquisicion"": ""DICIEMBRE 2001"", ""derecho_sobre_el_bien"": ""50% NUDA PROPIEDAD"", ""titulo_adquisicion"": ""COMPRAVENTA""}]",[],[],"[{""descripcion"": ""50% CUENTAS CORRIENTES (2) CAIXABANK"", ""saldo"": 48489875}, {""descripcion"": ""CUENTAS CORRIENTES (3) CAIXABANK"", ""saldo"": null}]","[{""descripcion"": ""PARTICIPACIONES EN TUTELA LEGAL SAS (16%)"", ""valor"": 2286.37}, {""descripcion"": ""ACCIONES EN EDITORIAL MONG SL"", ""valor"": 1000}]",[],[],"[{""fecha_adquisicion"": ""28 DICIEMBRE 2015"", ""descripcion"": ""MOTOCICLETA YAMAHA YP125RA""}]",[],"[{""descripcion"": ""50% CRÉDITO HIPOTECARIO CAIXABANK"", ""fecha_concesion"": ""21/12/2001"", ""importe_concedido"": 105177.12, ""saldo_pendiente"": 6886.67}]",,125,fotos_diputados\deputy_125.jpg,Logo_partidos\deputy_0125.jpg,hemiciclo\hemi_0125_2204.gif,enrique-fernando-santiago-romero,91261.66
deputy_126_assets_000118_000_e_0000511_20230807.json,FRANCISCO JOSÉ SALAZAR RODRÍGUEZ,CASADO,GANANCIALES,23/07/2023,07/08/2023,Diputado,SEVILLA,,,,,"[{""concepto"": ""NÓMINA"", ""euros"": ""5.644,60€""}]",[],[],[],47329.72,"[{""clase_y_caracteristicas"": ""PLENO DOMINIO"", ""situacion"": ""SEVILLA"", ""fecha_adquisicion"": ""2011"", ""derecho_sobre_el_bien_y_titulo_adquisicion"": ""PLENO DOMINIO. COMPRA""}]",[],[],"[{""tipo"": ""TRANSFERENCIAS PERIÓDICAS"", ""saldo"": ""9.868,74 €""}]",[],[],[],[],"[{""descripcion"": ""VENTA DE INMUEBLE"", ""valor"": ""2.400€""}]","[{""prestamos_descripcion_y_acreedor"": ""CRÉDITO HIPOTECARIO (AL 50%)"", ""fecha_concesion"": ""18/06/2011"", ""importe_concedido"": ""139.491.535€"", ""saldo_pendiente"": ""83.758.125 €""}]",Los ingresos salariales en concepto de nómina son mensuales. Las rentas percibidas por la venta del inmueble son anuales.,126,fotos_diputados\deputy_126.jpg,Logo_partidos\deputy_0126.jpg,,francisco-jose-salazar-rodriguez,134307.55
deputy_126_assets_000118_002_e_0005044_20231129.json,FRANCISCO JOSÉ SALAZAR RODRÍGUEZ,CASADO,GANANCIALES,23/07/2023,07/08/2023,Diputado,,,,,,"[{""concepto"": ""NÓMINA"", ""euros"": ""4.197,43€""}]",[],[],[],47329.72,"[{""clase_y_caracteristicas"": ""PLENO DOMINIO"", ""situacion"": ""SEVILLA"", ""fecha_adquisicion"": ""2011"", ""derecho_sobre_el_bien"": ""PLENO DOMINIO"", ""titulo_adquisicion"": ""COMPRA""}]",[],[],"[{""saldo"": ""9.868,74€""}]",[],[],[],[],"[{""descripcion"": ""VENTA DE INMUEBLE"", ""valor"": ""8.000 €""}]","[{""descripcion"": ""CRÉDITO HIPOTECARIO (AL 50%)"", ""fecha_concesion"": ""18/06/2011"", ""importe_concedido"": ""139.491,535 €"", ""saldo_pendiente"": ""82.195,95 €""}]",,126,fotos_diputados\deputy_126.jpg,Logo_partidos\deputy_0126.jpg,,francisco-jose-salazar-rodriguez,134307.55
deputy_127_assets_000117_000_e_0000509_20230807.json,JOSE LUIS ABALOS MECO,DIVORCIADO,,23-07-2023,07-08-2023,Diputado,,https://www.facebook.com/jose.l.meco,,https://twitter.com/abalosmeco,http://joseluisabalos.wordpress.com/,"[{""concepto"": ""Presidente de la Comisión de Interior Congreso Diputados"", ""euros"": ""4.082,89€ mensual""}, {""concepto"": ""Colaborador Fábrica de la Tele"", ""euros"": ""425""}]",[],[],[],15803.55,"[{""clase"": ""VIVIENDA"", ""situacion"": ""VALENCIA"", ""fecha_adquisicion"": ""1987"", ""derecho"": ""PLENO DOMINIO COMPRAVENTA""}, {""clase"": ""LOCAL COMERCIAL"", ""situacion"": ""VALENCIA"", ""fecha_adquisicion"": ""2020"", ""derecho"": ""PLENO DOMINIO COMPRAVENTA""}, {""clase"": ""LOCAL COMERCIAL"", ""situacion"": ""VALENCIA"", ""fecha_adquisicion"": ""2003"", ""derecho"": ""50% PLENO DOMINIO""}, {""clase"": ""VIVIENDA"", ""situacion"": ""MADRID"", ""fecha_adquisicion"": ""2010"", ""derecho"": ""50% PLENO DOMINIO""}]",[],[],"[{""saldo"": ""16.728""}]",[],[],[],"[{""fecha_adquisicion"": ""2021"", ""descripcion"": ""VEHÍCULO RANGE ROVER 2008""}, {""fecha_adquisicion"": ""2022"", ""descripcion"": ""VEHÍCULO VOLKSWAGEN TIGUAN 2020""}]","[{""descripcion"": ""Plan \""Vida Caixa\"""", ""valor"": ""22.294,34€""}, {""descripcion"": ""Plan Pensiones Congreso (BBVA)"", ""valor"": ""13.000€""}]","[{""descripcion"": ""HIPOTECARIO LA CAIXA"", ""fecha_concesion"": ""2008"", ""importe_concedido"": ""175.000"", ""saldo_pendiente"": ""95.726""}, {""descripcion"": ""HIPOTECARIO LA CAIXA"", ""fecha_concesion"": ""2010"", ""importe_concedido"": ""100.000"", ""saldo_pendiente"": ""24.534""}, {""descripcion"": ""HIPOTECARIO LA CAIXA"", ""fecha_concesion"": ""2020"", ""importe_concedido"": ""50.000"", ""saldo_pendiente"": ""20.667""}, {""descripcion"": ""FINANCIERA SOFINCO POR COMPRA DE VEHICULO"", ""saldo_pendiente"": ""34.225""}, {""descripcion"": ""PENSION ALIMENTOS HIJOS"", ""saldo_pendiente"": ""1.500 EUROS MENSUALES""}]",,127,fotos_diputados\deputy_127.jpg,Logo_partidos\deputy_0127.jpg,hemiciclo\hemi_0127_2701.gif,jose-luis-abalos-meco,74413.36
deputy_128_assets_000120_000_e_0000518_20230807.json,JOSE ANTONIO RODRIGUEZ SALAS,CASADO,SEPARACION DE BIENES,23/JULIO/2023,7/8/2023,Diputado,,https://www.facebook.com/JoseantonioJun/,https://www.instagram.com/joseantoniojun/,https://twitter.com/JoseantonioJun,,[],[],[],[],13765.7,"[{""clase_y_caracteristicas"": ""CASA VIVIENDA HABITUAL"", ""situacion"": ""JUN (GRANADA)"", ""fecha_adquisicion"": ""2004"", ""derecho_sobre_el_bien"": ""100% PROPIETARIO"", ""titulo_adquisicion"": ""COMPRA VENTA""}, {""clase_y_caracteristicas"": ""VIVIENDA PADRES (HERENCIA)"", ""situacion"": ""JUN (GRANADA)"", ""fecha_adquisicion"": ""2005"", ""derecho_sobre_el_bien"": ""25% NUDA PROPIEDAD"", ""titulo_adquisicion"": ""HERENCIA""}, {""clase_y_caracteristicas"": ""ALMACEN"", ""situacion"": ""JUN (GRANADA)"", ""fecha_adquisicion"": ""2005"", ""derecho_sobre_el_bien"": ""25% NUDA PROPIEDAD"", ""titulo_adquisicion"": ""HERENCIA""}]",[],[],"[{""tipo"": ""CUENTAS CORRIENTES"", ""saldo"": 7455}]","[{""descripcion"": ""FONDO INVERSION S&P500"", ""valor"": 2134}]","[{""descripcion"": ""ACCIONES A3MEDIA"", ""valor"": 432}, {""descripcion"": ""SANTANDER"", ""valor"": 2245}, {""descripcion"": ""TELEFONICA"", ""valor"": 766}]",[],"[{""fecha_adquisicion"": ""2007"", ""descripcion"": ""VOLKSWAGEN EOS""}, {""fecha_adquisicion"": ""2023"", ""descripcion"": ""TESLA MODEL S""}]","[{""descripcion"": ""PLAN DE PENSIONES ING S&P"", ""valor"": 26091}, {""descripcion"": ""PLAN DE PENSIONES SANTANDER"", ""valor"": 11206}]","[{""descripcion"": ""HIPOTECA CAJA DE AHORROS DE GRANADA"", ""fecha_concesion"": ""2004"", ""importe_concedido"": 150000, ""saldo_pendiente"": 25974}]",,128,fotos_diputados\deputy_128.jpg,Logo_partidos\deputy_0128.jpg,hemiciclo\hemi_0128_1403.gif,jose-antonio-rodriguez-salas,91261.66
deputy_129_assets_000121_000_e_0000519_20230807.json,MODESTO POSE MESURA,CASADO,GANANCIALES,23 DE JULIO DE 2023,7 DE AGOSTO DE 2023,Diputado,,,,https://twitter.com/modestopose,,"[{""concepto"": ""TRIENIOS DEL SERVICIO GALLEGO DE SALUD"", ""euros"": 8036}]",[],[],[],16598.0,"[{""clase_y_caracteristicas"": ""VIVIENDA"", ""situacion"": ""A CORUÑA"", ""fecha_adquisicion"": ""2019"", ""derecho_sobre_el_bien"": ""PD HERENCIA""}, {""clase_y_caracteristicas"": ""FINCA URBANA (EN CONSTRUCCIÓN)"", ""situacion"": ""A CORUÑA"", ""fecha_adquisicion"": ""2015"", ""derecho_sobre_el_bien"": ""PD COMPRA""}, {""clase_y_caracteristicas"": ""FINCA URBANA"", ""situacion"": ""A CORUÑA"", ""fecha_adquisicion"": ""2019"", ""derecho_sobre_el_bien"": ""PD HERENCIA""}]",[],[],"[{""tipo"": ""CUENTA DE AHORRO"", ""entidad"": ""ABANCA"", ""saldo"": 450000}, {""tipo"": ""CUENTA CORRIENTE"", ""entidad"": ""ABANCA"", ""saldo"": 2000}]",[],[],[],"[{""fecha_adquisicion"": ""2011"", ""descripcion"": ""HYUNDAI 135""}]","[{""descripcion"": ""PREVISION SANITARIA NACIONAL"", ""valor"": 13000}, {""descripcion"": ""PLAN PENSIONES ABANCA"", ""valor"": 1500}]",[],,129,fotos_diputados\deputy_129.jpg,Logo_partidos\deputy_0129.jpg,hemiciclo\hemi_0129_1801.gif,modesto-pose-mesura,91261.66
deputy_130_assets_000122_000_e_0000521_20230807.json,Herminio Rufino Sancho Iñiguez,Casado,Gananciales,23/07/2023,7/08/2023,Senador,Teruel,https://www.facebook.com/herminio.sanchoiniquez,,https://twitter.com/sancho_herminio,,"[{""concepto"": ""Las correspondientes como diputado de la XIV Legislatura"", ""euros"": null}]","[{""concepto"": ""Las correspondientes como diputado de la XIV Legislatura"", ""euros"": null}]","[{""concepto"": ""Las correspondientes como diputado de la XIV Legislatura"", ""euros"": null}]","[{""concepto"": ""Las correspondientes como diputado de la XIV Legislatura"", ""euros"": null}]",13654.2,"[{""clase_y_caracteristicas"": ""Vivienda"", ""situacion"": ""Orrios"", ""fecha_adquisicion"": ""2011"", ""derecho_sobre_el_bien"": ""Herencia 60%""}, {""clase_y_caracteristicas"": ""Vivienda"", ""situacion"": ""Mezquita de Jarque"", ""fecha_adquisicion"": ""1993"", ""derecho_sobre_el_bien"": ""Compraventa 50%""}]","[{""clase_y_caracteristicas"": ""45,97 Hectáreas de tierra"", ""situacion"": ""Teruel"", ""fecha_adquisicion"": ""2005, 1994"", ""derecho_sobre_el_bien"": ""Compraventa y herencia (100%)""}]","[{""clase_y_caracteristicas"": ""2 naves de ovino"", ""situacion"": ""Teruel"", ""fecha_adquisicion"": ""1994-1999"", ""derecho_sobre_el_bien"": ""Propiedad""}, {""clase_y_caracteristicas"": ""Nave almacén"", ""situacion"": ""Teruel"", ""fecha_adquisicion"": ""1984"", ""derecho_sobre_el_bien"": ""Propiedad""}]","[{""tipo"": ""Cuenta corriente"", ""saldo"": 62589.06}]",[],[],[],"[{""fecha_adquisicion"": ""14/05/2015"", ""descripcion"": ""Tractor""}, {""fecha_adquisicion"": ""10/02/2013"", ""descripcion"": ""Vehículo Toyota""}]","[{""tipo"": ""Fondo"", ""valor"": 37937.41}, {""tipo"": ""Capital social"", ""valor"": 4267.81}]",[],,130,fotos_diputados\deputy_130.jpg,Logo_partidos\deputy_0130.jpg,hemiciclo\hemi_0130_1611.gif,herminio-rufino-sancho-iniguez,91261.66
deputy_131_assets_000119_000_e_0000516_20230807.json,JUAN DIEGO REQUENA RUIZ,CASADO,GANANCIALES,23 DE JULIO DE 2023,7 DE AGOSTO DE 2023,Diputado,JAÉN,https://www.facebook.com/JuanDiegoRequenaRuiz,https://www.instagram.com/juandiego_requena/,https://twitter.com/JDRequenaRuiz,,[],[],[],[],13654.9,"[{""clase"": ""PISO"", ""situacion"": ""CUENCA"", ""fecha_adquisicion"": ""29/11/2010"", ""derecho"": ""GANANCIAL POR COMPRAVENTA""}, {""clase"": ""PLAZA APARCAMIENTO"", ""situacion"": ""CUENCA"", ""fecha_adquisicion"": ""29/11/2010"", ""derecho"": ""GANANCIAL POR COMPRAVENTA""}, {""clase"": ""SOLAR"", ""situacion"": ""JAEN"", ""fecha_adquisicion"": ""28/10/2021"", ""derecho"": ""GANANCIAL POR COMPRAVENTA""}]",[],[],"[{""tipo"": ""CUENTA CORRIENTE Y CUENTA AHORRO"", ""saldo"": 117000}]",[],[],[],"[{""fecha_adquisicion"": ""JULIO 2007"", ""descripcion"": ""BMW 118D""}, {""fecha_adquisicion"": ""AGOSTO 2011"", ""descripcion"": ""NISSAN QASHQAI""}, {""fecha_adquisicion"": ""JUNIO 2019"", ""descripcion"": ""BMW X3""}]",[],"[{""descripcion"": ""PRESTAMO HIPOTECARIO"", ""fecha_concesion"": ""29/11/2010"", ""importe_concedido"": 103000, ""saldo_pendiente"": 16000}, {""descripcion"": ""PRESTAMO PERSONAL"", ""fecha_concesion"": ""19/06/2019"", ""importe_concedido"": 20000, ""saldo_pendiente"": 4049}]",,131,fotos_diputados\deputy_131.jpg,Logo_partidos\deputy_0131.jpg,hemiciclo\hemi_0131_3507.gif,juan-diego-requena-ruiz,91261.66
deputy_132_assets_000127_000_e_0000547_20230807.json,Joan Mesquida Mayans,casado,,23.07.2023,,,,https://www.facebook.com/jmesquidamayans,https://www.instagram.com/joanmesquidamayans,,,[],[],[],[],4247.17,"[{""clase_y_caracteristicas"": ""solar y vivienda"", ""situacion"": ""Menorca, Illes Balears"", ""fecha_adquisicion"": ""2017"", ""derecho_sobre_el_bien"": ""pleno dominio 50%"", ""titulo_adquisicion"": ""compra venta""}]",[],"[{""clase_y_caracteristicas"": ""hotel, sociedad Mont Central SL"", ""situacion"": ""Menorca, Illes Balears"", ""fecha_adquisicion"": ""1988"", ""derecho_sobre_el_bien"": ""8%"", ""titulo_adquisicion"": ""pleno dominio compra venta""}]","[{""tipo"": ""cuenta corriente"", ""saldo"": ""82.000 €""}]",[],[],"[{""descripcion"": ""8% de la sociedad Mont Central SL"", ""valor"": ""440.000 €""}]","[{""fecha_adquisicion"": ""2018"", ""descripcion"": ""vehículo toyota auris hibrido (propiedad de Mont Central SL)""}]",[],[],solar adquirido en 2017. vivienda de nueva construcción finalizada en 2019.,132,fotos_diputados\deputy_132.jpg,Logo_partidos\deputy_0132.jpg,hemiciclo\hemi_0132_3713.gif,joan-mesquida-mayans,91261.66
deputy_133_assets_000125_000_e_0000543_20230807.json,ADA SANTANA AGUILERA,SOLTERA,,23/07/2023,7/08/2023,Diputado,LAS PALMAS,https://www.facebook.com/ada.santanaaguilera.9,https://www.instagram.com/ada_aguilera,https://twitter.com/adaSantana98,,[],[],[],[],291.95,[],[],[],"[{""tipo"": ""Cuenta Corriente I"", ""saldo"": 4446.23}, {""tipo"": ""Cuenta Corriente II"", ""saldo"": null}]",[],[],[],[],[],[],,133,fotos_diputados\deputy_133.jpg,Logo_partidos\deputy_0133.jpg,hemiciclo\hemi_0133_4702.gif,ada-santana-aguilera,85645.7
deputy_134_assets_000124_000_e_0000540_20230807.json,ALICIA ÁLVAREZ GONZÁLEZ,SOLTERA,,23/07/2023,07/08/2023,Diputado,SANTA CRUZ DE TENERIFE,,,https://twitter.com/aliciaalvarezsc,,"[{""concepto"": ""SALARIO COMO DIRECTORA GENERAL DE MODERNIZACIÓN Y CALIDAD EN LOS SERVICIOS Y VICECONSEJERA DE ADMINISTRACIONES PÚBLICAS Y TRANSPARENCIA, GOB CANARIAS"", ""euros"": ""59.890,02""}]",[],[],[],14614.32,"[{""clase"": ""CASA"", ""situacion"": ""SANTA CRUZ DE TENERIFE"", ""fecha_adquisicion"": ""2021"", ""derecho"": ""PLENO DOMINIO AL 50%"", ""titulo"": ""COMPRAVENTA""}, {""clase"": ""PISO"", ""situacion"": ""SANTA CRUZ DE TENERIFE"", ""fecha_adquisicion"": ""2004"", ""derecho"": ""PLENO DOMINIO"", ""titulo"": ""COMPRAVENTA""}]",[],[],"[{""tipo"": ""CUENTAS CORRIENTES"", ""saldo"": ""32.982,50""}]",[],[],[],"[{""fecha_adquisicion"": ""2016"", ""descripcion"": ""AUTOMOVIL RENAULT CAPTUR""}, {""fecha_adquisicion"": ""2009"", ""descripcion"": ""MOTO KYMCO LIKE 125CC""}]",[],"[{""descripcion"": ""PRESTAMO HIPOTECARIO"", ""fecha_concesion"": ""2021"", ""importe_concedido"": ""130.000"", ""saldo_pendiente"": ""118.031,61""}]",,134,fotos_diputados\deputy_134.jpg,Logo_partidos\deputy_0134.jpg,hemiciclo\hemi_0134_1706.gif,alicia-alvarez-gonzalez,91261.66
deputy_135_assets_000123_000_e_0000537_20230807.json,David Regades Fernández,Casado,Gananciales,23/07/2023,7/08/2023,Senador,,,,,,"[{""concepto"": ""Nómina del Consorcio de la Zona Franca de Vigo"", ""euros"": 144728}, {""concepto"": ""Alquileres de viviendas (50% Gananciales)"", ""euros"": 3580}]",[],[],[],47995.0,"[{""clase_y_caracteristicas"": ""Piso"", ""situacion"": ""Pontevedra"", ""fecha_adquisicion"": ""2004"", ""derecho_sobre_el_bien"": ""Pleno dominio"", ""titulo_adquisicion"": ""Compraventa""}, {""clase_y_caracteristicas"": ""Piso y plaza de aparcamiento"", ""situacion"": ""Pontevedra"", ""fecha_adquisicion"": ""2007"", ""derecho_sobre_el_bien"": ""Pleno dominio"", ""titulo_adquisicion"": ""Compraventa""}, {""clase_y_caracteristicas"": ""Piso y plaza de aparcamiento"", ""situacion"": ""Pontevedra"", ""fecha_adquisicion"": ""2020"", ""derecho_sobre_el_bien"": ""Pleno dominio"", ""titulo_adquisicion"": ""Compraventa""}]",[],[],[],[],"[{""descripcion"": ""Refercos, S.L. (Acciones)"", ""valor"": 600}]",[],"[{""fecha_adquisicion"": ""13/06/2022"", ""descripcion"": ""Yamaha Tmax""}, {""fecha_adquisicion"": ""12/12/2017"", ""descripcion"": ""Volvo XC60""}]",[],"[{""prestamo"": ""ABANCA (50% GANANCIALES)"", ""fecha_concesion"": ""05/2003"", ""importe_concedido"": 45000, ""saldo_pendiente"": 13016}, {""prestamo"": ""ABANCA (50% GANANCIALES)"", ""fecha_concesion"": ""07/2007"", ""importe_concedido"": 30000, ""saldo_pendiente"": 9740}, {""prestamo"": ""SANTANDER (50% GANANCIALES)"", ""fecha_concesion"": ""02/2020"", ""importe_concedido"": 110000, ""saldo_pendiente"": 53000}, {""prestamo"": ""ABANCA (50% GANANCIALES)"", ""fecha_concesion"": ""02/2020"", ""importe_concedido"": 165000, ""saldo_pendiente"": 148542}]",,135,fotos_diputados\deputy_135.jpg,Logo_partidos\deputy_0135.jpg,,david-regades-fernandez,71897.0
deputy_135_assets_000123_002_e_0020440_20240411.json,DAVID REGADES FERNANDEZ,CASADO,GANANCIALES,23/07/2023,07/08/2023,Diputado,,,,,,[],[],[],[],,[],[],[],"[{""saldo"": 40000}]",[],[],[],[],[],"[{""descripcion"": ""ABANCA (50% GANANCIALES)"", ""fecha_concesion"": ""05/2003"", ""importe_concedido"": 45000, ""saldo_pendiente"": 11384}, {""descripcion"": ""ABANCA (50% GANANCIALES)"", ""fecha_concesion"": ""07/2004"", ""importe_concedido"": 30000, ""saldo_pendiente"": 8756}, {""descripcion"": ""SANTANDER 50% (GANANCIALES)"", ""fecha_concesion"": ""02/2007"", ""importe_concedido"": 110000, ""saldo_pendiente"": 50937}, {""descripcion"": ""ABANCA (50% GANANCIALES)"", ""fecha_concesion"": ""02/2020"", ""importe_concedido"": 165000, ""saldo_pendiente"": 145690}]",Me remito en todos los apartados no cumplimentados a las declaraciones presentadas con anterioridad.,135,fotos_diputados\deputy_135.jpg,Logo_partidos\deputy_0135.jpg,,david-regades-fernandez,71897.0
deputy_136_assets_000132_000_e_0000562_20230807.json,CRISTINA AGUERA GAGO,SOLTERA,,23/07/2023,07/08/2023,Senador,BARCELONA,,,https://twitter.com/CristinaAgueraG,,"[{""concepto"": ""PERCEPCIÓN SALARIAL AYUNTAMIENTO BADALONA"", ""euros"": 59117.3}]",[],[],"[{""concepto"": ""RENTA INMUEBLE"", ""euros"": 11400}, {""concepto"": ""RENTA INMUEBLE"", ""euros"": 6012.5}, {""concepto"": ""RENTA INMUEBLE"", ""euros"": 6012.5}, {""concepto"": ""RENTA INMUEBLE"", ""euros"": 6012.5}]",16072.58,"[{""clase"": ""PISO"", ""situacion"": ""BARCELONA"", ""fecha_adquisicion"": ""2016"", ""derecho"": ""100% PLENO DOMINIO"", ""titulo_adquisicion"": ""COMPRA""}, {""clase"": ""PISO"", ""situacion"": ""BARCELONA"", ""fecha_adquisicion"": ""2020"", ""derecho"": ""50% PLENO DOMINIO"", ""titulo_adquisicion"": ""COMPRA""}, {""clase"": ""APARCAMIENTO"", ""situacion"": ""BARCELONA"", ""fecha_adquisicion"": ""2020"", ""derecho"": ""50% PLENO DOMINIO"", ""titulo_adquisicion"": ""COMPRA""}, {""clase"": ""APARCAMIENTO"", ""situacion"": ""BARCELONA"", ""fecha_adquisicion"": ""2020"", ""derecho"": ""50% PLENO DOMINIO"", ""titulo_adquisicion"": ""COMPRA""}, {""clase"": ""TRASTERO"", ""situacion"": ""BARCELONA"", ""fecha_adquisicion"": ""2020"", ""derecho"": ""50% PLENO DOMINIO"", ""titulo_adquisicion"": ""COMPRA""}]",[],[],"[{""tipo"": ""CUENTAS CORRIENTES"", ""saldo"": 53945.63}]",[],"[{""descripcion"": ""PARTICIPACIONES CAFES AGUERA SL (VALOR SEGÚN EL BALANCE ANUAL ANTERIOR)"", ""valor"": 20368.23}]",[],[],[],"[{""descripcion"": ""HIPOTECA"", ""fecha_concesion"": ""2016"", ""importe_concedido"": 141600, ""saldo_pendiente"": 113982.67}, {""descripcion"": ""PRÉSTAMO COCHE VOLSWAGEN BANK"", ""fecha_concesion"": ""2022"", ""importe_concedido"": 10175.15, ""saldo_pendiente"": 6855.25}, {""descripcion"": ""PRÉSTAMO PRIVADO FAMILIAR"", ""fecha_concesion"": ""2016"", ""importe_concedido"": 30000, ""saldo_pendiente"": 30000}]",,136,fotos_diputados\deputy_136.jpg,Logo_partidos\deputy_0136.jpg,hemiciclo\hemi_0136_3712.gif,cristina-aguera-gago,91261.66
deputy_136_assets_000132_001_e_0027319_20240529.json,CRISTINA AGÜERA GAGO,SOLTERA,,23 DE JULIO DE 2023,7 DE AGOSTO DE 2023,Diputado,,,,https://twitter.com/CristinaAgueraG,,[],[],[],[],,"[{""clase"": ""PISO"", ""situacion"": ""BARCELONA"", ""fecha_adquisicion"": ""2024"", ""derecho"": ""50% PLENO DOMINIO"", ""titulo_adquisicion"": ""COMPRAVENTA""}, {""clase"": ""APARCAMIENTO"", ""situacion"": ""BARCELONA"", ""fecha_adquisicion"": ""2024"", ""derecho"": ""50% PLENO DOMINIO"", ""titulo_adquisicion"": ""COMPRAVENTA""}, {""clase"": ""TRASTERO"", ""situacion"": ""BARCELONA"", ""fecha_adquisicion"": ""2024"", ""derecho"": ""50% PLENO DOMINIO"", ""titulo_adquisicion"": ""COMPRAVENTA""}]",[],[],[],[],[],[],[],[],"[{""descripcion"": ""PRESTAMO BANCARIO"", ""fecha_concesion"": ""2024"", ""importe_concedido"": 12500, ""saldo_pendiente"": 11134.7}]",,136,fotos_diputados\deputy_136.jpg,Logo_partidos\deputy_0136.jpg,hemiciclo\hemi_0136_3712.gif,cristina-aguera-gago,91261.66
deputy_137_assets_000131_000_e_0000559_20230807.json,ISABEL BELÉN INIESTA EGIDO,SOLTERA,,23 DE JULIO DE 2023,7 DE AGOSTO DE 2023,Diputado,ALBACETE,,,,,"[{""procedencia"": ""ALCALDESA AYUNTAMIENTO DE ALPERA"", ""concepto"": ""Percepciones netas de tipo salarial, sueldos, honorarios, aranceles y otras retribuciones"", ""euros"": 26260.08}, {""procedencia"": ""MANCOMUNIDAD DE MUNICIPIOS MONTEIBERICO"", ""concepto"": ""Percepciones netas de tipo salarial, sueldos, honorarios, aranceles y otras retribuciones"", ""euros"": 392.0}]","[{""procedencia"": ""BANCO SANTANDER SA"", ""concepto"": ""Dividendos y participación en beneficios de sociedades"", ""euros"": 0.6}]",[],[],4868.12,"[{""clase"": ""SOLAR. SUELO SIN EDIFICAR"", ""situacion"": ""ALBACETE"", ""fecha_adquisicion"": ""03/11/2022"", ""derecho"": ""PLENO DOMINIO"", ""titulo_adquisicion"": ""DONACIÓN""}]",[],[],"[{""tipo"": ""CUENTA CORRIENTE"", ""saldo"": 20588.35}, {""tipo"": ""CUENTA CORRIENTE"", ""saldo"": 0.01}, {""tipo"": ""CUENTA CORRIENTE"", ""saldo"": 0.51}]","[{""descripcion"": ""11 ACCIONES BANCO SANTANDER S.A."", ""valor"": 39.69}]",[],[],"[{""fecha_adquisicion"": ""17/06/2019"", ""descripcion"": ""OPEL ASTRA+""}]","[{""valor"": 0}]",[],,137,fotos_diputados\deputy_137.jpg,Logo_partidos\deputy_0137.jpg,hemiciclo\hemi_0137_4804.gif,isabel-belen-iniesta-egido,91261.66
deputy_138_assets_000129_000_e_0000557_20230807.json,EMILIO SÁEZ CRUZ,CASADO,SEPARACIÓN DE BIENES,23 DE JULIO 2023,7 DE AGOSTO DE 2023,DIPUTADO,ALBACETE,,,https://twitter.com/emiliosaezcruz,,"[{""concepto"": ""ALCALDE DE ALBACETE"", ""euros"": 66982.02}]",[],"[{""concepto"": null, ""euros"": 51.35}]",[],7998.74,"[{""clase_y_caracteristicas"": ""VIVIENDA CON GARAJE Y TRASTERO"", ""situacion"": ""ALBACETE"", ""fecha_adquisicion"": ""2005"", ""derecho_sobre_el_bien"": ""50%"", ""titulo_adquisicion"": ""COMPRAVENTA""}, {""clase_y_caracteristicas"": ""PARCELA VIVIENDA"", ""situacion"": ""ALBACETE"", ""fecha_adquisicion"": ""2019"", ""derecho_sobre_el_bien"": ""50%"", ""titulo_adquisicion"": ""COMPRAVENTA""}, {""clase_y_caracteristicas"": ""APARTAMENTO"", ""situacion"": ""SANTA POLA, ALICANTE"", ""fecha_adquisicion"": ""2005"", ""derecho_sobre_el_bien"": ""50%"", ""titulo_adquisicion"": ""COMPRAVENTA""}]","[{""clase_y_caracteristicas"": ""SUELO RÚSTICO"", ""situacion"": ""ALBACETE"", ""fecha_adquisicion"": ""2006"", ""derecho_sobre_el_bien"": ""SIN SEGREGAR"", ""titulo_adquisicion"": null}]",[],"[{""tipo"": ""CUENTAS CORRIENTES"", ""saldo"": 3548}]",[],[],[],"[{""fecha_adquisicion"": ""4-9-2020"", ""descripcion"": ""VEHÍCULO, BMW X3""}, {""fecha_adquisicion"": ""7-10-2022"", ""descripcion"": ""MOTOCICLETA YAMAHA XP""}]",[],"[{""descripcion"": ""PRESTAMO HIPOTECARIO VIVIENDA HABITUAL (GLOBALCAJA)"", ""fecha_concesion"": ""22-6-2021"", ""importe_concedido"": 150000, ""saldo_pendiente"": 137967.51}, {""descripcion"": ""PRESTAMO HIPOTECARIO APARTAMENTO SANTA POLA (ALICANTE) (CAIXABANK)"", ""fecha_concesion"": ""29-7-2005"", ""importe_concedido"": 160000, ""saldo_pendiente"": 51556.59}, {""descripcion"": ""PRESTAMO HIPOTECARIO VIVIENDA PARCELA (GLOBALCAJA)"", ""fecha_concesion"": ""30-7-2019"", ""importe_concedido"": 210000, ""saldo_pendiente"": 197838.6}]",,138,fotos_diputados\deputy_138.jpg,Logo_partidos\deputy_0138.jpg,hemiciclo\hemi_0138_1601.gif,emilio-saez-cruz,91261.66
deputy_139_assets_000128_000_e_0000550_20230807.json,MARIA MARGARITA PEREGRINA ADRIO TARACIDO,Casada,Separación Absoluta de Bienes,23 de Julio de 2023,07/08/2023,Diputado,PONTEVEDRA,,,,,[],[],[],[],,"[{""descripcion"": ""Piso sexto C de C/Rosalia De Castro 45, bl3"", ""situacion"": ""PONTEVEDRA"", ""fecha_adquisicion"": ""1987"", ""derecho"": ""Propiedad"", ""titulo_adquisicion"": ""compraventa""}, {""descripcion"": ""Plaza de garaje, C/ Rosalia De Castro 45, sótano"", ""situacion"": ""PONTEVEDRA"", ""fecha_adquisicion"": ""1987"", ""derecho"": ""Propiedad"", ""titulo_adquisicion"": ""Compraventa""}, {""descripcion"": ""Trastero, C/ Rosalia De Castro 56, bl 3, bajo cubierto"", ""situacion"": ""PONTEVEDRA"", ""fecha_adquisicion"": ""1987"", ""derecho"": ""Propiedad"", ""titulo_adquisicion"": ""Compraventa""}, {""descripcion"": ""Piso primero izquierda C/ Rosalia De Castro 25"", ""situacion"": ""PONTEVEDRA"", ""fecha_adquisicion"": ""2018"", ""derecho"": ""Propiedad"", ""titulo_adquisicion"": ""Herencia""}, {""descripcion"": ""Piso sexto C/ Rosalia De Castro 25"", ""situacion"": ""PONTEVEDRA"", ""fecha_adquisicion"": ""2018"", ""derecho"": ""Propiedad"", ""titulo_adquisicion"": ""Herencia"", ""porcentaje"": ""50%""}]",[],[],"[{""entidad"": ""BANCO SANTANDER"", ""saldo"": 5692.34}, {""entidad"": ""CAIXABANK"", ""saldo"": 422.24}, {""entidad"": ""CAIXABANK PLAN DE PENSIONES"", ""saldo"": 11939.95}]",[],[],[],[],"[{""descripcion"": ""MUTUALIDAD GENERAL ABOGACIA"", ""valor"": 88853.34}]","[{""descripcion"": ""Préstamo consumo Banco Santander"", ""fecha_concesion"": ""01/08/2023"", ""importe_concedido"": 13668.0, ""saldo_pendiente"": 13668.0}]",,139,fotos_diputados\deputy_139.jpg,Logo_partidos\deputy_0139.jpg,hemiciclo\hemi_0139_1707.gif,maria-margarita-peregrina-adrio-taracido,71897.0
deputy_140_assets_000126_000_e_0000544_20230807.json,ALFONSO RODRIGUEZ GOMEZ DE CELIS,SOLTERO,,23 DE JULIO DE 2023,7 DE AGOSTO DE 2023,Diputado,,,https://www.instagram.com/gomezdcelis/,https://twitter.com/gomezdcelis,,[],[],[],[],27037.47,"[{""clase"": ""VIVIENDA"", ""situacion"": ""MADRID"", ""fecha_adquisicion"": ""2021"", ""derecho"": ""100%""}, {""clase"": ""PLAZA APARCAMIENTO"", ""situacion"": ""SEVILLA"", ""fecha_adquisicion"": ""2002"", ""derecho"": ""50%""}]",[],[],"[{""tipo"": ""CUENTA CORRIENTE"", ""saldo"": 91784.8}]","[{""descripcion"": ""MICROCRÉDITO PSOE"", ""valor"": 2000}]",[],[],[],[],"[{""descripcion"": ""PRESTAMO HIPOTECARIO CON BANCO MEDIOLANUM SOBRE VIVIENDA"", ""fecha_concesion"": ""2021"", ""importe_concedido"": 200000, ""saldo_pendiente"": 185446.84}, {""descripcion"": ""PRESTAMO PERSONAL CON BANCO MEDIOLANUM"", ""fecha_concesion"": ""2021"", ""importe_concedido"": 19400, ""saldo_pendiente"": 10229.79}, {""descripcion"": ""PRESTAMO NÓMINA CON BANCO MEDIOLANUM"", ""fecha_concesion"": ""2022"", ""importe_concedido"": 3000, ""saldo_pendiente"": 2000}]",,140,fotos_diputados\deputy_140.jpg,Logo_partidos\deputy_0140.jpg,hemiciclo\hemi_0140_2.gif,alfonso-rodriguez-gomez-celis,
deputy_141_assets_000130_000_e_0000558_20230807.json,JAVIER NORIEGA GÓMEZ,CASADO,RÉGIMEN DE GANANCIALES,23-07-2023,,Diputado,CANTABRIA,,,https://twitter.com/javiernoriegago,,"[{""concepto"": ""RENDIMIENTOS DE ACTIVIDADES ECONÓMICAS 2022"", ""euros"": 20000}, {""concepto"": ""DECLARACIÓN IRPF PRIMER TRIMESTRE 2023"", ""euros"": 5265.21}, {""concepto"": ""DECLARACIÓN IRPF SEGUNDO TRIMESTRE 2023"", ""euros"": 5322.78}]","[{""concepto"": ""DIVIDENDOS ACCIONES"", ""euros"": 2762.1}]",[],"[{""concepto"": ""RENTAS INMOBILIARIAS IMPUTADAS"", ""euros"": 1940.38}]",,"[{""clase_y_caracteristicas"": ""Vivienda habitual de 120 m2"", ""situacion"": ""Santander"", ""fecha_adquisicion"": ""2005"", ""derecho_sobre_el_bien"": ""50% Pleno dominio""}, {""clase_y_caracteristicas"": ""Vivienda de 267 m2"", ""situacion"": ""Santander"", ""fecha_adquisicion"": ""1987"", ""derecho_sobre_el_bien"": ""16,66% Pleno dominio""}, {""clase_y_caracteristicas"": ""Apartamento de 71 m2"", ""situacion"": ""Santander"", ""fecha_adquisicion"": ""1987"", ""derecho_sobre_el_bien"": ""16,66% Pleno dominio""}, {""clase_y_caracteristicas"": ""Local Comercial de 60 m2"", ""situacion"": ""Santander"", ""fecha_adquisicion"": ""1987"", ""derecho_sobre_el_bien"": ""16,66% Pleno dominio""}, {""clase_y_caracteristicas"": ""5 Plazas de Garaje"", ""situacion"": ""Santander"", ""fecha_adquisicion"": ""1987"", ""derecho_sobre_el_bien"": ""16,66% Pleno dominio""}, {""clase_y_caracteristicas"": ""3 Trasteros"", ""situacion"": ""Santander"", ""fecha_adquisicion"": ""1987"", ""derecho_sobre_el_bien"": ""16,66% Pleno dominio""}, {""clase_y_caracteristicas"": ""1 Plaza de Garaje"", ""situacion"": ""Santander"", ""fecha_adquisicion"": ""2008"", ""derecho_sobre_el_bien"": ""50% Concesión Admini.""}, {""clase_y_caracteristicas"": ""Edificio de 1379 m2 y finca"", ""situacion"": ""Asturias"", ""fecha_adquisicion"": ""1987"", ""derecho_sobre_el_bien"": ""15,00% Pleno dominio""}, {""clase_y_caracteristicas"": ""Edificio y finca"", ""situacion"": ""Asturias"", ""fecha_adquisicion"": ""1987"", ""derecho_sobre_el_bien"": ""16,66% Pleno dominio""}, {""clase_y_caracteristicas"": ""Solar Urbano de 27.141 m2"", ""situacion"": ""Asturias"", ""fecha_adquisicion"": ""1987"", ""derecho_sobre_el_bien"": ""16,66% Pleno dominio""}, {""clase_y_caracteristicas"": ""Solar Urbano de 8.626 m2"", ""situacion"": ""Asturias"", ""fecha_adquisicion"": ""1987"", ""derecho_sobre_el_bien"": ""16,66% Pleno dominio""}]","[{""clase_y_caracteristicas"": ""18 Fincas Rústicas de 178.515 m2"", ""situacion"": ""Asturias"", ""fecha_adquisicion"": ""1987"", ""derecho_sobre_el_bien"": ""16,66% Pleno dominio""}]",[],"[{""entidad"": ""Banco Santander"", ""saldo"": 5079.75}, {""entidad"": ""Unicaja Banco"", ""saldo"": 600}, {""entidad"": ""Caja Rural de Asturias"", ""saldo"": 150}]","[{""descripcion"": ""ACCIONES BANCO SANTANDER"", ""valor"": 15000}]",[],[],"[{""fecha_adquisicion"": ""2013"", ""descripcion"": ""VEHÍCULO TURISMO KIA CARNIVAL""}, {""fecha_adquisicion"": ""2003"", ""descripcion"": ""BARCO SESSA MARINE""}]","[{""descripcion"": ""CONCESIÓN ADMINISTRATIVA DE USO SOBRE ATRAQUE SITO EN PUERTOCHICO (SANTANDER)"", ""valor"": 30000}, {""descripcion"": ""PLAN DE PENSIONES MUTUALIDAD ABOGACIA"", ""valor"": 73900}]","[{""descripcion"": ""PRESTAMO HIPOTECARIO BANCO SANTANDER"", ""fecha_concesion"": ""2005"", ""importe_concedido"": 210000, ""saldo_pendiente"": 93827.52}, {""descripcion"": ""PRESTAMO UNICAJA BANCO"", ""fecha_concesion"": ""2019"", ""importe_concedido"": null, ""saldo_pendiente"": 1720.18}]",,141,fotos_diputados\deputy_141.jpg,Logo_partidos\deputy_0141.jpg,hemiciclo\hemi_0141_2819.gif,javier-noriega-gomez,85645.7
deputy_142_assets_000348_000_e_0001661_20230911.json,LUC ANDRÉ DIOUF DIOH,SEPARADO,SEPARACIÓN DE BIENES,23/07/2023,7/08/2023,Diputado,LAS PALMAS DE GRAN CANARIA,https://www.facebook.com/lucandrediouf.dioh,https://www.instagram.com/lucandrediouf/,https://twitter.com/dioufluc,,[],[],[],[],13060.23,"[{""clase_y_caracteristicas"": ""CASA TERRERA EN EL PUEBLO DE JOAL EN SENEGAL"", ""situacion"": ""JOAL"", ""fecha_adquisicion"": ""2022"", ""derecho_sobre_el_bien"": ""COMPRA-PROPIEDAD 100% (NUDA PROPIEDAD + USUFRUCTO)""}]","[{""clase_y_caracteristicas"": ""FINCA UNA HECTÁREA EN SENEGAL"", ""situacion"": ""DIABOUGOU-SENEGAL"", ""fecha_adquisicion"": ""2004"", ""derecho_sobre_el_bien"": ""COMPRA PROPIEDAD 100%""}, {""clase_y_caracteristicas"": ""FINCA DE DOS HECTAREAS EN SENEGAL"", ""situacion"": ""NDOFFANE"", ""fecha_adquisicion"": ""2023"", ""derecho_sobre_el_bien"": ""COMPRA PROPIEDAD 100%""}]",[],"[{""descripcion"": ""DOS DEPÓSITOS EN CUENTAS CORRIENTES Y UNA CUENTA DE AHORRO"", ""saldo"": ""23.000 EUROS""}]",[],[],[],[],"[{""descripcion"": ""PLAN DE PENSIONES"", ""valor"": ""4.000""}, {""descripcion"": ""MICROCRÉDITO PSOE"", ""valor"": ""2.000""}]","[{""prestamo"": ""PRESTAMO PERSONAL LINDOR"", ""fecha_concesion"": ""30/07/2015"", ""importe_concedido"": ""36.000"", ""saldo_pendiente"": ""15.000""}]",,142,fotos_diputados\deputy_142.jpg,Logo_partidos\deputy_0142.jpg,hemiciclo\hemi_0142_1402.gif,luc-andre-diouf-dioh,91261.66
deputy_143_assets_000133_000_e_0000569_20230807.json,BEATRIZ ALVAREZ FANJUL,SOLTERA,,23/07/2023,07/08/2023,Diputado,VIZCAYA,,https://www.instagram.com/bea_fanjul/,https://twitter.com/bea_fanjul,,[],[],[],[],13523.51,[],[],[],"[{""tipo"": ""CUENTAS CORRIENTES"", ""saldo"": 16627}]",[],[],[],"[{""fecha_adquisicion"": ""2020"", ""descripcion"": ""MOTO 125CC BRIXTON""}]",[],[],,143,fotos_diputados\deputy_143.jpg,Logo_partidos\deputy_0143.jpg,hemiciclo\hemi_0143_3305.gif,beatriz-alvarez-fanjul,91261.66
deputy_144_assets_000135_000_e_0000585_20230808.json,JOSE RAMON GOMEZ BESTEIRO,,,,,,,,,,,[],[],[],[],12690.77,"[{""clase"": ""VIVIENDA"", ""caracteristicas"": null, ""situacion"": ""LUGO"", ""fecha_adquisicion"": ""MAYO 2005"", ""derecho_sobre_el_bien"": ""COMPRAVENTA"", ""titulo_adquisicion"": ""COMPRAVENTA""}, {""clase"": ""PISO"", ""caracteristicas"": null, ""situacion"": ""LUGO"", ""fecha_adquisicion"": ""2013"", ""derecho_sobre_el_bien"": ""NUDA PROPIEDAD COMPARTIDA"", ""titulo_adquisicion"": ""HERENCIA""}, {""clase"": ""PISO"", ""caracteristicas"": null, ""situacion"": ""LUGO"", ""fecha_adquisicion"": ""2013"", ""derecho_sobre_el_bien"": ""NUDA PROPIEDAD COMPARTIDA"", ""titulo_adquisicion"": ""HERENCIA""}, {""clase"": ""ALMACEN"", ""caracteristicas"": null, ""situacion"": ""LUGO"", ""fecha_adquisicion"": ""2013"", ""derecho_sobre_el_bien"": ""NUDA PROPIEDAD COMPARTIDA"", ""titulo_adquisicion"": ""HERENCIA""}, {""clase"": ""SOLAR"", ""caracteristicas"": null, ""situacion"": ""LUGO"", ""fecha_adquisicion"": ""2013"", ""derecho_sobre_el_bien"": ""NUDA COMPARTIDA"", ""titulo_adquisicion"": ""HERENCIA""}]",[],[],"[{""tipo"": ""CUENTA CORRIENTE 1"", ""participacion"": ""100%"", ""saldo"": 240473.06, ""fecha_saldo"": ""06/08/2023""}, {""tipo"": ""CUENTA CORRIENTE 2"", ""participacion"": ""100%"", ""saldo"": 240473.06, ""fecha_saldo"": ""06/08/2023""}, {""tipo"": ""CUENTA CORRIENTE 3"", ""participacion"": ""50%"", ""saldo"": 240473.06, ""fecha_saldo"": ""06/08/2023""}, {""tipo"": ""CUENTA CORRIENTE 4"", ""participacion"": ""Autorizado"", ""saldo"": 240473.06, ""fecha_saldo"": ""06/08/2023""}]",[],[],[],"[{""fecha_adquisicion"": ""JULIO 1999"", ""descripcion"": ""FORD FOCUS GHIA""}, {""fecha_adquisicion"": ""ENERO 2011"", ""descripcion"": ""VESPA PIAGGIO 125""}]","[{""descripcion"": ""FONDO ACUMULADO EN EL SISTEMA DE PREVISION PROFESIONAL DE LA MUTUALIDAD GRAL. DE LA ABOGACIA"", ""valor"": 47388.89}]",[],,144,fotos_diputados\deputy_144.jpg,Logo_partidos\deputy_0144.jpg,,jose-ramon-gomez-besteiro,59866.56
deputy_144_assets_000135_002_e_0014528_20240301.json,JOSÉ RAMÓN GÓMEZ BESTEIRO,CASADO,,23-07-2023,,Senador,LUGO,,,,,[],[],[],[],,[],[],[],"[{""descripcion"": ""CUENTA CORRIENTE 1"", ""porcentaje"": ""100%"", ""saldo"": null}, {""descripcion"": ""CUENTA CORRIENTE 2"", ""porcentaje"": ""100%"", ""saldo"": null}, {""descripcion"": ""CUENTA CORRIENTE 3"", ""porcentaje"": ""50%"", ""saldo"": null}, {""descripcion"": ""CUENTA CORRIENTE 4"", ""porcentaje"": ""Autorizado"", ""saldo"": null}]",[],[],[],"[{""fecha_adquisicion"": ""ENERO 2011"", ""descripcion"": ""VESPA PIAGGIO 125""}]",[],[],Me remito en todos los apartados no cumplimentados a las declaraciones presentadas con anterioridad. Excepto a lo relativo a los vehículos en propiedad.,144,fotos_diputados\deputy_144.jpg,Logo_partidos\deputy_0144.jpg,,jose-ramon-gomez-besteiro,59866.56
deputy_145_assets_000136_000_e_0000587_20230808.json,ISABEL MARIA BORREGO CORTES,CASADA,SEPARACION DE BIENES,23 DE JULIO DE 2023,8 DE AGOSTO DE 2023,Diputado,MURCIA,,,https://twitter.com/borrego_corte,,"[{""procedencia"": ""GRUPO PARLAMENTARIO POPULAR. CONSEJO DIRECCION"", ""concepto"": ""Percepciones netas de tipo salarial, sueldos, honorarios, aranceles y otras retribuciones"", ""euros"": ""27.141,48""}]",[],"[{""procedencia"": ""ARRENDAMIENTOS"", ""concepto"": ""Intereses o rendimientos de cuentas, depósitos y activos financieros"", ""euros"": ""28.300""}]",[],35659.03,"[{""clase"": ""PISO"", ""caracteristicas"": """", ""situacion"": ""ISLAS BALEARES"", ""fecha_adquisicion"": ""23/12/2004"", ""derecho"": ""PLENO DOMINIO"", ""titulo"": ""COMPRAVENTA""}, {""clase"": ""PISO"", ""caracteristicas"": """", ""situacion"": ""REGION DE MURCIA"", ""fecha_adquisicion"": ""09/01/2018"", ""derecho"": ""PLENO DOMINIO"", ""titulo"": ""COMPRAVENTA""}]",[],[],"[{""tipo"": ""CUENTAS CORRIENTES"", ""saldo"": ""74.710,87""}]",[],[],[],"[{""fecha_adquisicion"": ""2012"", ""descripcion"": ""VEHÍCULO TIGUAN VOLKSWAGEN""}]","[{""descripcion"": ""PLAN UNIVERSAL ABOGACIA. SALDO ACUMULADO DICIEMBRE 2022"", ""valor"": ""43.566""}]","[{""descripcion"": ""PRESTAMO FAMILIAR-DE PRESTAMO ABIERTO CAIXA (impuesto liquidados R Murcia)"", ""fecha_concesion"": ""27/12/2017"", ""importe_concedido"": ""180.000"", ""saldo_pendiente"": ""165.000,92""}]",,145,fotos_diputados\deputy_145.jpg,Logo_partidos\deputy_0145.jpg,hemiciclo\hemi_0145_3403.gif,isabel-maria-borrego-cortes,97457.92
deputy_145_assets_000136_001_e_0034590_20240724.json,ISABEL MARIA BORREGO CORTÉS,CASADA,SEPARACIÓN DE BIENES,23/07/2023,08/08/2023,Diputado,R.MURCIA,,,https://twitter.com/borrego_corte,,[],[],[],[],,[],[],[],[],[],[],[],"[{""fecha_adquisicion"": ""25/05/2024"", ""descripcion"": ""MINI""}]",[],[],MODIFICACIÓN POR CAMBIO DE VEHICULO,145,fotos_diputados\deputy_145.jpg,Logo_partidos\deputy_0145.jpg,hemiciclo\hemi_0145_3403.gif,isabel-maria-borrego-cortes,97457.92
deputy_146_assets_000137_000_e_0000589_20230808.json,MARGARITA MARTIN RODRIGUEZ,CASADA,GANANCIALES,23/07/2023,08/08/2023,Senador,,,,https://twitter.com/MargaMartin_Ou,,"[{""concepto"": ""Salario como funcionaria de la Xunta de Galicia"", ""euros"": 51718.86}]",[],[],[],11073.12,"[{""clase"": ""PISO"", ""situacion"": ""OURENSE"", ""fecha_adquisicion"": ""09/1998"", ""derecho"": ""PLENO DOMINIO"", ""titulo_adquisicion"": ""COMPRAVENTA""}, {""clase"": ""PISO"", ""situacion"": ""PONTEVEDRA"", ""fecha_adquisicion"": ""05/2012"", ""derecho"": ""PLENO DOMINIO"", ""titulo_adquisicion"": ""HERENCIA""}, {""clase"": ""PLAZA APARCAMIENTO"", ""situacion"": ""OURENSE"", ""fecha_adquisicion"": ""09/1998"", ""derecho"": ""PLENO DOMINIO"", ""titulo_adquisicion"": ""COMPRAVENTA""}, {""clase"": ""PLAZA APARCAMIENTO"", ""situacion"": ""PONTEVEDRA"", ""fecha_adquisicion"": ""05/2012"", ""derecho"": ""PLENO DOMINIO"", ""titulo_adquisicion"": ""HERENCIA""}, {""clase"": ""TRASTERO"", ""situacion"": ""PONTEVEDRA"", ""fecha_adquisicion"": ""05/2012"", ""derecho"": ""PLENO DOMINIO"", ""titulo_adquisicion"": ""HERENCIA""}]",[],[],"[{""saldo"": 12828.59}]",[],[],[],"[{""fecha_adquisicion"": ""2008"", ""descripcion"": ""Citroen C5""}]","[{""descripcion"": ""Derechos derivados de sentencia firme que obliga al ayuntamiento de Ourense"", ""valor"": 27356.26}, {""descripcion"": ""Derechos derivados de sentencia firme que obliga al ayuntamiento de Ourense"", ""valor"": 27356.26}]","[{""prestamo"": ""Personal/bankinter"", ""fecha_concesion"": ""02/03/2022"", ""importe_concedido"": 25746.27, ""saldo_pendiente"": 20471.86}]",,146,fotos_diputados\deputy_146.jpg,Logo_partidos\deputy_0146.jpg,hemiciclo\hemi_0146_4602.gif,margarita-martin-rodriguez,91261.66
deputy_147_assets_000134_000_e_0000582_20230808.json,MIQUEL ICETA LLORENS,SOLTERO,,23/07/2023,8/08/2023,Diputado,BARCELONA,,,,,"[{""procedencia"": ""Ministerio de Cultura y Deporte"", ""concepto"": ""Percepciones netas de tipo salarial, sueldos, honorarios, aranceles y otras retribuciones"", ""euros"": ""72.299,20 €""}]",[],[],"[{""concepto"": ""Arrendamientos de viviendas"", ""euros"": ""30.000 €""}]",21159.97,"[{""clase"": ""VIVIENDA"", ""situacion"": ""BARCELONA"", ""fecha_adquisicion"": ""27/05/1999"", ""derecho"": ""PLENO DOMINIO"", ""titulo"": ""COMPRAVENTA""}, {""clase"": ""VIVIENDA"", ""situacion"": ""BARCELONA"", ""fecha_adquisicion"": ""06/05/2005"", ""derecho"": ""PLENO DOMINIO"", ""titulo"": ""COMPRAVENTA""}, {""clase"": ""TERRENO"", ""situacion"": ""MENORCA"", ""fecha_adquisicion"": ""25/04/1988"", ""derecho"": ""PLENO DOMINIO"", ""titulo"": ""COMPRAVENTA""}]",[],[],"[{""tipo"": ""CUENTAS CORRIENTES ENTIDADES BANCARIAS"", ""saldo"": ""61.171,88 €""}]","[{""descripcion"": ""PARTICIPACIONES SOC.PROM. LOCALES INDUSTRIALES SL"", ""valor"": ""111.527,54 €""}]",[],[],[],"[{""descripcion"": ""CUADRO ESCUELA FLAMENCA"", ""valor"": ""10.000 €""}, {""descripcion"": ""PLANES DE PENSIONES"", ""valor"": ""65.858,06 €""}]","[{""descripcion"": ""PRESTAMO HIPOTECARIO"", ""fecha_concesion"": ""06/05/2005"", ""importe_concedido"": ""425.000 €"", ""saldo_pendiente"": ""174.545,83 €""}]",,147,fotos_diputados\deputy_147.jpg,Logo_partidos\deputy_0147.jpg,,miquel-iceta-llorens,
deputy_147_assets_000134_002_e_0006389_20231215.json,MIQUEL ICETA LLORENS,SOLTERO,,23 julio 2023,8 agosto 2023,,,,,,,[],[],[],[],,[],[],[],"[{""tipo"": ""CUENTAS CORRIENTES ENTIDADES BANCARIAS"", ""saldo"": ""55.630,75 €""}]",[],[],[],[],[],"[{""descripcion"": ""PRESTAMO HIPOTECARIO"", ""fecha_concesion"": ""06/5/2005"", ""importe_concedido"": ""425.000 €"", ""saldo_pendiente"": ""169.816,50 €""}]",Me remito en todos los apartados no cumplimentados a las declaraciones presentadas con anterioridad.,147,fotos_diputados\deputy_147.jpg,Logo_partidos\deputy_0147.jpg,,miquel-iceta-llorens,
deputy_148_assets_000138_000_e_0000593_20230808.json,Sergio Sayas López,Soltero,,23/07/2023,08/08/2023,Diputado,Navarra,,,https://twitter.com/sergiosayas,,"[{""procedencia"": ""Las correspondientes a mi condición de diputado en el Congreso"", ""concepto"": ""Percepciones netas de tipo salarial, sueldos, honorarios, aranceles y otras retribuciones"", ""euros"": null}]",[],[],[],18155.84,"[{""clase"": ""piso"", ""caracteristicas"": null, ""situacion"": ""Navarra"", ""fecha_adquisicion"": ""13/11/2007"", ""derecho"": ""pleno dominio"", ""titulo_adquisicion"": ""compraventa""}, {""clase"": ""vivienda"", ""caracteristicas"": null, ""situacion"": ""Navarra"", ""fecha_adquisicion"": ""12/07/2015"", ""derecho"": ""pleno dominio"", ""titulo_adquisicion"": ""herencia""}]",[],[],"[{""saldo"": ""152.625 euros""}]",[],[],[],"[{""fecha_adquisicion"": ""2014"", ""descripcion"": ""Lancia Delta""}]",[],"[{""prestamo"": ""préstamo hipotecario"", ""fecha_concesion"": ""13/11/2007"", ""importe_concedido"": ""192.900"", ""saldo_pendiente"": ""99.800""}]",,148,fotos_diputados\deputy_148.jpg,Logo_partidos\deputy_0148.jpg,hemiciclo\hemi_0148_3304.gif,sergio-sayas-lopez,91261.66
deputy_148_assets_000138_001_e_0054066_20250121.json,Sergio Sayas López,SOLTERO,,23/07/2023,,Diputado,COMUNIDAD FORAL DE NAVARRA,,,https://twitter.com/sergiosayas,,[],[],[],[],18155.54,"[{""tipo"": ""PISO"", ""situacion"": ""NAVARRA"", ""fecha_adquisicion"": ""13/11/2007"", ""derecho"": ""pleno dominio"", ""titulo_adquisicion"": ""compraventa""}, {""tipo"": ""UNIFAMILIAR"", ""situacion"": ""NAVARRA"", ""fecha_adquisicion"": ""12/07/2015"", ""derecho"": ""pleno dominio"", ""titulo_adquisicion"": ""herencia""}, {""tipo"": ""PISO"", ""situacion"": ""MADRID"", ""fecha_adquisicion"": ""05/12/2024"", ""derecho"": ""pleno dominio"", ""titulo_adquisicion"": ""compraventa""}]",[],[],"[{""tipo"": ""cuentas de ahorro y corrientes"", ""saldo"": 110542}]",[],[],[],"[{""fecha_adquisicion"": ""2014"", ""descripcion"": ""Lancia Delta""}]",[],"[{""descripcion"": ""CaixabanK"", ""fecha_concesion"": ""13/11/2007"", ""importe_concedido"": 192900, ""saldo_pendiente"": 92000}, {""descripcion"": ""Caixabank"", ""fecha_concesion"": ""05/12/2024"", ""importe_concedido"": 321000, ""saldo_pendiente"": 321000}]",,148,fotos_diputados\deputy_148.jpg,Logo_partidos\deputy_0148.jpg,hemiciclo\hemi_0148_3304.gif,sergio-sayas-lopez,91261.66
deputy_149_assets_000139_000_e_0000595_20230808.json,Alberto Catalán Higueras,Casado,Separación de bienes,23 de julio de 2023,8 de agosto de 2023,Diputado,Navarra,https://www.facebook.com/alberto.catalanhigueras,https://www.instagram.com/catahi/,https://twitter.com/albertocatalanh,,[],[],[],"[{""concepto"": ""Rendimiento neto arrendamiento inmuebles"", ""euros"": 668.21}, {""concepto"": ""Otras rentas o percepciones de cualquier clase"", ""euros"": 15048.03}]",26775.79,"[{""clase"": ""Vivienda"", ""situacion"": ""Navarra"", ""fecha_adquisicion"": ""6/11/2012"", ""derecho"": ""50% Propiedad"", ""titulo"": ""Compraventa""}, {""clase"": ""Apartamento, garaje y trastero"", ""situacion"": ""Navarra"", ""fecha_adquisicion"": ""2/4/2004"", ""derecho"": ""50% Propiedad"", ""titulo"": ""Compraventa""}, {""clase"": ""Local comercial y 50% almacén"", ""situacion"": ""Navarra"", ""fecha_adquisicion"": ""15/5/2002"", ""derecho"": ""Propiedad"", ""titulo"": ""Compraventa""}, {""clase"": ""Dos solares y dos viviendas"", ""situacion"": ""Navarra"", ""fecha_adquisicion"": ""9/4/2019"", ""derecho"": ""5% Propiedad"", ""titulo"": ""Herencia""}, {""clase"": ""Local subsuelo. Sociedad recreativa - cultural"", ""situacion"": ""Navarra"", ""fecha_adquisicion"": ""8/2/2008"", ""derecho"": ""6.15% Propiedad"", ""titulo"": ""Compraventa""}]","[{""clase"": ""Finca rústica"", ""situacion"": ""Navarra"", ""fecha_adquisicion"": ""20/11/1989"", ""derecho"": ""25% Propiedad"", ""titulo"": ""Compraventa""}, {""clase"": ""Varias fincas rústicas"", ""situacion"": ""Navarra"", ""fecha_adquisicion"": ""9/4/2019"", ""derecho"": ""5% y 25% Propiedad"", ""titulo"": ""Herencia""}]",[],"[{""tipo"": ""Cuentas corrientes"", ""saldo"": 126500.85}]",[],[],[],"[{""fecha_adquisicion"": ""31/8/1998"", ""descripcion"": ""Volkswagen Golf TDI""}, {""fecha_adquisicion"": ""11/11/2016"", ""descripcion"": ""Volkswagen Touran Diesel (segunda mano)""}]","[{""valor"": 109267.27}]",[],25% Comunidad de bienes explotación fincas rústicas. 8% Comunidad de bienes explotación farmacia.,149,fotos_diputados\deputy_149.jpg,Logo_partidos\deputy_0149.jpg,hemiciclo\hemi_0149_1715.gif,alberto-catalan-higueras,134288.42
deputy_149_assets_000139_001_e_0026617_20240523.json,Alberto Catalán Higueras,Casado,Separación de bienes,23 de julio de 2023,,Senador,Navarra,https://www.facebook.com/alberto.catalanhigueras,https://www.instagram.com/catahi/,https://twitter.com/albertocatalanh,,[],[],[],[],,[],[],[],[],[],[],[],"[{""fecha_adquisicion"": ""22/03/2024"", ""descripcion"": ""Volkswagen Taigo (segunda mano)""}, {""fecha_adquisicion"": null, ""descripcion"": ""Volkswagen Golf TDI adquirido en el año 1998 dado de baja""}]",[],[],Volkswagen Golf TDI adquirido en el año 1998 dado de baja.,149,fotos_diputados\deputy_149.jpg,Logo_partidos\deputy_0149.jpg,hemiciclo\hemi_0149_1715.gif,alberto-catalan-higueras,134288.42
deputy_150_assets_000142_000_e_0000610_20230808.json,PEDRO SAMUEL MARTÍN GARCÍA,DIVORCIADO,,23 DE JULIO DE 2023,,Diputado,SALAMANCA,,,,,"[{""concepto"": ""PENSIÓN EXTRAORDINARIA VÍCTIMA DEL TERRORISMO"", ""euros"": 54393.79}, {""concepto"": ""MEDALLA AL MÉRITO DE LA GUARDIA CIVIL CON DISTINTIVO ROJO"", ""euros"": 1949.28}, {""concepto"": ""ASIGNACIONES A ÓRGANOS COLEGIADOS DEL AYUNTAMIENTO DE CARBAJOSA DE LA SAGRADA POR ASISTENCIA A LOS MISMOS"", ""euros"": 27900}]",[],[],"[{""concepto"": ""RENTA POR ARRENDAMIENTO DE BIEN INMUEBLE"", ""euros"": 6071.49}]",3343.43,"[{""clase_y_caracteristicas"": ""CHALET PAREADO EN CARBAJOSA DE LA SAGRADA"", ""situacion"": ""SALAMANCA"", ""fecha_adquisicion"": ""18/03/2010"", ""derecho_sobre_el_bien"": ""100%""}, {""clase_y_caracteristicas"": ""PISO EN CARBAJOSA DE LA SAGRADA"", ""situacion"": ""SALAMANCA"", ""fecha_adquisicion"": ""01/08/2007"", ""derecho_sobre_el_bien"": ""100%""}]",[],[],"[{""tipo"": ""CUENTA CORRIENTE"", ""saldo"": 120924.96}, {""tipo"": ""CUENTA CORRIENTE"", ""saldo"": 5107.13}]",[],[],[],"[{""fecha_adquisicion"": ""AGOSTO 2017"", ""descripcion"": ""2248 KDC RENAULT KOLEOS""}, {""fecha_adquisicion"": ""17 JUNIO 2022"", ""descripcion"": ""1556 HZC MERCEDES 180 CDI""}, {""fecha_adquisicion"": ""24 FEBRERO 2023"", ""descripcion"": ""8638 HNL BMW 118 d""}]",[],"[{""descripcion"": ""HIPOTECA CHALET"", ""fecha_concesion"": ""18/03/2010"", ""importe_concedido"": 184500, ""saldo_pendiente"": 122840.03}]","LOS VEHÍCULOS 1556 HDZ MERCEDES 180 CDI Y 8638 HNL BMW 118 d SON VEHÍCULOS COMPRADOS POR MÍ, CEDIDOS A MIS DOS HIJOS.",150,fotos_diputados\deputy_150.jpg,Logo_partidos\deputy_0150.jpg,hemiciclo\hemi_0150_3805.gif,pedro-samuel-martin-garcia,113020.7
deputy_150_assets_000142_001_e_0072406_20250611.json,PEDRO SAMUEL MARTÍN GARCÍA,DIVORCIADO,,23 DE JULIO 2023,08/08/2023,Diputado,SALAMANCA,,,,,[],[],[],[],,"[{""clase_y_caracteristicas"": ""CHALET PAREADO EN CARBAJOSA DE LA SAGRADA"", ""situacion"": ""SALAMANCA"", ""fecha_adquisicion"": ""18/03/2010"", ""derecho_sobre_el_bien"": ""100%""}, {""clase_y_caracteristicas"": ""PISO EN CARBAJOSA DE LA SAGRADA"", ""situacion"": ""SALAMANCA"", ""fecha_adquisicion"": ""01/08/2007"", ""derecho_sobre_el_bien"": ""100%"", ""nota"": ""VENDIDO 28/10/2024""}]",[],[],[],[],[],[],[],[],"[{""prestamo"": ""HIPOTECA CHALET (HIPOTECA AMORTIZADA)"", ""fecha_concesion"": ""18/03/2010"", ""importe_concedido"": 184500, ""saldo_pendiente"": 0.0}]",,150,fotos_diputados\deputy_150.jpg,Logo_partidos\deputy_0150.jpg,hemiciclo\hemi_0150_3805.gif,pedro-samuel-martin-garcia,113020.7
deputy_151_assets_000140_000_e_0000600_20230808.json,MARIA JESUS MORO ALMARAZ,DIVORCIADA,,23 de julio de 2023,8 de agosto de 2023,Diputado,SALAMANCA / CONGRESO,,https://www.instagram.com/moroalma14,https://twitter.com/MoroMjesus,,"[{""concepto"": ""PERCEPCIONES COMO DIPUTADA. PORTAVOZ SECTORIAL"", ""euros"": ""¹4""}, {""concepto"": ""UNIVERSIDAD DE SALAMANCA (TRIENIOS FUNCIONARIA)"", ""euros"": ""7.043,08""}]",[],[],[],18735.91,"[{""clase_y_caracteristicas"": ""10% Piso-vivienda, trastero y garaje (ampliación domicilio)"", ""situacion"": ""Salamanca"", ""fecha_adquisicion"": ""29/01/2010"", ""derecho_sobre_el_bien"": ""Pleno dominio privativo/ compraventa 29/01/2010""}, {""clase_y_caracteristicas"": ""Piso-vivienda, trastero y garaje. Domicilio"", ""situacion"": ""Salamanca"", ""fecha_adquisicion"": ""30/06/2010"", ""derecho_sobre_el_bien"": ""Pleno dominio privativo/ ejecución permuta 2008 pleorediff./futura.""}, {""clase_y_caracteristicas"": ""90% Piso-vivienda, trastero y garaje"", ""situacion"": ""Salamanca"", ""fecha_adquisicion"": ""21/10/2019"", ""derecho_sobre_el_bien"": ""Pleno dominio /herencia""}, {""clase_y_caracteristicas"": ""Casa"", ""situacion"": ""Salamanca"", ""fecha_adquisicion"": ""21/10/2019"", ""derecho_sobre_el_bien"": ""Pleno dominio /herencia""}]","[{""clase_y_caracteristicas"": ""2 parcelas rústicas"", ""situacion"": ""Salamanca"", ""fecha_adquisicion"": ""21/10/2019"", ""derecho_sobre_el_bien"": ""Pleno dominio/herencia""}]",[],"[{""descripcion"": ""DEPÓSITOS EN CUENTAS CORRIENTES O DE AHORRO (2 entidades bancarias)"", ""saldo"": ""170.000 €""}]",[],[],[],"[{""descripcion"": ""AUDI A4"", ""fecha_adquisicion"": ""30/08/2012""}]",[],[],,151,fotos_diputados\deputy_151.jpg,Logo_partidos\deputy_0151.jpg,hemiciclo\hemi_0151_3508.gif,maria-jesus-moro-almaraz,91261.66
deputy_152_assets_000144_000_e_0000628_20230808.json,CARLOS ALBERTO SANCHEZ OJEDA,CASADO,,23 DE JULIO 2023,,Diputado,LAS PALMAS,https://www.facebook.com/carlosalberto.sanchezojeda,https://www.instagram.com/carlosalbertosanchezojeda/,https://twitter.com/CarlosSanchezGC,,"[{""concepto"": ""RENDIMIENTO LABORAL IMESAPI"", ""euros"": 44877.45}]","[{""concepto"": ""DIVIDENDO BIO CARBUROS SL"", ""euros"": 25000}]",[],"[{""concepto"": ""ARRENDAMIENTOS PLAZAS DE APARCAMIENTO"", ""euros"": 15000}]",30701.7,"[{""clase_y_caracteristicas"": ""PLAZAS DE APARCAMIENTO"", ""situacion"": ""LAS PALMAS"", ""fecha_adquisicion"": ""1995"", ""derecho_sobre_el_bien"": ""PLENA PROPIEDAD 100%"", ""titulo_adquisicion"": ""COMPRAVENTA""}, {""clase_y_caracteristicas"": ""SOLAR URBANO PLAZAS DE APARCAMIENTO"", ""situacion"": ""LAS PALMAS"", ""fecha_adquisicion"": ""2020"", ""derecho_sobre_el_bien"": ""PROPIEDAD 50%"", ""titulo_adquisicion"": ""COMPRAVENTA""}]",[],"[{""clase_y_caracteristicas"": ""SOLAR URBANO INDUSTRIAL PROPIEDAD DE BIO CARBUROS, S.L."", ""situacion"": ""LAS PALMAS"", ""fecha_adquisicion"": ""2017"", ""derecho_sobre_el_bien"": ""PLENA PROPIEDAD"", ""titulo_adquisicion"": null}]","[{""tipo"": ""CUENTAS CORRIENTES"", ""saldo"": 46000}]",[],"[{""descripcion"": ""50 POR CIENTO DE BIO CARBUROS, S.L"", ""valor"": 1300000}, {""descripcion"": ""100 % EXPLOTACION Y GESTION DE INVERSIONES SIGLO XXI, SL"", ""valor"": 4000}]",[],"[{""fecha_adquisicion"": ""2018"", ""descripcion"": ""EMBARCACIÓN 7 METROS""}]","[{""valor"": 11500}]","[{""prestamo"": ""PRESTAMO HIPOTECARIO SOLAR APARCAMIENTOS"", ""fecha_concesion"": ""2020"", ""importe_concedido"": 96000, ""saldo_pendiente"": 77547}]",,152,fotos_diputados\deputy_152.jpg,Logo_partidos\deputy_0152.jpg,hemiciclo\hemi_0152_2709.gif,carlos-alberto-sanchez-ojeda,91261.66
deputy_153_assets_000141_000_e_0000606_20230808.json,ADRIANA LASTRA FERNÁNDEZ,CASADA,SEPARACIÓN DE BIENES,ELECCIONES GENERALES DE 23 DE JULIO DE 2023,8 DE AGOSTO DE 2023,Diputado,,,,,,[],[],[],[],17941.36,"[{""clase"": ""Piso"", ""situacion"": ""Asturias"", ""fecha_adquisicion"": ""2021"", ""derecho"": ""50% Pleno Dominio"", ""titulo_adquisicion"": ""Compraventa""}, {""clase"": ""Plaza de Garaje"", ""situacion"": ""Asturias"", ""fecha_adquisicion"": ""2021"", ""derecho"": ""50% Pleno Dominio"", ""titulo_adquisicion"": ""Compraventa""}, {""clase"": ""Trastero"", ""situacion"": ""Asturias"", ""fecha_adquisicion"": ""2021"", ""derecho"": ""50% Pleno Dominio"", ""titulo_adquisicion"": ""Compraventa""}]","[{""clase"": ""Inmueble rústico"", ""situacion"": ""Asturias"", ""fecha_adquisicion"": ""2012"", ""derecho"": ""50% Privativo"", ""titulo_adquisicion"": ""Herencia Compraventa""}]",[],"[{""saldo"": 71679.89}]",[],[],[],[],"[{""descripcion"": ""Microcrédito PSOE"", ""valor"": 1000}, {""descripcion"": ""Microcrédito PSOE"", ""valor"": 10000}]","[{""descripcion"": ""Préstamo Hipotecario BBVA"", ""fecha_concesion"": ""17/12/2021"", ""importe_concedido"": 180000, ""saldo_pendiente"": 36022.9}]",,153,fotos_diputados\deputy_153.jpg,Logo_partidos\deputy_0153.jpg,,adriana-lastra-fernandez,71897.0
deputy_153_assets_000141_002_e_0075658_20250710.json,ADRIANA LASTRA FERNÁNDEZ,CASADA,SEPARACIÓN DE BIENES,ELECCIONES GENERALES DE 23 DE JULIO DE 2023,8 DE AGOSTO DE 2023,Diputado,ASTURIAS,,,,,[],[],[],[],17941.36,"[{""clase"": ""Piso"", ""situacion"": ""Asturias"", ""fecha_adquisicion"": ""2021"", ""derecho"": ""50% Pleno Dominio"", ""titulo_adquisicion"": ""Compraventa""}, {""clase"": ""Plaza de Garaje"", ""situacion"": ""Asturias"", ""fecha_adquisicion"": ""2021"", ""derecho"": ""50% Pleno Dominio"", ""titulo_adquisicion"": ""Compraventa""}, {""clase"": ""Trastero"", ""situacion"": ""Asturias"", ""fecha_adquisicion"": ""2021"", ""derecho"": ""50% Pleno Dominio"", ""titulo_adquisicion"": ""Compraventa""}]","[{""clase"": ""Inmueble rústico"", ""situacion"": ""Asturias"", ""fecha_adquisicion"": ""2012"", ""derecho"": ""50% Privativo"", ""titulo_adquisicion"": ""Herencia Compraventa""}]",[],"[{""saldo"": ""79.100€""}]",[],[],[],"[{""fecha_adquisicion"": ""2024"", ""descripcion"": ""Renault Arkana_ 50%Compraventa""}]","[{""descripcion"": ""Microcrédito PSOE"", ""valor"": ""1.000""}, {""descripcion"": ""Microcrédito PSOE"", ""valor"": ""10.000""}]",[],,153,fotos_diputados\deputy_153.jpg,Logo_partidos\deputy_0153.jpg,,adriana-lastra-fernandez,71897.0
deputy_154_assets_000149_000_e_0000645_20230808.json,RAFAELA CRESPÍN RUBIO,CASADA,SEPARACIÓN DE BIENES,23/07/2023,08/08/2023,Diputado,CÓRDOBA,,,https://twitter.com/rafi_crespin,,[],[],[],[],19549.8,"[{""clase_y_caracteristicas"": ""VIVIENDA"", ""situacion"": ""CÓRDOBA"", ""fecha_adquisicion"": ""2008"", ""derecho_sobre_el_bien"": ""PLENO DOMINIO"", ""titulo_adquisicion"": ""COMPRAVENTA""}]",[],[],"[{""tipo"": ""CUENTA BANCARIA"", ""saldo"": 13359.6}]",[],[],[],[],[],"[{""descripcion"": ""PRESTAMO HIPOTECARIO"", ""fecha_concesion"": ""2008"", ""importe_concedido"": 280000, ""saldo_pendiente"": 213739.7}]",,154,fotos_diputados\deputy_154.jpg,Logo_partidos\deputy_0154.jpg,hemiciclo\hemi_0154_1312.gif,rafaela-crespin-rubio,97457.92
deputy_155_assets_000145_000_e_0000631_20230808.json,LAURA MARÍA LIMA GARCÍA,SOLTERA,,23 DE JULIO DE 2023,8 DE AGOSTO DE 2023,Diputado,SANTA CRUZ DE TENERIFE,https://www.facebook.com/laura.limagarcia,,https://twitter.com/lauralimagarcia,,"[{""procedencia"": ""AYUNTAMIENTO DE LOS REALEJOS"", ""concepto"": ""Percepciones netas de tipo salarial, sueldos, honorarios, aranceles y otras retribuciones"", ""euros"": 26324.9}]",[],[],[],5031.36,[],[],[],"[{""tipo"": ""CUENTAS CORRIENTES"", ""saldo"": 6762.26}]",[],[],[],"[{""fecha_adquisicion"": ""2014"", ""descripcion"": ""VOLKSWAGEN POLO""}]",[],[],,155,fotos_diputados\deputy_155.jpg,Logo_partidos\deputy_0155.jpg,hemiciclo\hemi_0155_3801.gif,laura-maria-lima-garcia,85645.7
deputy_156_assets_000148_000_e_0000641_20230808.json,JUAN ANTONIO ROJAS MANRIQUE,CASADO,SEPARACIÓN DE BIENES,23/07/2023,08/08/2023,Diputado,SANTA CRUZ DE TENERIFE,,,https://twitter.com/JARojasPP,,"[{""concepto"": ""Rendimiento del trabajo en la empresa privada Fred. Olsen. Express S.A."", ""euros"": ""80.037,44""}]",[],"[{""concepto"": ""Rentas por alquiler vacacional"", ""euros"": ""3.758""}]",[],6268.52,"[{""clase"": ""VIVIENDA"", ""situacion"": ""S/C DE TENERIFE"", ""fecha_adquisicion"": ""08/04/2009"", ""derecho"": ""100% PROPIEDAD"", ""titulo_adquisicion"": ""COMPRAVENTA""}, {""clase"": ""VIVIENDA Y GARAJE"", ""situacion"": ""S/C DE TENERIFE"", ""fecha_adquisicion"": ""04/06/2021"", ""derecho"": ""50% PROPIEDAD"", ""titulo_adquisicion"": ""COMPRAVENTA""}, {""clase"": ""VIVIENDA"", ""situacion"": ""S/C DE TENERIFE"", ""fecha_adquisicion"": ""30/12/2019"", ""derecho"": ""50% PROPIEDAD"", ""titulo_adquisicion"": ""DONACIÓN""}]",[],[],"[{""tipo"": ""FONDO DE INVERSIÓN + CUENTAS CORRIENTES + PLAN DE PENSIONES"", ""saldo"": ""107.000""}]",[],[],[],"[{""fecha_adquisicion"": ""10/02/2022"", ""descripcion"": ""BMW X1 xDrive25e""}]",[],"[{""descripcion"": ""PRESTAMO HIPOTECARIO"", ""fecha_concesion"": ""08/04/2009"", ""importe_concedido"": ""210.000"", ""saldo_pendiente"": ""121.004,75""}, {""descripcion"": ""PRESTAMO HIPOTECARIO"", ""fecha_concesion"": ""04/06/2021"", ""importe_concedido"": ""118.000"", ""saldo_pendiente"": ""110.985,32""}, {""descripcion"": ""PRESTAMO PERSONAL"", ""fecha_concesion"": ""02/09/2021"", ""importe_concedido"": ""24.000"", ""saldo_pendiente"": ""19.248,23""}]",,156,fotos_diputados\deputy_156.jpg,Logo_partidos\deputy_0156.jpg,hemiciclo\hemi_0156_3818.gif,juan-antonio-rojas-manrique,
deputy_157_assets_000151_000_e_0000650_20230808.json,ENGRACIA RIVERA ARIAS,DIVORCIADA,,23 DE JULIO DE 2023,8 DE AGOSTO DE 2023,Diputado,SEVILLA,https://www.facebook.com/engraciar,https://www.instagram.com/engraciarivera/,https://twitter.com/engracia_rivera,,"[{""procedencia"": ""AYUNTAMIENTO DE SEVILLA"", ""concepto"": ""SALARIOS"", ""euros"": 57725.19}]",[],[],[],11723.86,"[{""clase_y_caracteristicas"": ""VIVIENDA PAREADA"", ""situacion"": ""SEVILLA"", ""fecha_adquisicion"": ""27/10/2003"", ""derecho_sobre_el_bien"": ""66% PROPIEDAD POR COMPRAVENTA Y 50% DISOLUCIÓN GANANCIAL""}]",[],[],"[{""tipo"": ""CUENTAS DE AHORRO"", ""saldo"": 3410}]",[],[],[],"[{""fecha_adquisicion"": ""31/03/2023"", ""descripcion"": ""CITROEN C3 AIRCROSS""}, {""fecha_adquisicion"": ""2/05/2018"", ""descripcion"": ""CITROEN C4 COUPE""}, {""fecha_adquisicion"": ""01/02/2016"", ""descripcion"": ""DACIA LOGAN""}]",[],"[{""descripcion"": ""PRESTAMO HIPOTECARIO"", ""fecha_concesion"": ""13/10/2004"", ""importe_concedido"": 130000, ""saldo_pendiente"": 20875.34}, {""descripcion"": ""PRESTAMO PERSONAL"", ""fecha_concesion"": ""01/09/2022"", ""importe_concedido"": 40000, ""saldo_pendiente"": 38560.39}]",,157,fotos_diputados\deputy_157.jpg,Logo_partidos\deputy_0157.jpg,hemiciclo\hemi_0157_2406.gif,engracia-rivera-arias,97457.92
deputy_158_assets_000143_000_e_0000619_20230808.json,MILAGROS TOLÓN JAIME,CASADA,GANANCIALES,23-7-2023,8-8-2023,Diputado,TOLEDO,,,,,"[{""concepto"": ""SUELDO ALCALDESA DE TOLEDO"", ""euros"": ""68.251,15 (Integro/Año)""}]",[],[],"[{""concepto"": ""RENTA PROCEDENTE DE ARRENDAMIENTO DE INMUEBLE"", ""euros"": ""4.646,28 (Neto/Año)""}]",18490.74,"[{""clase_y_caracteristicas"": ""PISO, TRASTERO Y PLAZA DE APARCAMIENTO"", ""situacion"": ""TOLEDO"", ""fecha_adquisicion"": ""27-1-1998"", ""derecho_sobre_el_bien_y_titulo_adquisicion"": ""PRIVATIVO / COMPRAVENTA""}]",[],[],"[{""tipo"": ""CUENTAS CORRIENTES"", ""saldo"": ""150.238,395 (2-8-2023)""}]",[],[],[],"[{""fecha_adquisicion"": ""28-11-203"", ""descripcion"": ""TOYOTA COROLA 1.4VVT.I""}]",[],[],"Con fecha 29-12-2020 he suscrito un Plan Leasing para el alquiler de un vehículo, modelo PEUGEOT 508 5P GT Teach 180, con opción a compra a su finalización el 31-12-2024.",158,fotos_diputados\deputy_158.jpg,Logo_partidos\deputy_0158.jpg,,milagros-tolon-jaime,74000.7
deputy_158_assets_000143_002_e_0007166_20231227.json,MILAGROS TOLON JAIME,CASADA,GANANCIALES,23-7-2023,8-8-2023,Diputado,,,,,,"[{""concepto"": ""SUELDO ALCALDESA DE TOLEDO"", ""euros"": ""68.251,15 (INTEGRO/ AÑO)""}]",[],"[{""concepto"": ""RENTA PROCEDENTE DE ARRENDAMIENTO DE INMUEBLE"", ""euros"": ""4.646,28 (NETO/AÑO)""}]",[],1849074.0,"[{""clase_y_caracteristicas"": ""PISO, TRASTERO Y PLAZA DE APARCAMIENTO"", ""situacion"": ""TOLEDO"", ""fecha_adquisicion"": ""27-1-1998"", ""derecho_sobre_el_bien"": ""PRIVATIVO"", ""titulo_adquisicion"": ""COMPRAVENTA""}]",[],[],"[{""saldo"": ""205.247,145"", ""fecha"": ""13-12-2023""}]",[],[],[],"[{""fecha_adquisicion"": ""28-11-2023"", ""descripcion"": ""TOYOTA COROLA 1.4VVT.I""}]",[],[],"Con fecha 29-12-2020 he suscrito un Plan Leasing para el alquiler de un vehículo, modelo PEUGEOT 508 5P GT Teach 180, con opción a compra a su finalización el 31-12-24. En el apartado ""saldos de todos los depósitos"" se incluye el importe percibido por mi cónyuge, con quien mantengo régimen económico matrimonial de gananciales, por indemnización mediante acto de conciliación judicial (Decreto 00342/2023 del Juzgado de lo Social Nº 4 de Toledo, con fecha 9-11-2023).",158,fotos_diputados\deputy_158.jpg,Logo_partidos\deputy_0158.jpg,,milagros-tolon-jaime,74000.7
deputy_159_assets_000162_000_e_0000691_20230808.json,"FLORES JUBERIAS, CARLOS",Divorciado,,23.07.2023,08.08.2023,Senador,Valencia,,,,,"[{""procedencia"": ""UNIVERSITAT DE VALENCIA (ESTUDI GENERAL)"", ""concepto"": ""Catedrático de Derecho Constitucional"", ""euros"": 82816}, {""procedencia"": ""GENERALITAT VALENCIANA"", ""concepto"": ""Vocal del Consejo Valenciano de Transparencia"", ""euros"": 12000}, {""procedencia"": ""FUNDACIÓN UNIVERSITARIA SAN PABLO CEU"", ""concepto"": ""Impartición de cursos y conferencias"", ""euros"": 5400}, {""procedencia"": ""LAS PROVINCIAS"", ""concepto"": ""Columnista semanal"", ""euros"": 2650}]",[],[],"[{""procedencia"": ""CORTS VALENCIANES"", ""concepto"": ""Participación en tribunales de oposición"", ""euros"": 728}, {""procedencia"": ""UNIVERSITAT POLITECNICA DE VALENCIA"", ""concepto"": ""Participación en tribunales de oposición"", ""euros"": 316}, {""procedencia"": ""AMBRA PROJECTES CULTURALS, SL"", ""concepto"": ""Participación en programas radiofónicos"", ""euros"": 2164}]",34706.82,"[{""clase"": ""Piso"", ""situacion"": ""Valencia (Valencia)"", ""fecha_adquisicion"": ""2019"", ""derecho"": ""Pleno dominio División de gananciales""}]",[],[],"[{""tipo"": ""Cuenta personal"", ""saldo"": 90000}]",[],[],[],"[{""fecha_adquisicion"": ""2015"", ""descripcion"": ""Motocicleta. Marca: Royal Enfield. Modelo: Classic 500 Desert Storm""}]",[],"[{""prestamo"": ""Préstamo hipotecario (BBVA)"", ""fecha_concesion"": ""18.01.2019"", ""importe_concedido"": 92276, ""saldo_pendiente"": 19611}]",,159,fotos_diputados\deputy_159.jpg,Logo_partidos\deputy_0159.jpg,hemiciclo\hemi_0159_2704.gif,"flores-juberias,-carlos",
deputy_160_assets_000150_000_e_0000648_20230808.json,Maria Cristina Abades Martínez,Soltera,,23/07/2023,8/08/2023,,,,,,,"[{""procedencia"": ""Xunta de Galicia"", ""concepto"": ""Nómina"", ""euros"": ""55.348,17""}, {""procedencia"": ""Ayuntamiento de Lugo"", ""concepto"": ""Dietas por asistencia a Pleno y Comisiones"", ""euros"": ""2.900""}]",[],[],[],14723.99,"[{""clase"": ""PISO"", ""situacion"": ""CERVO"", ""fecha_adquisicion"": ""2005"", ""derecho"": ""PLENO DOMINIO"", ""titulo"": ""COMPRAVENTA""}, {""clase"": ""GARAJE"", ""situacion"": ""CERVO"", ""fecha_adquisicion"": ""2005"", ""derecho"": ""PLENO DOMINIO"", ""titulo"": ""COMPRAVENTA""}, {""clase"": ""TRASTERO"", ""situacion"": ""CERVO"", ""fecha_adquisicion"": ""2005"", ""derecho"": ""PLENO DOMINIO"", ""titulo"": ""COMPRAVENTA""}]",[],[],"[{""tipo"": ""CUENTAS CORRIENTES"", ""saldo"": ""114.508,85 €""}]",[],[],[],"[{""fecha_adquisicion"": ""2018"", ""descripcion"": ""AUDI Q3""}]",[],[],,160,fotos_diputados\deputy_160.jpg,Logo_partidos\deputy_0160.jpg,hemiciclo\hemi_0160_3702.gif,maria-cristina-abades-martinez,
deputy_161_assets_000147_000_e_0000640_20230808.json,JAIME EDUARDO DE OLANO VELA,CASADO,GANANCIALES,23 DE JULIO DE 2023,8 DE AGOSTO DE 2023,,LUGO,https://www.facebook.com/jaime.deolanovela,https://www.instagram.com/jaimedeolanopp/,https://twitter.com/jaimedeolano,,"[{""concepto"": ""VICESECRETARIO PARTIDO POPULAR"", ""euros"": 18000}, {""concepto"": ""GRUPO PARLAMENTARIO POPULAR"", ""euros"": 3903.11}]",[],[],"[{""concepto"": ""ARRENDAMIENTO PISO MADRID"", ""euros"": 2206.8}]",28819.81,"[{""clase_y_caracteristicas"": ""VIVIENDA, PLAZA DE GARAJE Y TRASTERO"", ""situacion"": ""VIVEIRO (Lugo)"", ""fecha_adquisicion"": ""20/06/2006"", ""derecho_sobre_el_bien"": ""PLENO DOMINIO"", ""titulo_adquisicion"": ""COMPRAVENTA GANACIALES""}, {""clase_y_caracteristicas"": ""VIVIENDA"", ""situacion"": ""MADRID"", ""fecha_adquisicion"": ""20/09/2015"", ""derecho_sobre_el_bien"": ""PLENO DOMINIO"", ""titulo_adquisicion"": ""HERENCIA""}]","[{""clase_y_caracteristicas"": ""4 FINCAS RÚSTICAS"", ""situacion"": ""BARREIROS (LUGO)"", ""fecha_adquisicion"": ""20/09/2015"", ""derecho_sobre_el_bien"": ""PLENO DOMINIO"", ""titulo_adquisicion"": ""HERENCIA""}, {""clase_y_caracteristicas"": ""2 FINCAS"", ""situacion"": ""PADRÓN (A CORUÑA)"", ""fecha_adquisicion"": ""20/09/2015"", ""derecho_sobre_el_bien"": ""PLENO DOMINIO"", ""titulo_adquisicion"": ""HERENCIA""}]",[],"[{""descripcion"": ""2 CUENTAS CORRIENTES EN DISTINTAS ENTIDADES UNICO TITULAR"", ""saldo"": 4215.06}]",[],[],[],[],"[{""descripcion"": ""FONDO DE PENSIONES BBVA"", ""valor"": 328.28}]","[{""descripcion"": ""PRÉSTAMO PERSONAL BANCO SANTANDER"", ""fecha_concesion"": ""06/2023"", ""importe_concedido"": 17000, ""saldo_pendiente"": 16000}, {""descripcion"": ""PRÉSTAMO HIPOTECARIO UNICAJA (GANANCIAL)"", ""fecha_concesion"": ""20/08/2006"", ""importe_concedido"": 123000, ""saldo_pendiente"": 59000}, {""descripcion"": ""PISO MADRID ADJUDICADO CON UNA CARGA: ARRENDAMIENTO QUE DATA DE 1960"", ""fecha_concesion"": null, ""importe_concedido"": null, ""saldo_pendiente"": null}]",,161,fotos_diputados\deputy_161.jpg,Logo_partidos\deputy_0161.jpg,hemiciclo\hemi_0161_3204.gif,jaime-eduardo-olano-vela,
deputy_162_assets_000153_000_e_0000664_20230808.json,Javier Celaya Brey,Casado,Separación de Bienes,23/07/2023,8/08/2023,Diputado,,https://www.facebook.com/jcelayabrey,,https://twitter.com/jcelayab,,"[{""concepto"": ""Retribuciones dinerarias"", ""euros"": ""80.541,81 €""}]",[],[],[],8282.56,"[{""clase_y_caracteristicas"": ""Vivienda habitual"", ""situacion"": ""Ceuta"", ""fecha_adquisicion"": ""07/02/2007"", ""derecho_sobre_el_bien"": ""Pleno dominio por compraventa""}, {""clase_y_caracteristicas"": ""Plaza de garaje"", ""situacion"": ""Ceuta"", ""fecha_adquisicion"": ""07/02/2007"", ""derecho_sobre_el_bien"": ""Pleno dominio por compraventa""}, {""clase_y_caracteristicas"": ""Trastero"", ""situacion"": ""Ceuta"", ""fecha_adquisicion"": ""07/02/2007"", ""derecho_sobre_el_bien"": ""Pleno dominio por compraventa""}]",[],[],"[{""saldo"": ""8.863,32 €"", ""fecha"": ""02/08/2023""}]","[{""descripcion"": ""LETRAS A 3 MESES DEL TESORO PÚBLICO"", ""valor"": ""6.000 €""}, {""descripcion"": ""FONDO CAIXABANK"", ""valor"": ""3.830,94 €""}]","[{""descripcion"": ""PLAN DE PENSIONES"", ""valor"": ""9.510,40 €""}]",[],"[{""fecha_adquisicion"": ""12/07/2014"", ""descripcion"": ""Vehículo particular: Ssangyong Rodius""}]",[],"[{""prestamo"": ""Préstamo hipotecario con Caixabank"", ""fecha_concesion"": ""09/04/2002"", ""importe_concedido"": ""158.642,41 €"", ""saldo_pendiente"": ""23.621,61 €""}]",,162,fotos_diputados\deputy_162.jpg,Logo_partidos\deputy_0162.jpg,hemiciclo\hemi_0162_2814.gif,javier-celaya-brey,85645.7
deputy_163_assets_000146_000_e_0000633_20230808.json,SILVERIO ARGUELLES GARCIA,CASADO,SEPARACION DE BIENES,23/07/2023,08/08/2023,Diputado,,https://www.facebook.com/silverio.arguellesgarcia,https://www.instagram.com/silverio_arguelles/,https://twitter.com/silvearguelles,,"[{""concepto"": ""SALARIO"", ""euros"": ""42.037,31""}]",[],[],[],6809.67,"[{""clase_y_caracteristicas"": ""VIVIENDA EN POSADA DE LLANERA"", ""situacion"": ""ASTURIAS"", ""fecha_adquisicion"": ""04/03/2010"", ""derecho_sobre_el_bien"": ""GANANCIAL"", ""titulo_adquisicion"": ""COMPRAVENTA""}, {""clase_y_caracteristicas"": ""PISO EN LUGO DE LLANERA"", ""situacion"": ""ASTURIAS"", ""fecha_adquisicion"": ""10/02/2022"", ""derecho_sobre_el_bien"": null, ""titulo_adquisicion"": ""COMPRA VENTA""}]",[],"[{""clase_y_caracteristicas"": ""PISO EN LUGO DE LLANERA"", ""situacion"": ""ASTURIAS"", ""fecha_adquisicion"": ""10/02/2022"", ""derecho_sobre_el_bien"": null, ""titulo_adquisicion"": ""COMPRA VENTA""}]","[{""tipo"": ""CUENTA CORRIENTE"", ""saldo"": ""14.659,21""}]","[{""descripcion"": ""39.249 PARTICIPACIONES SOCIALES DE LARES DEL NORTE, S.L. PRECIO DE ADQUISICION"", ""valor"": ""39.249""}]","[{""descripcion"": ""25.204 PARTICIPACIONES SOCIALES DE LARES DEL NORTE, S.L. PRECIO DE ADQUISICION"", ""valor"": ""12.601,50""}]",[],"[{""fecha_adquisicion"": ""19/11/2021"", ""descripcion"": ""RENAULT ARKANA""}]",[],"[{""descripcion"": ""HIPOTECA VIVIENDA HABITUAL"", ""fecha_concesion"": ""04/03/2010"", ""importe_concedido"": ""330.000"", ""saldo_pendiente"": ""225.813,32""}, {""descripcion"": ""PRESTAMO PERSONAL"", ""fecha_concesion"": ""05/06/2019"", ""importe_concedido"": ""20.360"", ""saldo_pendiente"": ""6.146""}]",,163,fotos_diputados\deputy_163.jpg,Logo_partidos\deputy_0163.jpg,hemiciclo\hemi_0163_3603.gif,silverio-arguelles-garcia,91261.66
deputy_163_assets_000146_001_e_0002403_20231010.json,SILVERIO ARGUELLES GARCIA,CASADO,SEPARACION DE BIENES,23/07/2023,08/08/2023,Senador,ASTURIAS,https://www.facebook.com/silverio.arguellesgarcia,https://www.instagram.com/silverio_arguelles/,https://twitter.com/silvearguelles,,"[{""concepto"": ""SALARIO"", ""euros"": ""42.037,31""}]",[],[],[],6809.67,"[{""clase_y_caracteristicas"": ""VIVIENDA EN POSADA DE LLANERA"", ""situacion"": ""ASTURIAS"", ""fecha_adquisicion"": ""04/03/2010"", ""derecho_sobre_el_bien"": ""GANANCIAL"", ""titulo_adquisicion"": ""COMPRAVENTA""}]",[],"[{""clase_y_caracteristicas"": ""PISO EN LUGO DE LLANERA"", ""situacion"": ""ASTURIAS"", ""fecha_adquisicion"": ""10/02/2022"", ""derecho_sobre_el_bien"": null, ""titulo_adquisicion"": ""COMPRA VENTA""}, {""clase_y_caracteristicas"": ""PISO EN LUGO DE LLANERA"", ""situacion"": ""ASTURIAS"", ""fecha_adquisicion"": ""10/02/2022"", ""derecho_sobre_el_bien"": null, ""titulo_adquisicion"": ""COMPRA VENTA""}]","[{""tipo"": ""CUENTA CORRIENTE"", ""saldo"": ""14.659,21 €""}]","[{""descripcion"": ""25.204 PARTICIPACIONES SOCIALES DE LARES DEL NORTE, S.L. PRECIO DE ADQUISICION"", ""valor"": ""12.601,50 €""}, {""descripcion"": ""39.249 PARTICIPACIONES SOCIALES DE MARIÑANA FACILITY SERVICES, S.L. PRECIO DE ADQUISICION"", ""valor"": ""39.249 €""}]",[],[],"[{""fecha_adquisicion"": ""19/11/2021"", ""descripcion"": ""RENAULT ARKANA""}]",[],"[{""descripcion"": ""HIPOTECA VIVIENDA HABITUAL"", ""fecha_concesion"": ""04/03/2010"", ""importe_concedido"": ""330.000"", ""saldo_pendiente"": ""225.813,32 €""}, {""descripcion"": ""PRESTAMO PERSONAL"", ""fecha_concesion"": ""05/06/2019"", ""importe_concedido"": ""20.360"", ""saldo_pendiente"": ""6.140""}]",La presente declaración se realiza por: [x] Otra causa,163,fotos_diputados\deputy_163.jpg,Logo_partidos\deputy_0163.jpg,hemiciclo\hemi_0163_3603.gif,silverio-arguelles-garcia,91261.66
deputy_164_assets_000158_000_e_0000678_20230808.json,ÁGUEDA MICÓ MICÓ,CASADA,GANANCIALES,23 DE JULIO DE 2023,8 DE AGOSTO DE 2023,Diputado,VALÉNCIA,,https://www.instagram.com/aguedamico/,https://twitter.com/aguedamico,,"[{""procedencia"": ""SECRETARIA GENERAL MÉS COMPROMÍS"", ""concepto"": ""PROFESORA ASOCIADA UNIVERSITAT DE VALÉNCIA"", ""euros"": 46067.62}]",[],[],[],10786.87,"[{""clase"": ""PISO"", ""situacion"": ""VALÉNCIA"", ""fecha_adquisicion"": ""2006"", ""derecho"": ""PLENO DOMINIO"", ""titulo"": ""COMPRAVENTA""}, {""clase"": ""TRASTERO"", ""situacion"": ""VALÉNCIA"", ""fecha_adquisicion"": ""2006"", ""derecho"": ""PLENO DOMINIO"", ""titulo"": ""COMPRAVENTA""}, {""clase"": ""GARAGE"", ""situacion"": ""VALÉNCIA"", ""fecha_adquisicion"": ""2006"", ""derecho"": ""PLENO DOMINIO"", ""titulo"": ""COMPRAVENTA""}]",[],[],"[{""tipo"": ""CUENTAS CORRIENTES"", ""saldo"": 9358.72, ""cantidad"": 5}]",[],[],[],"[{""fecha_adquisicion"": ""2016"", ""descripcion"": ""PEUGEOT 508 SW NEGRO""}]",[],"[{""descripcion"": ""HIPOTECA VIVIENDA REFORMA VIVIENDA"", ""fecha_concesion"": ""19/01/2023"", ""importe_concedido"": 100000, ""saldo_pendiente"": 66827.5}, {""descripcion"": ""HIPOTECA ADQUISICIÓN DE VIVIENDA"", ""fecha_concesion"": ""31/03/2006"", ""importe_concedido"": 103450, ""saldo_pendiente"": 58435.74}]",,164,fotos_diputados\deputy_164.jpg,Logo_partidos\deputy_0164.jpg,hemiciclo\hemi_0164_2508.gif,agueda-mico-mico,91261.66
deputy_165_assets_000161_000_e_0000685_20230808.json,ALBERTO IBÁÑEZ MEZQUITA,SOLTERO,,23 JULIO,8 AGOSTO 2023,Diputado,,,,https://twitter.com/alberto_aim,,"[{""concepto"": ""salario gabinete política de la vicepresidencia de la Generalitat"", ""euros"": 49007}]","[{""concepto"": null, ""euros"": 0}]",[],"[{""concepto"": null, ""euros"": 0}]",10152.64,[],[],[],"[{""descripcion"": ""Cuenta corriente Mediolanum al 100% y otra cuenta corriente en Mediolanum al 50%"", ""saldo"": 16400}]",[],[],[],[],[],[],,165,fotos_diputados\deputy_165.jpg,Logo_partidos\deputy_0165.jpg,hemiciclo\hemi_0165_2203.gif,alberto-ibanez-mezquita,124863.62
deputy_166_assets_000156_000_e_0000671_20230808.json,NAHUEL GONZÁLEZ LÓPEZ,,,,,SECRETARIO DE LEGISLATURA,,https://www.facebook.com/profile.php?id=100093213447043,https://www.instagram.com/nahgon_/,https://twitter.com/nah_gon,,[],[],[],[],,[],[],[],"[{""tipo"": ""CUENTA CORRIENTE"", ""saldo"": 4800}]",[],[],[],[],[],"[{""descripcion"": ""TARJETA CAIXABANK"", ""fecha_concesion"": 2020, ""importe_concedido"": 4000, ""saldo_pendiente"": 2500}, {""descripcion"": ""PRESTAMO COFIDIS"", ""fecha_concesion"": 2021, ""importe_concedido"": 2000, ""saldo_pendiente"": 2000}, {""descripcion"": ""PRESTAMO GASTOS PERSONALES CAIXA POPULAR"", ""fecha_concesion"": 2019, ""importe_concedido"": 15000, ""saldo_pendiente"": 12000}]",,166,fotos_diputados\deputy_166.jpg,Logo_partidos\deputy_0166.jpg,hemiciclo\hemi_0166_2407.gif,nahuel-gonzalez-lopez,91261.66
deputy_167_assets_000155_000_e_0000668_20230808.json,MARÍA LUISA FANECA LÓPEZ,VIUDA,,23/07/2023,8/08/2023,Diputado,HUELVA,,,https://twitter.com/MLuisaFaneca,,"[{""concepto"": ""TRIENIOS I.S.M."", ""euros"": 6519.77}]",[],"[{""concepto"": ""INTERÉS CUENTA BANCARIA"", ""euros"": 14.01}]","[{""concepto"": ""PENSIÓN DE VIUDEDAD"", ""euros"": 10974.74}]",23809.12,"[{""clase"": ""PISO"", ""situacion"": ""HUELVA"", ""fecha_adquisicion"": ""2005"", ""derecho"": ""PLENO DOMINIO POR COMPRAVENTA""}, {""clase"": ""VIVIENDA UNIFAMILIAR"", ""situacion"": ""HUELVA"", ""fecha_adquisicion"": ""2016"", ""derecho"": ""PLENO DOMINIO POR COMPRAVENTA DEL 50%""}]",[],[],"[{""tipo"": ""CUENTA CORRIENTE"", ""saldo"": 14100}]",[],[],[],"[{""fecha_adquisicion"": ""01/10/2009"", ""descripcion"": ""VEHÍCULO CHEVROLET MATIZ""}]","[{""descripcion"": ""PLAN DE PENSIONES"", ""valor"": 22450}, {""descripcion"": ""MICROCRÉDITO AL PSOE"", ""valor"": 1000}]","[{""descripcion"": ""HIPOTECA - CAIXABANK"", ""fecha_concesion"": ""22/09/2016"", ""importe_concedido"": 90000, ""saldo_pendiente"": 70764.4}]",,167,fotos_diputados\deputy_167.jpg,Logo_partidos\deputy_0167.jpg,hemiciclo\hemi_0167_1507.gif,maria-luisa-faneca-lopez,91261.66
deputy_168_assets_000154_000_e_0000667_20230808.json,Gabriel Cruz Santana,Casado,Gananciales,23/julio/2023,8/agosto/2023,Diputado,HUELVA,,,https://twitter.com/GabrielCruzSt,,"[{""concepto"": ""PERCEPCIONES SALARIALES ALCALDE HUELVA"", ""euros"": 71385.1}]",[],[],[],18291.98,"[{""clase_y_caracteristicas"": ""PISO Vivienda habitual"", ""situacion"": ""HUELVA"", ""fecha_adquisicion"": ""2004"", ""derecho_sobre_el_bien"": ""PLENO DOMINIO"", ""titulo_adquisicion"": ""COMPRA-VENTA""}]",[],[],"[{""tipo"": ""CUENTA AHORRO"", ""saldo"": 10391.58}, {""tipo"": ""PLAN MUTUALIDAD ABOGACIA"", ""saldo"": 72409.66}]",[],[],[],"[{""fecha_adquisicion"": ""2011"", ""descripcion"": ""CITROEN C3""}, {""fecha_adquisicion"": ""2013"", ""descripcion"": ""CITROEN DS4""}]",[],"[{""descripcion"": ""PRESTAMO HIPOTECARIO BANCO SANTANDER"", ""fecha_concesion"": ""12/07/2004"", ""importe_concedido"": 141700, ""saldo_pendiente"": 65698.64}]",,168,fotos_diputados\deputy_168.jpg,Logo_partidos\deputy_0168.jpg,hemiciclo\hemi_0168_1711.gif,gabriel-cruz-santana,91261.66
deputy_169_assets_000152_000_e_0000655_20230808.json,Martina Velarde Gómez,Soltera,,23 de Julio de 2023,8 de Julio de 2023,Diputado,Granada,,,https://twitter.com/MartinaVelardeG,,"[{""concepto"": ""Salario Neto 2022"", ""euros"": ""57.519,26""}]",[],[],[],15570.97,"[{""clase_y_caracteristicas"": ""Piso"", ""situacion"": ""Rota (Cádiz)"", ""fecha_adquisicion"": ""30/10/2020"", ""derecho_sobre_el_bien"": ""Pleno Dominio"", ""titulo_adquisicion"": ""Compraventa""}]",[],[],"[{""tipo"": ""DEPÓSITO EN CUENTA CORRIENTE"", ""saldo"": ""40.900""}]",[],[],[],"[{""fecha_adquisicion"": ""JULIO 2008"", ""descripcion"": ""RENAULT MEGANE""}]",[],"[{""descripcion"": ""PRÉSTAMO HIPOTECARO"", ""fecha_concesion"": ""30/10/2020"", ""importe_concedido"": ""100.800"", ""saldo_pendiente"": ""92.650.32""}]",,169,fotos_diputados\deputy_169.jpg,Logo_partidos\deputy_0169.jpg,hemiciclo\hemi_0169_2512.gif,martina-velarde-gomez,91261.66
deputy_170_assets_000157_000_e_0000675_20230808.json,PATRICIA BLANQUER ALCARAZ,CASADA,SEPARACION DE BIENES,23 JULIO 2023,8 AGOSTO 2023,Senador,ALICANTE,https://www.facebook.com/patricia.blanqueralcaraz,,https://twitter.com/Patri_Blanquer,http://www.patriciablanquer.es/,[],[],"[{""concepto"": ""MICROCRÉDITO"", ""euros"": 12.81}]",[],13527.26,"[{""clase"": ""VIVIENDA URBANA"", ""situacion"": ""ALICANTE"", ""fecha_adquisicion"": ""4/01/1999"", ""derecho"": ""PLENO DOMINIO COMPRAVENTA 50% DEL DECLARANTE""}, {""clase"": ""PLAZA DE APARCAMIENTO"", ""situacion"": ""ALICANTE"", ""fecha_adquisicion"": ""4/01/1999"", ""derecho"": ""PLENO DOMINIO COMPRAVENTA 50% DEL DECLARANTE""}, {""clase"": ""TRASTERO"", ""situacion"": ""ALICANTE"", ""fecha_adquisicion"": ""4/01/1999"", ""derecho"": ""PLENO DOMINIO COMPRAVENTA 50% DEL DECLARANTE""}, {""clase"": ""PLAZA DE APARCAMIENTO"", ""situacion"": ""ALICANTE"", ""fecha_adquisicion"": ""7/03/2001"", ""derecho"": ""PLENO DOMINIO COMPRAVENTA 50% DEL DECLARANTE""}, {""clase"": ""VIVIENDA URBANA Y TRASTERO"", ""situacion"": ""ALICANTE"", ""fecha_adquisicion"": ""28/12/2012"", ""derecho"": ""PLENO DOMINIO COMPRAVENTA 50% DEL DECLARANTE""}, {""clase"": ""2 PLAZAS DE APARCAMIENTO"", ""situacion"": ""ALICANTE"", ""fecha_adquisicion"": ""28/12/2012"", ""derecho"": ""PLENO DOMINIO COMPRAVENTA 50% DEL DECLARANTE""}]",[],[],"[{""tipo"": ""DEPÓSITOS Y SALDO EN CUENTAS CORRIENTES"", ""saldo"": 32159.69}]",[],[],[],"[{""fecha_adquisicion"": ""JULIO DE 2020"", ""descripcion"": ""SUV C3 AIRCROSS""}]","[{""descripcion"": ""MICROCRÉDITO AL PSOE"", ""valor"": 3000}]","[{""descripcion"": ""PRESTAMO HIPOTECARIO BANCO SABADELL"", ""fecha_concesion"": ""28/12/2012"", ""importe_concedido"": 35517.56, ""saldo_pendiente"": 20693.31}, {""descripcion"": ""PRESTAMO HIPOTECARIO BANCO SABADELL"", ""fecha_concesion"": ""28/12/2012"", ""importe_concedido"": 144720, ""saldo_pendiente"": 73325.71}]",,170,fotos_diputados\deputy_170.jpg,Logo_partidos\deputy_0170.jpg,hemiciclo\hemi_0170_1205.gif,patricia-blanquer-alcaraz,124863.62
deputy_171_assets_000159_000_e_0000681_20230808.json,Maria del Valle Mellado Sierra,Casada,Separación de bienes,23/07/2023,08/08/2023,Senador,,,,,,"[{""concepto"": ""Rendimiento del trabajo"", ""euros"": 32577.4}]",[],[],[],6019.87,"[{""clase"": ""Piso (vivienda habitual)"", ""situacion"": ""Tarragona"", ""fecha_adquisicion"": ""01/12/2005"", ""derecho"": ""50% propiedad"", ""titulo_adquisicion"": ""Compraventa""}, {""clase"": ""Plaza de aparcamiento"", ""situacion"": ""Tarragona"", ""fecha_adquisicion"": ""01/12/2005"", ""derecho"": ""50% propiedad"", ""titulo_adquisicion"": ""Compraventa""}, {""clase"": ""Trastero"", ""situacion"": ""Tarragona"", ""fecha_adquisicion"": ""01/12/2005"", ""derecho"": ""50% propiedad"", ""titulo_adquisicion"": ""Compraventa""}]",[],[],"[{""descripcion"": ""2 Cuentas corrientes y 2 depósitos"", ""saldo"": 27364.07}]",[],[],[],[],"[{""descripcion"": ""Planes de pensiones"", ""valor"": 24590.83}, {""descripcion"": ""Microcrédito a PSC"", ""valor"": 5000}]",[],,171,fotos_diputados\deputy_171.jpg,Logo_partidos\deputy_0171.jpg,hemiciclo\hemi_0171_1602.gif,maria-valle-mellado-sierra,
deputy_171_assets_000159_001_e_0052664_20241223.json,María del Valle Mellado Sierra,Casada,Separación de bienes,23/07/2023,08/08/2023,Diputado,Tarragona,,,,,[],[],[],[],6933.93,"[{""clase"": ""Piso"", ""situacion"": ""Tarragona"", ""fecha_adquisicion"": ""01/12/2005"", ""derecho"": ""50% propiedad"", ""titulo"": ""Compraventa""}, {""clase"": ""Plaza aparcamiento"", ""situacion"": ""Tarragona"", ""fecha_adquisicion"": ""01/12/2005"", ""derecho"": ""50% propiedad"", ""titulo"": ""Compraventa""}, {""clase"": ""Trastero"", ""situacion"": ""Tarragona"", ""fecha_adquisicion"": ""01/12/2005"", ""derecho"": ""50% propiedad"", ""titulo"": ""Compraventa""}, {""clase"": ""Piso + plaza de garaje (vivienda habitual)"", ""situacion"": ""Tarragona"", ""fecha_adquisicion"": ""13/09/2024"", ""derecho"": ""50% propiedad"", ""titulo"": ""Compraventa""}]",[],[],"[{""entidad"": ""ING, Caixabank y BBVA"", ""saldo"": 13741.79}]",[],[],[],[],"[{""descripcion"": ""Plan de pensiones"", ""valor"": 30511.81}]","[{""descripcion"": ""Prestamo hipotecario Caixabank (50%)"", ""fecha_concesion"": ""13/09/2024"", ""importe_concedido"": 389000, ""saldo_pendiente"": 387540}]",En los apartados no cumplimentados me remito a las declaraciones anteriores.,171,fotos_diputados\deputy_171.jpg,Logo_partidos\deputy_0171.jpg,hemiciclo\hemi_0171_1602.gif,maria-valle-mellado-sierra,
deputy_172_assets_000164_000_e_0000702_20230808.json,Agustín PARRA GALLEGO,CASADO,SEPARACIÓN DE BIENES,23 de julio de 2023,08 de agosto de 2023,Diputado,,,,https://twitter.com/agustinparra,,"[{""concepto"": ""Nómina Área Metropolitana de Barcelona"", ""euros"": 29218}, {""concepto"": ""Actividad Económica (Autónomo)"", ""euros"": 7926.82}]","[{""concepto"": null, ""euros"": 766.89}]","[{""concepto"": null, ""euros"": 0.34}]",[],2565.26,"[{""clase"": ""PISO"", ""situacion"": ""CASTELLON"", ""fecha_adquisicion"": ""27 nov 2017"", ""derecho"": ""Pleno Dominio"", ""titulo"": ""Compra Venta""}, {""clase"": ""Plaza de aparcamiento y trastero"", ""situacion"": ""CASTELLON"", ""fecha_adquisicion"": ""21 enero 2020"", ""derecho"": ""Pleno Dominio"", ""titulo"": ""Subasta""}]",[],[],"[{""entidad"": ""Cuenta BBBV"", ""saldo"": 12000}, {""entidad"": ""Cuenta CalxaBank"", ""saldo"": 12000}, {""entidad"": ""Cuanta CalxaBank"", ""saldo"": 12000}]","[{""descripcion"": ""Plan de Pensiones BBVA"", ""valor"": 16935.78}]","[{""descripcion"": ""1300 Acciones BBVA"", ""valor"": 8993.6}, {""descripcion"": ""3500 Acciones CaixaBank"", ""valor"": 13055}]",[],[],[],"[{""descripcion"": ""Prestamo Hipotecario CaixaBank"", ""fecha_concesion"": ""27 nov 17"", ""importe_concedido"": 59500, ""saldo_pendiente"": 44198.59}]",,172,fotos_diputados\deputy_172.jpg,Logo_partidos\deputy_0172.jpg,hemiciclo\hemi_0172_2807.gif,agustin-parra-gallego,85645.7
deputy_173_assets_000166_000_e_0000705_20230808.json,Nacho Martín Blanco,Casado,Separación de bienes,23/07/2023,08/08/2023,Diputado,,,https://www.instagram.com/nacho.martin.blanco/,https://twitter.com/nmartinblanco,,"[{""concepto"": ""Sueldo diputado Parlamento de Cataluña"", ""euros"": ""83.408,15""}, {""concepto"": ""Sueldo profesor asociado"", ""euros"": ""83.408,15""}]",[],[],[],26563.16,[],[],[],"[{""tipo"": ""2 cuentas corrientes"", ""saldo"": ""1.800 euros""}]",[],[],[],[],[],"[{""descripcion"": ""Préstamo al consumo Online (Banco Santander)"", ""fecha_concesion"": ""27/03/2023"", ""importe_concedido"": ""6.444,48"", ""saldo_pendiente"": ""5.982,41""}]",,173,fotos_diputados\deputy_173.jpg,Logo_partidos\deputy_0173.jpg,hemiciclo\hemi_0173_2708.gif,nacho-martin-blanco,91261.66
deputy_174_assets_000165_000_e_0000704_20230808.json,Mª de los Llanos de Luna Tobarra,CASADA,SEPARACIÓN DE BIENES,23-07-2023,8 agosto 2023,Diputado,,,,,,"[{""concepto"": ""Antigüedad- Trienios Tesorería General de la Seguridad Social"", ""euros"": 7683.36}]",[],[],"[{""concepto"": ""alquiler piso"", ""euros"": 12000}]",19325.35,"[{""clase_y_caracteristicas"": ""piso"", ""situacion"": ""Barcelona"", ""fecha_adquisicion"": ""14-03-2003"", ""derecho_sobre_el_bien"": ""50% propiedad compraventa""}, {""clase_y_caracteristicas"": ""piso"", ""situacion"": ""Barcelona"", ""fecha_adquisicion"": ""24-01-2012"", ""derecho_sobre_el_bien"": ""50% propiedad compraventa""}, {""clase_y_caracteristicas"": ""piso"", ""situacion"": ""Murcia"", ""fecha_adquisicion"": null, ""derecho_sobre_el_bien"": ""12.5% propiedad herencia""}]",[],[],"[{""tipo"": ""CC Depósito"", ""saldo"": 170000}]",[],[],[],[],[],[],,174,fotos_diputados\deputy_174.jpg,Logo_partidos\deputy_0174.jpg,hemiciclo\hemi_0174_3503.gif,ma-los-llanos-luna-tobarra,
deputy_175_assets_000167_000_e_0000709_20230808.json,RAFAEL BENIGNO BELMONTE GÓMEZ,CASADO,SEPARACIÓN DE BIENES,23/07/2023,08/08/2023,Diputado,SEVILLA,,,https://twitter.com/rafael_belgom,,"[{""concepto"": ""RETRIBUCIONES POR CUENTA AJENA (AYUNTAMIENTO DE SEVILLA) (COLEGIO DE MÉDICO DE SEVILLA)"", ""euros"": ""54.061,72""}]",[],[],[],11277.05,"[{""clase_y_caracteristicas"": ""PISO"", ""situacion"": ""SEVILLA"", ""fecha_adquisicion"": ""2017"", ""derecho_sobre_el_bien"": ""50% DEL PLENO DOMINIO"", ""titulo_adquisicion"": ""COMPRAVENTA""}]",[],[],"[{""tipo"": ""DEPOSITO AHORRO"", ""saldo"": ""9.000""}, {""tipo"": ""CUENTA CORRIENTE"", ""saldo"": ""4.000""}]","[{""descripcion"": ""98% SOCIEDAD PROFESIONAL RAFAEL BELMONTE GÓMEZ ASESORES SLP"", ""valor"": ""2.980""}, {""descripcion"": ""DESLER ABOGADOS SLP 30%"", ""valor"": ""1.100""}, {""descripcion"": ""INERCIAS LOGÍSTICAS SL 30%"", ""valor"": ""1.000""}, {""descripcion"": ""SOCFAM SL 20%"", ""valor"": ""600""}, {""descripcion"": ""ORTOHEEL SL 1%"", ""valor"": ""20""}]",[],"[{""descripcion"": ""ELITE LEGAL SL REDISB SL""}]","[{""fecha_adquisicion"": ""2006"", ""descripcion"": ""VOLKSWAGEN GOLF""}, {""fecha_adquisicion"": ""2014"", ""descripcion"": ""VOLKSWAGEN TOURAN""}]","[{""valor"": ""35.000""}, {""valor"": ""6.000""}]","[{""prestamo"": ""PRESTAMO HIPOTECARIO BANCO SABADELL"", ""fecha_concesion"": ""OCT 2017"", ""importe_concedido"": ""388.000"", ""saldo_pendiente"": ""321.000""}]",,175,fotos_diputados\deputy_175.jpg,Logo_partidos\deputy_0175.jpg,hemiciclo\hemi_0175_3808.gif,rafael-benigno-belmonte-gomez,85645.7
deputy_175_assets_000167_001_e_0038997_20240920.json,RAFAEL BELMONTE GÓMEZ,CASADO,SEPARACIÓN DE BIENES,23/07/2023,08/08/2023,Senador,SEVILLA,,,,,[],[],[],[],,[],[],[],[],[],[],[],"[{""fecha_adquisicion"": ""2024"", ""descripcion"": ""AUDI A4 (2006)""}]",[],[],,175,fotos_diputados\deputy_175.jpg,Logo_partidos\deputy_0175.jpg,hemiciclo\hemi_0175_3808.gif,rafael-belmonte-gomez,26938.38
deputy_176_assets_000163_000_e_0000697_20230808.json,ALBERTO ROJO BLAS,CASADO,GANANCIALES,23/07/2023,08/08/2023,Senador,GUADALAJARA,,,https://twitter.com/AlbertoRojoBlas,,"[{""procedencia"": ""AYUNTAMIENTO DE GUADALAJARA"", ""concepto"": ""PERCEPCIÓN SALARIAL"", ""euros"": 49944.58}]","[{""procedencia"": null, ""concepto"": ""DIVIDENDO ACCIONES"", ""euros"": 22.68}]","[{""procedencia"": null, ""concepto"": ""INTERESES DEPOSITOS, ACTIVOS"", ""euros"": 14.19}]",[],20757.58,"[{""clase_y_caracteristicas"": ""SOLAR URBANO"", ""situacion"": ""HITA (GUADALAJARA)"", ""fecha_adquisicion"": ""2004"", ""derecho_sobre_el_bien"": ""PLENO DOMINIO (100%)"", ""titulo_adquisicion"": ""COMPRAVENTA""}, {""clase_y_caracteristicas"": ""VIVIENDA Y PATIO"", ""situacion"": ""HITA (GUADALAJARA)"", ""fecha_adquisicion"": ""2006"", ""derecho_sobre_el_bien"": ""PLENO DOMINIO (100%)"", ""titulo_adquisicion"": ""COMPRAVENTA""}, {""clase_y_caracteristicas"": ""PISO CON GARAJE Y TRASTERO"", ""situacion"": ""GUADALAJARA (GUADALAJARA)"", ""fecha_adquisicion"": ""2009"", ""derecho_sobre_el_bien"": ""PLENO DOMINIO (50%)"", ""titulo_adquisicion"": ""COMPRAVENTA""}, {""clase_y_caracteristicas"": ""VIVIENDA Y PATIO"", ""situacion"": ""HUMANES (GUADALAJARA)"", ""fecha_adquisicion"": ""2021"", ""derecho_sobre_el_bien"": ""PLENO DOMINIO (50%)"", ""titulo_adquisicion"": ""NUEVA CONSTRUCCIÓN""}]",[],[],"[{""tipo"": ""DEPOSITOS A LA VISTA CUENTAS CORRIENTES Y PLAN DE AHORRO"", ""saldo"": 6487.69}]",[],"[{""descripcion"": ""ACCIONES REPSOL (30 títulos)"", ""valor"": 500.76}]",[],"[{""fecha_adquisicion"": ""2011"", ""descripcion"": ""PEUGEOT 308 Confort 1600 HDI""}]",[],"[{""descripcion"": ""PRESTAMO HIPOTECARIO PISO GUADALAJARA (GUADALAJARA). IBERCAJA"", ""fecha_concesion"": ""11-06-2009"", ""importe_concedido"": 112250, ""saldo_pendiente"": 70918.26}, {""descripcion"": ""PRESTAMO HIPOTECARIO VIVIENDA HITA (GUADALAJARA). IBERCAJA"", ""fecha_concesion"": ""28-06-2006"", ""importe_concedido"": 96200, ""saldo_pendiente"": 55559.07}, {""descripcion"": ""PRESTAMO HIPOTECARIO VIVIENDA HUMANES (GUADALAJARA). IBERCAJA"", ""fecha_concesion"": ""03-09-2020"", ""importe_concedido"": 80165, ""saldo_pendiente"": 75880.57}]",,176,fotos_diputados\deputy_176.jpg,Logo_partidos\deputy_0176.jpg,hemiciclo\hemi_0176_1701.gif,alberto-rojo-blas,91261.66
deputy_177_assets_000169_000_e_0000713_20230808.json,Mª ISABEL SÁNCHEZ TORREGROSA,DIVORCIADA,,23/07/2023,08/08/2023,Diputado,ALMERÍA,,,,,"[{""concepto"": ""Percepciones netas como Delegada del Gobierno de la Junta de Andalucía en Almería desde enero de 2022 y hasta junio de 2022"", ""euros"": ""23.517,79€""}, {""concepto"": ""Percepciones netas como Diputada autonómica en el Parlamento de Andalucía desde julio 2022 y hasta julio 2023"", ""euros"": ""42.617,37€""}]",[],[],[],13495.18,"[{""clase_y_caracteristicas"": ""PISO"", ""situacion"": ""ALMERÍA"", ""fecha_adquisicion"": ""14/12/2006"", ""derecho_sobre_el_bien"": ""PLENO DOMINIO Y COMPRAVENTA""}, {""clase_y_caracteristicas"": ""PLAZA DE APARCAMIENTO"", ""situacion"": ""ALMERÍA"", ""fecha_adquisicion"": ""14/12/2006"", ""derecho_sobre_el_bien"": ""PLENO DOMINIO Y COMPRAVENTA""}, {""clase_y_caracteristicas"": ""PLAZA DE APARCAMIENTO"", ""situacion"": ""ALMERÍA"", ""fecha_adquisicion"": ""14/12/2006"", ""derecho_sobre_el_bien"": ""PLENO DOMINIO Y COMPRAVENTA""}]",[],[],"[{""saldo"": ""29.547,24€""}]",[],[],[],[],"[{""descripcion"": ""FONDOS DE INVERSIÓN (GENERALI SEGUROS)"", ""valor"": ""39.839,47 €""}, {""descripcion"": ""PLAN DE AHORRO (GENERALI SEGUROS)"", ""valor"": ""6.186,02 €""}, {""descripcion"": ""PLAN DE PENSIONES (GENERALI PPA)"", ""valor"": ""6.654,39 €""}, {""descripcion"": ""SEGURO DE VIDA - RIESGO (GENERALI) por 75.000"", ""valor"": ""261,05 €""}]","[{""descripcion"": ""PRESTAMO HIPOTECARIO EN UNICAJA"", ""fecha_concesion"": ""14/12/2006"", ""importe_concedido"": ""132.000"", ""saldo_pendiente"": ""342,62""}]",,177,fotos_diputados\deputy_177.jpg,Logo_partidos\deputy_0177.jpg,hemiciclo\hemi_0177_3511.gif,ma-isabel-sanchez-torregrosa,
deputy_178_assets_000168_000_e_0000712_20230808.json,Begoña Nasarre Oliva,Soltera,,23 Julio 2023,8 Agosto 2023,Diputado,HUESCA,https://www.facebook.com/begonasarre,,https://twitter.com/Begonasarre,,[],[],[],[],14069.55,"[{""clase_y_caracteristicas"": ""VIVIENDA SOLAR"", ""situacion"": ""HUESCA"", ""fecha_adquisicion"": ""2018"", ""derecho_sobre_el_bien"": ""HERENCIA MULTIPROPIEDAD 50%""}, {""clase_y_caracteristicas"": ""SOLAR"", ""situacion"": ""HUESCA"", ""fecha_adquisicion"": ""2018"", ""derecho_sobre_el_bien"": ""HERENCIA MULTIPROPIEDAD 50%""}]","[{""clase_y_caracteristicas"": ""TERRENO RUSTICO"", ""situacion"": ""HUESCA"", ""fecha_adquisicion"": ""2018"", ""derecho_sobre_el_bien"": ""HERENCIA PLENO DOMINIO""}]",[],"[{""tipo"": ""DEPÓSITO A LARGO PLAZO CON INTERÉS VARIABLE"", ""saldo"": ""105.272,10€""}, {""tipo"": ""3 CUENTAS CORRIENTES EN DIFERENTES ENTIDADES BANCARIAS"", ""saldo"": ""105.272,10€""}]",[],[],[],[],"[{""descripcion"": ""MICROCRÉDITO PSOE"", ""valor"": ""2000€""}]",[],,178,fotos_diputados\deputy_178.jpg,Logo_partidos\deputy_0178.jpg,hemiciclo\hemi_0178_1203.gif,begona-nasarre-oliva,124863.62
deputy_179_assets_000170_000_e_0000726_20230808.json,Pablo Vázquez Vega,Casado,Gananciales,23 de julio de 2023,8 de agosto de 2023,Diputado,Madrid,,,,,"[{""concepto"": ""RETRIBUCIÓN DIRECTOR ASOCIACIÓN MADRID FUTURO"", ""euros"": 140000.0}, {""concepto"": ""RETRIBUCIÓN PROFESOR TITULAR UNIVERSIDAD"", ""euros"": 43597.24}, {""concepto"": ""ASESORAMIENTO CONSULTORÍA"", ""euros"": 72954.0}]","[{""concepto"": ""GANANCIAS PATRIMONIALES"", ""euros"": 195.82}]","[{""concepto"": ""RENDIMIENTOS DE CAPITAL MOBILIARIO"", ""euros"": 0.6}]",[],93223.94,"[{""clase"": ""PISO"", ""situacion"": ""MADRID"", ""fecha_adquisicion"": ""ABRIL 2017"", ""derecho"": ""50% PROPIEDAD"", ""titulo_adquisicion"": ""COMPRAVENTA""}, {""clase"": ""DOS PLAZAS DE APARCAMIENTO"", ""situacion"": ""MADRID"", ""fecha_adquisicion"": ""ABRIL 2017"", ""derecho"": ""50% PROPIEDAD"", ""titulo_adquisicion"": ""COMPRAVENTA""}]",[],[],"[{""saldo"": 179412.0}]",[],[],[],"[{""fecha_adquisicion"": ""2015"", ""descripcion"": ""Toyota Yaris""}, {""fecha_adquisicion"": ""2017"", ""descripcion"": ""Mercedes Vito""}]","[{""descripcion"": ""Patrimonio en Fondos de inversion mixtos"", ""valor"": 124478.56}]","[{""prestamo"": ""Banco de España (préstamo a trabajador -mi mujer- en el flguro como avalista)"", ""fecha_concesion"": ""2017"", ""importe_concedido"": 300000.0, ""saldo_pendiente"": 194100.9}]",,179,fotos_diputados\deputy_179.jpg,Logo_partidos\deputy_0179.jpg,,pablo-vazquez-vega,57477.98
deputy_179_assets_000170_002_e_0010820_20240207.json,Pablo Vázquez Vega,Casado,Gananciales,23 de julio de 2023,8 de agosto de 2023,Diputado,Madrid,,,,,"[{""concepto"": ""Retribución director de Madrid Futuro en 2023 (hasta marzo)"", ""euros"": ""35.000,00""}, {""concepto"": ""Retribución profesor Titular universidad dedicación a tiempo parcial en 2023 (hasta agosto)"", ""euros"": ""21.798,00""}, {""concepto"": ""Asesoramiento consuloria en 2023 (hasta junio)"", ""euros"": ""36.477""}, {""concepto"": ""Director Fundación Reformismo 21 (hasta agosto)"", ""euros"": ""50.000,00""}]",[],[],[],93223.94,"[{""clase_y_caracteristicas"": ""PISO"", ""situacion"": ""MADRID"", ""fecha_adquisicion"": ""ABRIL, 2017"", ""derecho_sobre_el_bien"": ""50% PROPIEDAD COMPRAVENTA""}, {""clase_y_caracteristicas"": ""DOS PLAZAS DE APARCAMIENTO"", ""situacion"": ""MADRID"", ""fecha_adquisicion"": ""ABRIL, 2017"", ""derecho_sobre_el_bien"": ""50% PROPIEDAD COMPRAVENTA""}]",[],[],"[{""saldo"": ""110,768""}]",[],[],[],"[{""fecha_adquisicion"": ""2015"", ""descripcion"": ""Toyota Yaris""}, {""fecha_adquisicion"": ""2017"", ""descripcion"": ""Mercedes Vito""}]",[],"[{""prestamo"": ""Banco de España (préstamo a trabajador -mi mujer- donde figuro como avalista)"", ""fecha_concesion"": ""2017"", ""importe_concedido"": ""300.000"", ""saldo_pendiente"": ""194100,9""}]",,179,fotos_diputados\deputy_179.jpg,Logo_partidos\deputy_0179.jpg,,pablo-vazquez-vega,57477.98
deputy_180_assets_000171_000_e_0000727_20230808.json,Angel Ibáñez Hernando,Casado,Gananciales,23 julio 2023,8 agosto 2023,Diputado,Burgos,,https://www.instagram.com/angelibanezhernando,https://twitter.com/angelibaher,,"[{""procedencia"": ""Cortes de Castilla y León"", ""concepto"": ""Percepciones netas de tipo salarial, sueldos, honorarios, aranceles y otras retribuciones"", ""euros"": ""96.239,45""}]",[],"[{""procedencia"": """", ""concepto"": ""Arrendamiento de piso"", ""euros"": ""3.933""}]",[],3213560.321356,"[{""clase_y_caracteristicas"": ""Vivienda con garage y trastero"", ""situacion"": ""Burgos"", ""fecha_adquisicion"": ""2003"", ""derecho_sobre_el_bien_y_titulo_adquisicion"": ""Nada propiedad, compra venta, régimen de gananciales""}, {""clase_y_caracteristicas"": ""Vivienda con 2 garage y trastero"", ""situacion"": ""Burgos"", ""fecha_adquisicion"": ""2016"", ""derecho_sobre_el_bien_y_titulo_adquisicion"": ""Nada propiedad, compra venta, régimen de gananciales""}]",[],[],"[{""tipo"": ""Cuentas corrientes"", ""saldo"": ""62.922""}]",[],"[{""descripcion"": ""81 acciones TELEFONICA"", ""valor"": ""286,17""}]",[],"[{""fecha_adquisicion"": ""2003"", ""descripcion"": ""Seat Toledo""}, {""fecha_adquisicion"": ""2015"", ""descripcion"": ""Mazda CX 5""}]",[],"[{""prestamos"": ""Préstamo Hipotecario"", ""fecha_concesion"": ""2016"", ""importe_concedido"": ""193.000"", ""saldo_pendiente"": ""28.209,22""}]",,180,fotos_diputados\deputy_180.jpg,Logo_partidos\deputy_0180.jpg,hemiciclo\hemi_0180_3206.gif,angel-ibanez-hernando,124863.62
deputy_180_assets_000171_001_e_0037702_20240911.json,Angel Ibáñez Hernando,Casado,Gananciales,23 de julio de 2023,8 de agosto de 2023,Diputado,Burgos,,https://www.instagram.com/angelibanezhernando,https://twitter.com/angelibaher,,[],[],[],[],,[],[],[],[],[],[],[],"[{""fecha_adquisicion"": ""Septiembre de 2024"", ""descripcion"": ""MAZDA CX5""}]",[],[],"Con motivo de la adquisición de un vehículo este mes de septiembre de 2024, quiero ampliar la información de mi declaración para dejar constancia de dicha circunstancia, indicando asimismo que he procedido a la venta del anterior vehículo Mazda CX5 que adquirí en julio de 2015, y que por tanto ya no es de mi propiedad, para que también así se pueda indicar en la declaración de bienes",180,fotos_diputados\deputy_180.jpg,Logo_partidos\deputy_0180.jpg,hemiciclo\hemi_0180_3206.gif,angel-ibanez-hernando,124863.62
deputy_181_assets_000172_000_e_0000732_20230809.json,MIGUEL ÁNGEL QUINTANILLA NAVARRO,CASADO,GANANCIALES,23 DE JULIO DE 2023,09 DE AGOSTO DE 2023,Diputado,MADRID,,,,,"[{""concepto"": ""RENDIMIENTO ACTIVIDADES ECONÓMICAS"", ""euros"": ""35.368,41""}]",[],[],[],4989.32,"[{""clase_y_caracteristicas"": ""PISO Y PLAZA DE APARCAMIENTO"", ""situacion"": ""MADRID"", ""fecha_adquisicion"": ""5 DE ABRIL DE 2006"", ""derecho_sobre_el_bien"": ""GANANCIAL"", ""titulo_adquisicion"": ""COMPRAVENTA""}]",[],[],"[{""tipo"": ""DEPÓSITO A PLAZO"", ""saldo"": ""49.200""}, {""tipo"": ""CUENTAS CORRIENTES"", ""saldo"": ""46.000""}]",[],[],[],"[{""fecha_adquisicion"": ""2016"", ""descripcion"": ""SUBARU XV""}]","[{""descripcion"": ""PLAN DE PENSIONES UNIVERSIDAD DE MURCIA"", ""valor"": ""52,91""}]","[{""descripcion"": ""HIPOTECA"", ""fecha_concesion"": ""ABRIL 2006"", ""importe_concedido"": ""304.000"", ""saldo_pendiente"": ""133.000""}]",,181,fotos_diputados\deputy_181.jpg,Logo_partidos\deputy_0181.jpg,hemiciclo\hemi_0181_5704.gif,miguel-angel-quintanilla-navarro,76049.12
deputy_181_assets_000172_001_e_0060447_20250312.json,MIGUEL ÁNGEL QUINTANILLA NAVARRO,CASADO,GANANCIALES,23 DE JULIO DE 2023,9 DE AGOSTO DE 2023,Diputado,MADRID,,,,,[],[],[],[],,[],[],[],[],[],[],[],"[{""fecha_adquisicion"": ""28 DE OCTUBRE DE 2024"", ""descripcion"": ""SUBARU CROSSTREK""}]",[],"[{""prestamo"": ""SANTANDER CONSUMERS"", ""fecha_concesion"": ""10/2024"", ""importe_concedido"": 22120.44, ""saldo_pendiente"": 21000}]","EL VEHÍCULO CITADO SUSTITUYE AL ANTERIORMENTE DECLARADO, QUE YA NO ES DE MI PROPIEDAD. SIN CAMBIOS EN LO NO ESPECIFICADO RESPECTO DE LA DECLARACIÓN PRESENTADA EL 9 DE AGOSTO DE 2023.",181,fotos_diputados\deputy_181.jpg,Logo_partidos\deputy_0181.jpg,hemiciclo\hemi_0181_5704.gif,miguel-angel-quintanilla-navarro,76049.12
deputy_182_assets_000180_000_e_0000769_20230809.json,JOAQUÍN MARTÍNEZ SALMERÓN,CASADO,SEPARACIÓN DE BIENES,23 DE JULIO DE 2023,09/08/2023,Senador,MURCIA,,,https://twitter.com/JomasaJoaquin,,"[{""concepto"": ""Rendimientos de Trabajo de Martínez & Salmerón Abogados SLP 2022"", ""euros"": 21600.0}, {""concepto"": ""Actividades Profesionales. Minutas recibidas de Martínez & Salmerón Abogados SLP 2022"", ""euros"": 173816.42}, {""concepto"": ""Rendimientos de Trabajo de Martínez & Salmerón Abogados SLP 2022"", ""euros"": 7200.0}, {""concepto"": ""Actividades Profesionales 1 Trimestre"", ""euros"": 56781.89}, {""concepto"": ""Actividades Profesionales 2º Trimestre"", ""euros"": 36500.0}, {""concepto"": ""Actividades Profesionales 3º Trimestre"", ""euros"": 42000.0}]","[{""concepto"": ""Dividendos Acciones Arquia y Caixa 2022"", ""euros"": 81.34}]","[{""concepto"": ""Rendimientos Imposición a Plazo Fijo y 1 Cuenta Corriente 2022"", ""euros"": 1832.49}]","[{""concepto"": ""Arrendamiento de vivienda 2022"", ""euros"": 5400.0}]",72763.07,"[{""clase_y_caracteristicas"": ""VIVIENDA Y 3 PLAZAS DE GARAJE"", ""situacion"": ""MURCIA"", ""fecha_adquisicion"": ""25/03/2010"", ""derecho_sobre_el_bien"": ""PLENO DOMINIO 100%"", ""titulo_adquisicion"": ""COMPRAVENTA""}, {""clase_y_caracteristicas"": ""APARTAMENTO Y PLAZA DE GARAJE"", ""situacion"": ""MURCIA"", ""fecha_adquisicion"": ""31/05/2016"", ""derecho_sobre_el_bien"": ""PLENO DOMINIO 100%"", ""titulo_adquisicion"": ""COMPRAVENTA""}, {""clase_y_caracteristicas"": ""VIVIENDA Y 2 PLAZAS DE GARAJE"", ""situacion"": ""CIEZA"", ""fecha_adquisicion"": ""12/11/1999"", ""derecho_sobre_el_bien"": ""PLENO DOMINIO 100%"", ""titulo_adquisicion"": ""COMPRAVENTA""}]","[{""clase_y_caracteristicas"": ""RUSTICA CON RESIDENCIAS DISEMINADDO"", ""situacion"": ""CIEZA"", ""fecha_adquisicion"": ""19/02/2003"", ""derecho_sobre_el_bien"": ""PLENO DOMINIO 50%"", ""titulo_adquisicion"": ""COMPRAVENTA""}]","[{""clase_y_caracteristicas"": ""APARTAMENTO DE LA SOCIEDAD MARTINEZ & SALMERON ABOGADOS SLP"", ""situacion"": ""MURCIA"", ""fecha_adquisicion"": ""25-05-2019"", ""derecho_sobre_el_bien"": ""PLENO DOMINIO"", ""titulo_adquisicion"": ""COMPRAVENTA""}, {""clase_y_caracteristicas"": ""2 PLAZAS DE GARAJE DE LA SOCIEDAD MARTINEZ & SALMERON ABOGADOS SLP"", ""situacion"": ""MURCIA"", ""fecha_adquisicion"": ""11/06/2020"", ""derecho_sobre_el_bien"": ""PLENO DOMINIO"", ""titulo_adquisicion"": ""COMPRAVENTA""}, {""clase_y_caracteristicas"": ""APARTAMENTO DE LA SOCIEDAD MARTINEZ & SALMERON ABOGADOS SLP"", ""situacion"": ""MURCIA"", ""fecha_adquisicion"": ""09/10/2020"", ""derecho_sobre_el_bien"": ""PLENO DOMINIO"", ""titulo_adquisicion"": ""COMPRAVENTA""}, {""clase_y_caracteristicas"": ""APARTAMENTO DE LA SOCIEDAD MARTINEZ & SALMERON ABOGADOS SLP"", ""situacion"": ""MURCIA"", ""fecha_adquisicion"": ""28/12/2010"", ""derecho_sobre_el_bien"": ""PLENO DOMINIO"", ""titulo_adquisicion"": ""COMPRAVENTA""}]","[{""descripcion"": ""4 CUENTAS CORRIENTES, 2 DEPÓSITOS FONDOS DE INVERSIÓN DP ESP ITA 24 FI, Y 1 IPF"", ""saldo"": 662839.97}]","[{""descripcion"": ""282 Participaciones de la sociedad Martínez & Salmerón Abogados SLP, que no cotiza en bolsa"", ""valor"": 86066.4}, {""descripcion"": ""100 Participaciones de la sociedad Martínez Salmerón Recupera SL que no cotiza en bolsa"", ""valor"": 10146.0}, {""descripcion"": ""300 PARTICIPACIONES DE PROMOCIONES E INVERSIONES SOLARES DEL SURESTE (SIN ACTIVIDAD DESDE SU CONSTITUCIÓN 2007)"", ""valor"": 5200.0}, {""descripcion"": ""219 ACCIONES CAIXABANK"", ""valor"": 715.47}, {""descripcion"": ""95 ACCIONES ARQUIA BANK"", ""valor"": 2315.65}]",[],"[{""descripcion"": ""Explotaciones Agrarias Hermanos Henarejos, de la que la sociedad Martínez & Salmerón Abogados SLP es propietaria del 50% de las participaciones sociales."", ""valor"": null}, {""descripcion"": ""Teken Homes sí de la que la sociedad Martínez & Salmerón Abogados SLP es propietaria del 40% de las participaciones sociales."", ""valor"": null}]","[{""fecha_adquisicion"": ""15-12-2018"", ""descripcion"": ""BMW SERIE 4 G COUPE (MATRICULACION MAYO 2018)""}, {""fecha_adquisicion"": ""1-4-2017"", ""descripcion"": ""JENAU LEADER 8 (MATRICULACION 2011)""}, {""fecha_adquisicion"": ""2016"", ""descripcion"": ""X3 BMW (MATRICULACION 2004)""}, {""fecha_adquisicion"": ""2006"", ""descripcion"": ""BMW SERIE 5 (PROPIEDAD M SALMERON ABOGADOS) AÑO MATRICULACION 2005""}]","[{""descripcion"": ""MICROCRÉDITO PSOE (Elecciones Asamblea Regional)"", ""valor"": null}, {""descripcion"": ""RENTAS POR ALQUILER DE VIVIENDA"", ""valor"": 4000.0}]","[{""prestamo"": ""PRESTAMO HIPOTECARIO CAJAMURCIA (AHORA CAIXA)"", ""fecha_concesion"": ""25-03-2010"", ""importe_concedido"": 125325.69, ""saldo_pendiente"": 64479.42}]",Otros bienes de naturaleza urbana y vehículos propiedad de una sociedad de la que el declarante tiene participaciones. CLASE Y CARACTERISTICAS SITUACION FECHA ADQUISICION DERECHO TITULAR Propiedad de Martínez & Salmerón Abogados SLP OFICINA MURCIA 28/10/2022 PLENO DOMINIO COMPRAVENTA 1 PLAZA DE GARAJE MURCIA 30/11/2022 PLENO DOMINIO COMPRAVENTA Propiedad de Martínez Salmerón Recupera SL OFICINA MURCIA 30/11/2020 PLENO DOMINIO COMPRAVENTA 2 PLAZAS DE GARAJE MURCIA 17/05/2021 PLENO DOMINIO COMPRAVENTA 1 PLAZA DE GARAJE MURCIA 03/12/2021 PLENO DOMINIO COMPRAVENTA Ranger Rover Velar (Propiedad de Martínez & Salmerón Abogados) Año matriculación 2020. Adquirido 30/06/23,182,fotos_diputados\deputy_182.jpg,Logo_partidos\deputy_0182.jpg,hemiciclo\hemi_0182_4806.gif,joaquin-martinez-salmeron,91261.66
deputy_183_assets_000174_000_e_0000747_20230809.json,MARIA PILAR ALÍA AGUADO,CASADA,GANANCIALES,23 DE JULIO DE 2023,9 DE AGOSTO DE 2023,Diputado,TOLEDO,https://www.facebook.com/pilar.aliaaguado,https://www.instagram.com/pilaraliaaguado,https://twitter.com/pilaraliaa,,"[{""procedencia"": ""UNIVERSIDAD DE CASTILLA LA MANCHA"", ""concepto"": ""Percepciones netas de tipo salarial"", ""euros"": 4920.2}, {""procedencia"": ""ACTIVIDAD PROFESIONAL DE ECONOMISTA"", ""concepto"": ""Percepciones netas de tipo salarial"", ""euros"": 56659.56}]","[{""procedencia"": ""DIVIDENDOS ACCIONES COTIZADAS"", ""concepto"": ""Dividendos y participación en beneficios"", ""euros"": 35.77}, {""procedencia"": ""DIVIDENDOS ACCIONES SETEP TOLEDO, SL"", ""concepto"": ""Dividendos y participación en beneficios"", ""euros"": 5890.0}]",[],[],44091.8,"[{""clase"": ""GARAJE"", ""situacion"": ""TOLEDO"", ""fecha_adquisicion"": ""14/11/2001"", ""derecho"": ""PLENO DOMINIO"", ""titulo_adquisicion"": ""COMPRAVENTA GANANCIAL""}, {""clase"": ""GARAJE"", ""situacion"": ""TOLEDO"", ""fecha_adquisicion"": ""28/02/2019"", ""derecho"": ""PLENO DOMINIO"", ""titulo_adquisicion"": ""COMPRAVENTA GANANCIAL""}, {""clase"": ""CASA UNIFAMILIAR"", ""situacion"": ""TOLEDO"", ""fecha_adquisicion"": ""09/06/2015"", ""derecho"": ""NUDA PROPIEDAD"", ""titulo_adquisicion"": ""DONACION PRIVATIVO""}, {""clase"": ""LOCAL COMERCIAL"", ""situacion"": ""TOLEDO"", ""fecha_adquisicion"": ""25/02/2022"", ""derecho"": ""PLENO DOMINIO"", ""titulo_adquisicion"": ""COMPRAVENTA GANANCIAL""}, {""clase"": ""PISO-GARAJE-TRASTERO"", ""situacion"": ""TOLEDO"", ""fecha_adquisicion"": ""07/02/2020"", ""derecho"": ""PLENO DOMINIO"", ""titulo_adquisicion"": ""COMPRAVENTA GANANCIAL""}]",[],[],"[{""descripcion"": ""CUENTAS CORRIENTES EN DIVERSAS ENTIDADES"", ""saldo"": 59949.74}]","[{""descripcion"": ""FONDOS DE INVERSIÓN"", ""valor"": 29752.47, ""fecha"": ""03/08/2023""}]","[{""descripcion"": ""ACCIONES SETEP TOLEDO, SL"", ""valor"": 117360.88}, {""descripcion"": ""ACCIONES ABACO CONSULTORES Y ASESORES TRIBUTARIOS, SL"", ""valor"": 1588.63}]",[],"[{""fecha_adquisicion"": ""2009"", ""descripcion"": ""NISSAN QASHQAI""}, {""fecha_adquisicion"": ""2022"", ""descripcion"": ""MINI COUNTRYMAN (Propiedad de ABACO CONSULTORES Y ASESORES TRIBUTARIOS, SL)""}, {""fecha_adquisicion"": ""2023"", ""descripcion"": ""JEEP COMPASS (Propiedad de SETEP TOLEDO, SL)""}]","[{""descripcion"": ""PLAN DE PENSIONES"", ""valor"": 48077.17, ""fecha"": ""31/12/2022""}]","[{""descripcion"": ""AVALES UNICAJA"", ""fecha_concesion"": ""07/04/2017"", ""importe_concedido"": 70200.0, ""saldo_pendiente"": 24000.0}, {""descripcion"": ""PRESTAMO HIPOTECARIO UNICAJA"", ""fecha_concesion"": ""25/02/2022"", ""importe_concedido"": 100000.0, ""saldo_pendiente"": 91864.21}]",,183,fotos_diputados\deputy_183.jpg,Logo_partidos\deputy_0183.jpg,hemiciclo\hemi_0183_2713.gif,maria-pilar-alia-aguado,91261.66
deputy_184_assets_000175_000_e_0000749_20230809.json,José Manuel VELASCO RETAMOSA,Soltero,,23/07/2023,09/08/2023,Diputado,TOLEDO,,,https://twitter.com/jmvelascor,,"[{""concepto"": ""Sueldo UCLM (Profesor Título de Universidad)"", ""euros"": 63179.78}, {""concepto"": ""Dietas UCLM"", ""euros"": 1260}]",[],[],"[{""concepto"": ""Percepciones por Publicaciones CEDRO"", ""euros"": 53.23}, {""concepto"": ""Percepciones por publicaciones ARANZADI"", ""euros"": 70}, {""concepto"": ""Percepciones por publicaciones Tirant Lo Blanch"", ""euros"": 30}]",15159.46,"[{""clase"": ""Casa"", ""situacion"": ""TOLEDO"", ""fecha_adquisicion"": ""02/2009"", ""derecho"": ""Propiedad"", ""titulo_adquisicion"": ""Compraventa""}, {""clase"": ""Casa"", ""situacion"": ""LAYOS (Toledo)"", ""fecha_adquisicion"": ""04/2022"", ""derecho"": ""Propiedad"", ""titulo_adquisicion"": ""Compraventa""}]",[],[],"[{""tipo"": ""Cuenta corriente"", ""saldo"": 11236}]",[],[],[],[],"[{""descripcion"": ""Plan de Pensiones UCLM"", ""valor"": 3216}]","[{""descripcion"": ""Prestamo hipotecario (Unicaja Banco)"", ""fecha_concesion"": ""03/02/2009"", ""importe_concedido"": 200000, ""saldo_pendiente"": 90969}]",,184,fotos_diputados\deputy_184.jpg,Logo_partidos\deputy_0184.jpg,hemiciclo\hemi_0184_3816.gif,jose-manuel-velasco-retamosa,85645.7
deputy_185_assets_000179_000_e_0000765_20230809.json,Francina Armengol Socias,Soltera,,23/07/2023,9/08/2023,Diputado,ILLES BALEARS,https://www.facebook.com/farmengolsocias,https://www.instagram.com/f_armengol,https://twitter.com/F_Armengol,,"[{""concepto"": ""Salario Presidenta Gobierno Illes Balears"", ""euros"": 71502.62}, {""concepto"": ""Dietas Parlamento Illes Balears"", ""euros"": 23735.71}]",[],[],[],28814.21,"[{""clase_y_caracteristicas"": ""Piso. Vivienda habitual"", ""situacion"": ""Illes Balears"", ""fecha_adquisicion"": ""13/08/2002"", ""derecho_sobre_el_bien"": ""Pleno dominio 100%"", ""titulo_adquisicion"": ""Compraventa""}]",[],[],"[{""tipo"": ""Depósito en cuentas corrientes+Seguros+Plan pensiones"", ""saldo"": 88009.88}]",[],[],[],"[{""fecha_adquisicion"": ""2012"", ""descripcion"": ""JEEP Grand Cherokee. Segunda mano""}]",[],[],,185,fotos_diputados\deputy_185.jpg,Logo_partidos\deputy_0185.jpg,hemiciclo\hemi_0185_1.gif,francina-armengol-socias,
deputy_186_assets_000173_000_e_0000742_20230809.json,Milena Herrera García,Casada,Separación de bienes,23/07/2023,09/08/2023,Diputado,Illes Balears,https://www.facebook.com/herrmilena,https://www.instagram.com/milena_herrera,https://twitter.com/milena_herrera,,"[{""procedencia"": ""Salario como personal eventual del Govern de les Illes Balears (incluye complementos por residencia)"", ""concepto"": ""Salario"", ""euros"": ""65.337,84""}]",[],[],[],15342.64,"[{""clase"": ""Piso"", ""caracteristicas"": """", ""situacion"": ""Illes Balears"", ""fecha_adquisicion"": ""19/03/2022"", ""derecho_sobre_el_bien"": ""Ganancial"", ""titulo_adquisicion"": ""Compraventa""}]",[],[],"[{""tipo"": ""Cuenta de ahorro"", ""saldo"": ""3.800""}]",[],[],[],"[{""fecha_adquisicion"": ""27/12/2018"", ""descripcion"": ""Ford Ecosport""}]",[],"[{""descripcion"": ""Hipoteca"", ""acreedor"": ""Caixabank"", ""fecha_concesion"": ""19/03/2002"", ""importe_concedido"": ""132.222,66"", ""saldo_pendiente"": ""69.855,91""}, {""descripcion"": ""Préstamo personal"", ""acreedor"": ""Caixabank"", ""fecha_concesion"": ""19/07/2022"", ""importe_concedido"": ""10.000"", ""saldo_pendiente"": ""8.357,81""}, {""descripcion"": ""Préstamo vehículo"", ""acreedor"": ""Ford Credit"", ""fecha_concesion"": ""20/12/2018"", ""importe_concedido"": ""18.475"", ""saldo_pendiente"": ""4.362,2""}]",,186,fotos_diputados\deputy_186.jpg,Logo_partidos\deputy_0186.jpg,hemiciclo\hemi_0186_1409.gif,milena-herrera-garcia,91261.66
deputy_187_assets_000178_000_e_0000759_20230809.json,MARIA DOLORES CORUJO BERRIEL,CASADA,GANANCIALES,23/07/2023,09/08/2023,Diputado,LAS PALMAS,,,https://twitter.com/loli_mcorujo,,"[{""concepto"": ""Rendimientos del trabajo"", ""euros"": 73002.54}]",[],[],[],21277.84,[],[],[],"[{""tipo"": ""Cuenta corriente o de ahorro"", ""saldo"": 23304.66}]",[],[],[],[],[],[],,187,fotos_diputados\deputy_187.jpg,Logo_partidos\deputy_0187.jpg,hemiciclo\hemi_0187_1410.gif,maria-dolores-corujo-berriel,91261.66
deputy_188_assets_000176_000_e_0000751_20230809.json,JOSÉ VICENTE MARÍ BOSÓ,CASADO,SEPARACIÓN DE BIENES,23 DE JULIO DE 2023,9 DE AGOSTO DE 2023,Senador,ILLES BALEARS,,https://www.instagram.com/jvmariboso,https://twitter.com/jvmariboso,,"[{""concepto"": ""PROFESIONALES POR EJERCICIO ABOGACIA"", ""euros"": 24755.1}]",[],[],"[{""concepto"": ""DIETAS POR ASISTENCIA A PLENO AYUNTAMIENTO DE IBIZA"", ""euros"": 13524.0}]",29347.66,"[{""clase_y_caracteristicas"": ""PISO VIVIENDA HABITUAL"", ""situacion"": ""IBIZA (ILLES BALEARS)"", ""fecha_adquisicion"": ""30/12/2004"", ""derecho_sobre_el_bien"": ""PLENO DOMINIO COMPRAVENTA 50% DECLARANTE""}]",[],[],"[{""descripcion"": ""TRES CUENTAS CORRIENTES"", ""saldo"": 12734.22}]",[],[],[],"[{""fecha_adquisicion"": ""18/12/2013"", ""descripcion"": ""VEHÍCULO MODELO NISSAN QASHQAI +2 CILINDRADA""}]","[{""descripcion"": ""PLAN DE PENSIONES MUTUALIDAD DE LA ABOGACIA"", ""valor"": null}]","[{""descripcion"": ""PRESTAMO HIPOTECARIO CAIXABANK (50% DECLARANTE)"", ""fecha_concesion"": ""30/12/2004"", ""importe_concedido"": 369000.0, ""saldo_pendiente"": 211287.83}]",,188,fotos_diputados\deputy_188.jpg,Logo_partidos\deputy_0188.jpg,hemiciclo\hemi_0188_3411.gif,jose-vicente-mari-boso,91261.66
deputy_189_assets_000177_000_e_0000756_20230809.json,PEDRO SÁNCHEZ PÉREZ-CASTEJÓN,CASADO,SEPARACIÓN DE BIENES,23/07/2023,09/08/2023,Diputado,MADRID,,,,,"[{""concepto"": ""PRESIDENTE DEL GOBIERNO"", ""euros"": 87814.8}]","[{""concepto"": ""DIVIDENDOS Y OTROS"", ""euros"": 360.57}]","[{""concepto"": ""ARRENDAMIENTOS DE INMUEBLES"", ""euros"": 12845.0}]","[{""concepto"": ""DERECHOS DE AUTOR"", ""euros"": 42000.0}]",43782.67,"[{""clase"": ""VIVIENDA"", ""situacion"": ""MADRID"", ""fecha_adquisicion"": ""2008"", ""derecho"": ""50% PROPIEDAD"", ""titulo_adquisicion"": ""COMPRAVENTA""}, {""clase"": ""VIVIENDA"", ""situacion"": ""MADRID"", ""fecha_adquisicion"": ""1992"", ""derecho"": ""100% PROPIEDAD"", ""titulo_adquisicion"": ""COMPRAVENTA""}, {""clase"": ""PLAZA DE APARCAMIENTO"", ""situacion"": ""MADRID"", ""fecha_adquisicion"": ""2008"", ""derecho"": ""50% PROPIEDAD"", ""titulo_adquisicion"": ""COMPRAVENTA""}, {""clase"": ""PLAZA DE APARCAMIENTO"", ""situacion"": ""MADRID"", ""fecha_adquisicion"": ""1992"", ""derecho"": ""100% PROPIEDAD"", ""titulo_adquisicion"": ""COMPRAVENTA""}]",[],[],"[{""tipo"": ""CUENTAS CORRIENTES"", ""cantidad"": 2, ""saldo"": 19208.79}, {""tipo"": ""PLAN DE PENSIONES"", ""cantidad"": 1, ""saldo"": 105378.1}, {""tipo"": ""FONDO DE INVERSIÓN"", ""cantidad"": 1, ""saldo"": 81449.2}]",[],"[{""descripcion"": ""ACCIONES COTIZADAS EN BOLSA (a 22 de junio de 2023)"", ""valor"": 5104}]",[],[],"[{""descripcion"": ""DONATIVOS A PSOE Y OTROS"", ""valor"": 4418.4}]","[{""descripcion"": ""PRESTAMO HIPOTECARIO"", ""fecha_concesion"": ""2008"", ""importe_concedido"": 159300, ""saldo_pendiente"": 61786.31}]",,189,fotos_diputados\deputy_189.jpg,Logo_partidos\deputy_0189.jpg,hemiciclo\hemi_0189_1101.gif,pedro-sanchez-perez-castejon,107037.54
deputy_190_assets_000183_000_e_0000786_20230809.json,PEPE MERCADAL BAQUERO,SOLTERO,,23 JULIO 2023,9 AGOSTO 2023,Diputado,,,https://www.instagram.com/pepecei,https://twitter.com/pepemercadal,,"[{""concepto"": ""NÓMINA PARLAMENTO EUROPEO, NETO AÑO 2022"", ""euros"": 51962.81}]",[],[],"[{""concepto"": ""ARRENDAMIENTO INMUEBLES (€ NETOS/AÑO)"", ""euros"": 12822.75}]",1550.9,"[{""clase"": ""PISO"", ""situacion"": ""BÉLGICA"", ""fecha_adquisicion"": ""2021"", ""derecho"": ""PLENO DOMINIO"", ""titulo_adquisicion"": ""COMPRAVENTA""}, {""clase"": ""APARTAMENTO"", ""situacion"": ""ILLES BALEARS"", ""fecha_adquisicion"": ""2020"", ""derecho"": ""MULTIPROPIEDAD"", ""titulo_adquisicion"": ""DONACIÓN""}, {""clase"": ""APARTAMENTO"", ""situacion"": ""ILLES BALEARS"", ""fecha_adquisicion"": ""2020"", ""derecho"": ""MULTIPROPIEDAD"", ""titulo_adquisicion"": ""DONACIÓN""}, {""clase"": ""APARTAMENTO"", ""situacion"": ""ILLES BALEARS"", ""fecha_adquisicion"": ""2020"", ""derecho"": ""MULTIPROPIEDAD"", ""titulo_adquisicion"": ""DONACIÓN""}, {""clase"": ""VIVIENDA"", ""situacion"": ""ILLES BALEARS"", ""fecha_adquisicion"": ""2020"", ""derecho"": ""MULTIPROPIEDAD"", ""titulo_adquisicion"": ""DONACIÓN""}, {""clase"": ""PISO"", ""situacion"": ""ILLES BALEARS"", ""fecha_adquisicion"": ""2020"", ""derecho"": ""MULTIPROPIEDAD"", ""titulo_adquisicion"": ""DONACIÓN""}]",[],[],"[{""descripcion"": ""CUENTA CORRIENTE ING BÉLGICA""}, {""descripcion"": ""CUENTA AHORROS ING BÉLGICA""}, {""descripcion"": ""CUENTA CORRIENTE CAIXABANK""}, {""descripcion"": ""CUENTA CORRIENTE COMPARTIDA CAIXABANK""}, {""descripcion"": ""FONDO INVERSIÓN COMPARTIDO BANCA MARCH""}]",[],[],[],"[{""fecha_adquisicion"": ""2020"", ""descripcion"": ""VOLKSWAGEN GOLF""}]",[],"[{""descripcion"": ""PRESTAMO HIPOTECARIO - ING BÉLGICA"", ""fecha_concesion"": ""11/10/2021"", ""importe_concedido"": 368000, ""saldo_pendiente"": 249476.78}]",,190,fotos_diputados\deputy_190.jpg,Logo_partidos\deputy_0190.jpg,hemiciclo\hemi_0190_1608.gif,pepe-mercadal-baquero,91261.66
deputy_191_assets_000181_000_e_0000774_20230809.json,ISAURA LEAL FERNÁNDEZ,Divorciada,,23 de julio de 2023,9 de agosto de 2023,Diputado,MADRID,,,https://twitter.com/isauralealf,,[],[],[],[],19459.79,"[{""clase_y_caracteristicas"": ""PISO"", ""situacion"": ""MADRID"", ""fecha_adquisicion"": ""30/08/2012"", ""derecho_sobre_el_bien"": ""PROPIEDAD"", ""titulo_adquisicion"": ""COMPRAVENTA""}]",[],[],"[{""tipo"": ""CUENTA CORRIENTE"", ""saldo"": 38257.93}]",[],[],[],[],[],"[{""descripcion"": ""BBVA Hipotecario"", ""fecha_concesion"": ""30/09/2012"", ""importe_concedido"": 118659.66, ""saldo_pendiente"": 67737.03}]",,191,fotos_diputados\deputy_191.jpg,Logo_partidos\deputy_0191.jpg,hemiciclo\hemi_0191_7.gif,isaura-leal-fernandez,89664.68
deputy_192_assets_000206_000_e_0000873_20230809.json,VICENÇ VIDAL MATAS,SOLTERO,,23 DE JULIO DE 2023,9 DE AGOSTO DE 2023,Senador,,,,https://twitter.com/vidalmatas14,,[],[],[],"[{""concepto"": ""RENTA COMO ARRENDADOR DE VIVIENDA"", ""euros"": 8400}]",,"[{""clase_y_caracteristicas"": ""PISO URBANO"", ""situacion"": ""ILLES BALEARS"", ""fecha_adquisicion"": ""27-12-2021"", ""derecho_sobre_el_bien"": ""100% PROPIEDAD"", ""titulo_adquisicion"": ""COMPRAVENTA""}, {""clase_y_caracteristicas"": ""VIVIENDA URBANO"", ""situacion"": ""ILLES BALEARS"", ""fecha_adquisicion"": ""2012"", ""derecho_sobre_el_bien"": ""100% PROPIEDAD"", ""titulo_adquisicion"": ""DONACIÓN (HERENCIA EN VIDA)""}]",[],[],"[{""tipo"": ""CUENTA CORRIENTE EN ENTIDAD BANCARIA"", ""saldo"": 128026, ""fecha_referencia"": ""9 DE AGOSTO DE 2023""}]",[],[],[],[],[],[],,192,fotos_diputados\deputy_192.jpg,Logo_partidos\deputy_0192.jpg,hemiciclo\hemi_0192_2305.gif,vicenc-vidal-matas,91261.66
deputy_193_assets_000186_000_e_0000798_20230809.json,José María Figaredo Álvarez-Sala,Casado,Gananciales,23 de julio de 2023,9 de agosto de 2023,Diputado,Asturias,,,,,"[{""concepto"": ""Ejercicio de la abogacía por cuenta propia"", ""euros"": ""13.332,00€""}, {""concepto"": ""Docencia en universidad privada"", ""euros"": ""720,00€""}]",[],"[{""concepto"": ""Rendimientos del capital mobiliario"", ""euros"": ""45,89€""}, {""concepto"": ""Rendimientos del capital inmobiliario"", ""euros"": ""8.015,68""}]",[],27486.07,"[{""clase"": ""Vivienda (con garaje)"", ""situacion"": ""Madrid"", ""fecha_adquisicion"": ""2022"", ""derecho"": ""50% del pleno dominio, compraventa""}, {""clase"": ""Vivienda (con garaje)"", ""situacion"": ""Madrid"", ""fecha_adquisicion"": ""2018"", ""derecho"": ""Pleno dominio, compraventa""}, {""clase"": ""Vivienda (con garaje)"", ""situacion"": ""Asturias"", ""fecha_adquisicion"": ""2016"", ""derecho"": ""Pleno dominio, herencia""}, {""clase"": ""Vivienda"", ""situacion"": ""Asturias"", ""fecha_adquisicion"": ""2016"", ""derecho"": ""12,5% del pleno dominio, herencia""}]",[],[],"[{""tipo"": ""Depósitos en cuentas corrientes y planes de pensiones"", ""saldo"": ""17.935,43 €""}]",[],[],[],"[{""fecha_adquisicion"": ""2016"", ""descripcion"": ""Motocicleta 650cc""}, {""fecha_adquisicion"": ""2021"", ""descripcion"": ""Motocicleta 250cc""}, {""fecha_adquisicion"": ""2021"", ""descripcion"": ""Motocicleta 850cc""}, {""fecha_adquisicion"": ""2021"", ""descripcion"": ""Volkswagen Polo""}]",[],"[{""prestamo"": ""Hipoteca para compra de vivienda"", ""fecha_concesion"": ""2018"", ""importe_concedido"": ""304.000,00 €"", ""saldo_pendiente"": ""252.400,56 €""}, {""prestamo"": ""Hipoteca para compra de vivienda -50%-"", ""fecha_concesion"": ""2022"", ""importe_concedido"": ""340.000,00 €"", ""saldo_pendiente"": ""334.165,31 €""}, {""prestamo"": ""Préstamo personal -50%-"", ""fecha_concesion"": ""2022"", ""importe_concedido"": ""35.000 €"", ""saldo_pendiente"": ""30.000 €""}]",,193,fotos_diputados\deputy_193.jpg,Logo_partidos\deputy_0193.jpg,hemiciclo\hemi_0193_3203.gif,jose-maria-figaredo-alvarez-sala,124863.62
deputy_193_assets_000186_001_e_0002205_20231005.json,José María Figaredo Álvarez-Sala,Casado,Gananciales,23 de julio de 2023,9 de agosto de 2023,Diputado,Asturias,,,,,"[{""concepto"": ""Ejercicio de la abogacía por cuenta propia"", ""euros"": ""13.332,00€""}, {""concepto"": ""Docencia en universidad privada"", ""euros"": ""720,00€""}, {""concepto"": ""Secretaría general grupo parlamentario VOX"", ""euros"": ""9.600,00€""}]",[],"[{""concepto"": ""Rendimientos del capital mobiliario"", ""euros"": ""45,89€""}, {""concepto"": ""Rendimientos del capital inmobiliario"", ""euros"": ""8.015,68€""}]",[],27486.07,"[{""clase"": ""Vivienda (con garaje)"", ""situacion"": ""Madrid"", ""fecha_adquisicion"": ""2022"", ""derecho"": ""50% del pleno dominio"", ""titulo"": ""compraventa""}, {""clase"": ""Vivienda (con garaje)"", ""situacion"": ""Madrid"", ""fecha_adquisicion"": ""2018"", ""derecho"": ""Pleno dominio"", ""titulo"": ""compraventa""}, {""clase"": ""Vivienda (con garaje)"", ""situacion"": ""Madrid"", ""fecha_adquisicion"": ""2021"", ""derecho"": ""12,50% de pleno dominio"", ""titulo"": ""herencia""}, {""clase"": ""Vivienda"", ""situacion"": ""Asturias"", ""fecha_adquisicion"": ""2016"", ""derecho"": ""06,08% del pleno dominio"", ""titulo"": ""herencia""}, {""clase"": ""Vivienda (con garaje)"", ""situacion"": ""Asturias"", ""fecha_adquisicion"": ""2016"", ""derecho"": ""Pleno dominio"", ""titulo"": ""herencia""}, {""clase"": ""Vivienda"", ""situacion"": ""Asturias"", ""fecha_adquisicion"": ""2021"", ""derecho"": ""12,50% del pleno dominio"", ""titulo"": ""herencia""}]","[{""clase"": ""Nave industrial"", ""situacion"": ""Asturias"", ""fecha_adquisicion"": ""2021"", ""derecho"": ""Pleno dominio"", ""titulo"": ""herencia""}]",[],"[{""tipo"": ""Depósitos en cuentas corrientes y planes de pensiones"", ""saldo"": ""17.935,43 €""}]",[],[],[],"[{""fecha_adquisicion"": ""2016"", ""descripcion"": ""Motocicleta 650cc""}, {""fecha_adquisicion"": ""2021"", ""descripcion"": ""Motocicleta 250cc""}, {""fecha_adquisicion"": ""2021"", ""descripcion"": ""Motocicleta 850cc""}, {""fecha_adquisicion"": ""2021"", ""descripcion"": ""Volkswagen Polo""}]",[],"[{""descripcion"": ""Hipoteca para compra de vivienda"", ""fecha_concesion"": ""2018"", ""importe_concedido"": ""304.000,00 €"", ""saldo_pendiente"": ""252.400,56 €""}, {""descripcion"": ""Hipoteca para compra de vivienda -50%-"", ""fecha_concesion"": ""2022"", ""importe_concedido"": ""340.000,00 €"", ""saldo_pendiente"": ""334.165,31 €""}, {""descripcion"": ""Préstamo personal -50%-"", ""fecha_concesion"": ""2022"", ""importe_concedido"": ""35.000 €"", ""saldo_pendiente"": ""30.000,00 €""}]",Esta declaración reemplaza a la presentada el 9 de agosto de 2023.,193,fotos_diputados\deputy_193.jpg,Logo_partidos\deputy_0193.jpg,hemiciclo\hemi_0193_3203.gif,jose-maria-figaredo-alvarez-sala,124863.62
deputy_194_assets_000185_000_e_0000793_20230809.json,IGNACIO HOCES ÍNIGUEZ,SOLTERO,,23/07/2023,9/08/2023,Diputado,BADAJOZ,,,https://twitter.com/Ignacio_Hoces,,"[{""concepto"": ""Retribuciones dinerarias (bruto)"", ""euros"": 89056.78}]",[],[],[],24817.13,[],[],[],"[{""tipo"": ""Cuenta corriente"", ""saldo"": 262425.67}]",[],[],[],[],[],[],,194,fotos_diputados\deputy_194.jpg,Logo_partidos\deputy_0194.jpg,hemiciclo\hemi_0194_2612.gif,ignacio-hoces-iniguez,91261.66
deputy_195_assets_000182_000_e_0000776_20230809.json,ROBERTO GARCÍA MORÍS,CASADO,SEPARACIÓN DE BIENES,23/07/2023,09/08/2023,Senador,ASTURIAS,,,https://twitter.com/MorisSiero,,[],[],[],[],14057.9,"[{""clase"": ""VIVIENDA CON GARAJE"", ""situacion"": ""ASTURIAS"", ""fecha_adquisicion"": ""1990"", ""derecho"": ""HERENCIA"", ""participacion"": ""MULTIPROPIEDAD (25%)""}, {""clase"": ""APARTAMENTO"", ""situacion"": ""ASTURIAS"", ""fecha_adquisicion"": ""2012"", ""derecho"": ""HERENCIA"", ""participacion"": ""MULTIPROPIEDAD (50%)""}, {""clase"": ""VIVIENDA"", ""situacion"": ""ASTURIAS"", ""fecha_adquisicion"": ""2015"", ""derecho"": ""HERENCIA"", ""participacion"": ""MULTIPROPIEDAD (50%)""}]","[{""clase"": ""FINCA RÚSTICA"", ""situacion"": ""ASTURIAS"", ""fecha_adquisicion"": ""1990"", ""derecho"": ""HERENCIA"", ""participacion"": ""MULTIPROPIEDAD (25%)""}, {""clase"": ""FINCAS RÚSTICAS"", ""situacion"": ""ASTURIAS"", ""fecha_adquisicion"": ""2012"", ""derecho"": ""HERENCIA"", ""participacion"": ""MULTIPROPIEDAD (50%)""}, {""clase"": ""FINCA RÚSTICA"", ""situacion"": ""ASTURIAS"", ""fecha_adquisicion"": ""2016"", ""derecho"": ""HERENCIA"", ""participacion"": ""MULTIPROPIEDAD (50%)""}]",[],"[{""descripcion"": ""5 CUENTAS CORRIENTES EN DIFERENTES ENTIDADES BANCARIAS"", ""saldo"": 17215.83}]",[],[],[],"[{""fecha_adquisicion"": ""2007"", ""descripcion"": ""VEHÍCULO TOYOTA YARIS SOL""}, {""fecha_adquisicion"": ""2012"", ""descripcion"": ""VEHÍCULO MERCEDES CLASE A""}]",[],"[{""descripcion"": ""PRESTAMO HIPOTECARIO"", ""fecha_concesion"": ""22/03/2023"", ""importe_concedido"": 60000, ""saldo_pendiente"": 55165.6}]",MICROCRÉDITO PSOE,195,fotos_diputados\deputy_195.jpg,Logo_partidos\deputy_0195.jpg,hemiciclo\hemi_0195_1411.gif,roberto-garcia-moris,91261.66
deputy_195_assets_000182_001_e_0042408_20241002.json,ROBERTO GARCÍA MORÍS,CASADO,SEPARACIÓN DE BIENES,23/07/2023,09/08/2023,Diputado,A,,,https://twitter.com/MorisSiero,,[],[],[],[],13382.58,"[{""clase"": ""VIVIENDA CON GARAJE"", ""situacion"": ""ASTURIAS"", ""fecha_adquisicion"": ""1990"", ""derecho"": ""HERENCIA MULTIPROPIEDAD (25%)""}, {""clase"": ""APARTAMENTO"", ""situacion"": ""ASTURIAS"", ""fecha_adquisicion"": ""2012"", ""derecho"": ""HERENCIA MULTIPROPIEDAD (50%)""}, {""clase"": ""VIVIENDA"", ""situacion"": ""ASTURIAS"", ""fecha_adquisicion"": ""2015"", ""derecho"": ""HERENCIA MULTIPROPIEDAD (50%)""}, {""clase"": ""PISO CON GARAJE"", ""situacion"": ""ASTURIAS"", ""fecha_adquisicion"": ""2024"", ""derecho"": ""HERENCIA MULTIPROPIEDAD (50%)""}, {""clase"": ""VIVIENDA"", ""situacion"": ""ASTURIAS"", ""fecha_adquisicion"": ""2024"", ""derecho"": ""HERENCIA MULTIPROPIEDAD (50%)""}, {""clase"": ""SOLAR"", ""situacion"": ""ASTURIAS"", ""fecha_adquisicion"": ""2024"", ""derecho"": ""HERENCIA MULTIPROPIEDAD (50%)""}]","[{""clase"": ""FINCA RÚSTICA"", ""situacion"": ""ASTURIAS"", ""fecha_adquisicion"": ""1990"", ""derecho"": ""HERENCIA MULTIPROPIEDAD (25%)""}, {""clase"": ""FINCAS RÚSTICAS"", ""situacion"": ""ASTURIAS"", ""fecha_adquisicion"": ""2012"", ""derecho"": ""HERENCIA MULTIPROPIEDAD (50%)""}, {""clase"": ""FINCA RÚSTICA FINCAS RÚSTICAS"", ""situacion"": ""ASTURIAS"", ""fecha_adquisicion"": ""2016 2024"", ""derecho"": ""HERENCIA MULTIPROPIEDAD (50%)""}]",[],"[{""descripcion"": ""5 CUENTAS CORRIENTES EN DIFERENTES ENTIDADES BANCARIAS"", ""saldo"": 16284.01}]",[],[],[],"[{""fecha_adquisicion"": ""2007"", ""descripcion"": ""VEHÍCULO TOYOTA YARIS SOL""}, {""fecha_adquisicion"": ""2012"", ""descripcion"": ""VEHÍCULO MERCEDES CLASE A""}, {""fecha_adquisicion"": ""2024"", ""descripcion"": ""VEHÍCULO MERCEDES CLASE B""}]",[],"[{""descripcion"": ""PRESTAMO HIPOTECARIO"", ""fecha_concesion"": ""22/03/2023"", ""importe_concedido"": 60000, ""saldo_pendiente"": 57959.99}, {""descripcion"": ""PRESTAMO PERSONAL"", ""fecha_concesion"": ""15/02/2024"", ""importe_concedido"": 26000, ""saldo_pendiente"": 22493.02}]",,195,fotos_diputados\deputy_195.jpg,Logo_partidos\deputy_0195.jpg,hemiciclo\hemi_0195_1411.gif,roberto-garcia-moris,91261.66
deputy_195_assets_000182_001_e_0057279_20250220.json,ROBERTO GARCÍA MORÍS,CASADO,SEPARACIÓN DE BIENES,23/07/2023,09/08/2023,Diputado,ASTURIAS,,,https://twitter.com/MorisSiero,,[],[],[],[],13382.58,"[{""clase"": ""VIVIENDA CON GARAJE"", ""situacion"": ""ASTURIAS"", ""fecha_adquisicion"": ""1990"", ""derecho"": ""HERENCIA"", ""titulo_adquisicion"": ""MULTIPROPIEDAD (25%)""}, {""clase"": ""APARTAMENTO"", ""situacion"": ""ASTURIAS"", ""fecha_adquisicion"": ""2012"", ""derecho"": ""HERENCIA (100%)"", ""titulo_adquisicion"": """"}, {""clase"": ""VIVIENDA"", ""situacion"": ""ASTURIAS"", ""fecha_adquisicion"": ""2015"", ""derecho"": ""HERENCIA"", ""titulo_adquisicion"": ""MULTIPROPIEDAD (50%)""}, {""clase"": ""VIVIENDA"", ""situacion"": ""ASTURIAS"", ""fecha_adquisicion"": ""2024"", ""derecho"": ""HERENCIA (100%)"", ""titulo_adquisicion"": """"}, {""clase"": ""SOLAR"", ""situacion"": ""ASTURIAS"", ""fecha_adquisicion"": ""2024"", ""derecho"": ""HERENCIA"", ""titulo_adquisicion"": ""MULTIPROPIEDAD (50%)""}]","[{""clase"": ""FINCA RÚSTICA"", ""situacion"": ""ASTURIAS"", ""fecha_adquisicion"": ""1990"", ""derecho"": ""HERENCIA"", ""titulo_adquisicion"": ""MULTIPROPIEDAD (25%)""}, {""clase"": ""FINCAS RÚSTICAS"", ""situacion"": ""ASTURIAS"", ""fecha_adquisicion"": ""2012"", ""derecho"": ""HERENCIA"", ""titulo_adquisicion"": ""MULTIPROPIEDAD (50%)""}, {""clase"": ""FINCA RÚSTICA"", ""situacion"": ""ASTURIAS"", ""fecha_adquisicion"": ""2016"", ""derecho"": ""HERENCIA"", ""titulo_adquisicion"": ""MULTIPROPIEDAD (50%)""}, {""clase"": ""FINCAS RÚSTICAS"", ""situacion"": ""ASTURIAS"", ""fecha_adquisicion"": ""2024"", ""derecho"": ""HERENCIA"", ""titulo_adquisicion"": ""MULTIPROPIEDAD (50%)""}]",[],"[{""descripcion"": ""5 CUENTAS EN DIFERENTES ENTIDADES BANCARIAS"", ""saldo"": 11260.25}]",[],[],[],"[{""fecha_adquisicion"": ""2007"", ""descripcion"": ""VEHÍCULO TOYOTA YARIS SOL""}, {""fecha_adquisicion"": ""2012"", ""descripcion"": ""VEHÍCULO MERCEDES CLASE A""}, {""fecha_adquisicion"": ""2024"", ""descripcion"": ""VEHÍCULO MERCEDES CLASE B""}]",[],"[{""descripcion"": ""PRESTAMO HIPOTECARIO (CAJA RURAL DE ASTURIAS)"", ""fecha_concesion"": ""22/03/2023"", ""importe_concedido"": 60000, ""saldo_pendiente"": 57317}, {""descripcion"": ""PRESTAMO PERSONAL (CAJA RURAL DE ASTURIAS)"", ""fecha_concesion"": ""15/02/2024"", ""importe_concedido"": 26000, ""saldo_pendiente"": 19931.18}, {""descripcion"": ""PRESTAMO PERSONAL VIVIENDA (CAJA RURAL DE ASTURIAS)"", ""fecha_concesion"": ""04/04/2024"", ""importe_concedido"": 35000, ""saldo_pendiente"": 30221.37}]",,195,fotos_diputados\deputy_195.jpg,Logo_partidos\deputy_0195.jpg,hemiciclo\hemi_0195_1411.gif,roberto-garcia-moris,91261.66
deputy_196_assets_000184_000_e_0000788_20230809.json,ANA BELÉN VÁZQUEZ BLANCO,SOLTERA,,23 DE JULIO DE 2023,9 DE AGOSTO DE 2023,Diputado,,https://www.facebook.com/anabelen.vazquezblanco.1,https://www.instagram.com/anadebande/,https://twitter.com/anadebande,,"[{""procedencia"": ""CONGRESO DE LOS DIPUTADOS"", ""concepto"": null, ""euros"": 4594.1}]","[{""procedencia"": null, ""concepto"": ""TRIENIOS ADMINISTRACIÓN"", ""euros"": 4594.1}]",[],[],16511.97,"[{""clase_y_caracteristicas"": ""VIVIENDA UNIFAMILIAR"", ""situacion"": ""BANDE (OURENSE)"", ""fecha_adquisicion"": ""FIN DE CONSTRUCCION AÑO 2012"", ""derecho_sobre_el_bien"": ""100% PROPIEDAD"", ""titulo_adquisicion"": null}]","[{""clase_y_caracteristicas"": ""2 FINCAS RÚSTICAS"", ""situacion"": ""CHAUS (IOBEIRA)"", ""fecha_adquisicion"": ""2022 HERENCIA"", ""derecho_sobre_el_bien"": ""100% PROPIEDAD"", ""titulo_adquisicion"": ""HERENCIA""}, {""clase_y_caracteristicas"": ""1 FINCA RUSTICA"", ""situacion"": ""BANDE"", ""fecha_adquisicion"": ""2022 HERENCIA"", ""derecho_sobre_el_bien"": ""100% PROPIEDAD"", ""titulo_adquisicion"": ""HERENCIA""}]",[],"[{""tipo"": ""CUENTA CORRIENTE"", ""saldo"": 41071.08}]","[{""descripcion"": ""20 TÍTULOS DEPÓSITO BANCO SANTANDER"", ""valor"": 1828.01}, {""descripcion"": ""26 TÍTULOS DEPÓSITO BANCO SANTANDER"", ""valor"": 97.77}]",[],[],"[{""fecha_adquisicion"": ""AÑO 2018"", ""descripcion"": ""MERCEDES GLA""}]","[{""descripcion"": ""PLAN DE PENSIONES BBVA"", ""valor"": 16307.7}, {""descripcion"": ""PLAN DE PENSIONES SANTANDER"", ""valor"": 8409.98}]","[{""descripcion_y_acreedor"": ""PRESTAMO HIPOTECARIO BANCO SANTANDER"", ""fecha_concesion"": ""03/11/2011"", ""importe_concedido"": 200000, ""saldo_pendiente"": 70908.58}]",,196,fotos_diputados\deputy_196.jpg,Logo_partidos\deputy_0196.jpg,hemiciclo\hemi_0196_3509.gif,ana-belen-vazquez-blanco,91261.66
deputy_197_assets_000187_000_e_0000799_20230809.json,ROSA MARÍA QUINTANA CARBALLO,CASADA,SEPARACIÓN DE BIENES,23/07/2023,09/08/2023,Diputado,OURENSE,,,,,"[{""concepto"": ""RENDIMIENTOS DEL TRABAJO"", ""euros"": ""83.217,79""}]",[],[],[],4264.95,"[{""clase_y_caracteristicas"": ""APARTAMENTO, TRASTERO Y GARAJE"", ""situacion"": ""OURENSE"", ""fecha_adquisicion"": ""2018"", ""derecho_sobre_el_bien"": ""PLENO DOMINIO POR HERENCIA""}, {""clase_y_caracteristicas"": ""CASA"", ""situacion"": ""BASTAVALIÑOS BRION"", ""fecha_adquisicion"": ""1994"", ""derecho_sobre_el_bien"": ""PLENO DOMINIO COMPRAVENTA""}, {""clase_y_caracteristicas"": ""APARTAMENTO, GARAJE Y TRASTERO"", ""situacion"": ""BRION"", ""fecha_adquisicion"": ""2007"", ""derecho_sobre_el_bien"": ""50% PROPIEDAD COMPRAVENTA""}, {""clase_y_caracteristicas"": ""APARTAMENTO, GARAJE Y TRASTERO"", ""situacion"": ""RIBEIRA"", ""fecha_adquisicion"": ""2007"", ""derecho_sobre_el_bien"": ""50% PROPIEDAD COMPRAVENTA""}, {""clase_y_caracteristicas"": ""APARTAMENTO, GARAJE Y TRASTERO"", ""situacion"": ""SANXENXO"", ""fecha_adquisicion"": ""2023"", ""derecho_sobre_el_bien"": ""COMUNIDAD DE BIENES COMPRAVENTA 50 % PLENO DOMINIO""}, {""clase_y_caracteristicas"": ""APARTAMENTO, GARAJE Y TRASTERO"", ""situacion"": ""OURENSE"", ""fecha_adquisicion"": ""2023"", ""derecho_sobre_el_bien"": ""COMUNIDAD DE BIENES COMPRAVENTA 50 % PLENO DOMINIO""}]","[{""clase_y_caracteristicas"": ""FINCAS RÚSTICAS EN PEREIRO DE AGUIAR-REGATO/CASTRO/VALES/DEVESA/MONTIÑO"", ""situacion"": ""OURENSE"", ""fecha_adquisicion"": ""2023"", ""derecho_sobre_el_bien"": ""COMUNIDAD DE BIENES ADJUDICACIÓN DE HERENCIA""}, {""clase_y_caracteristicas"": ""FINCAS RÚSTICAS EN PEREIRO DE AGUIAR-REGATO/CASTRO/VALES/DEVESA/MONTIÑO"", ""situacion"": ""OURENSE"", ""fecha_adquisicion"": ""2020"", ""derecho_sobre_el_bien"": ""COMUNIDAD DE BIENES ADJUDICACIÓN DE HERENCIA""}, {""clase_y_caracteristicas"": ""FINCAS AS COSTAS/COSTADO/TAPADAS/AMARÁN/CAMIÑO DO PORTO/A PONTE"", ""situacion"": ""OURENSE"", ""fecha_adquisicion"": ""2018"", ""derecho_sobre_el_bien"": ""ADJUDICADO POR HERENCIA""}]",[],"[{""tipo"": ""CUENTA CORRIENTE"", ""saldo"": ""32.589,25""}, {""tipo"": ""CUENTA CORRIENTE"", ""saldo"": ""30.000""}]",[],[],[],"[{""fecha_adquisicion"": ""2020"", ""descripcion"": ""ALFA ROMEO STELVIO""}]",[],"[{""prestamo"": ""PRESTAMO HIPOTECARIO VIVIENDA"", ""fecha_concesion"": ""31/10/2008"", ""importe_concedido"": ""38.500"", ""saldo_pendiente"": ""25.271,05""}, {""prestamo"": ""PRESTAMO CONSUMO"", ""fecha_concesion"": ""30/10/2020"", ""importe_concedido"": ""15.225"", ""saldo_pendiente"": ""9.914,49""}]",CASA EN LUGAR PEREIRO DE ALEN OURENSE 2023 COMUNIDAD DE BIENES COMPRAVENTA 50% PLENO DOMINIO CASA EN PEREIRO DE AGUIAR OURENSE 2020 COMUNIDAD DE BIENES ADJUDICACIÓN DE HERENCIA FINCAS: O REGATO/CASTRO/MONTIÑO/PRESAS/CAXENARES OURENSE 2018 PLENO DOMINIO ADJUDICACIÓN HERENCIA,197,fotos_diputados\deputy_197.jpg,Logo_partidos\deputy_0197.jpg,hemiciclo\hemi_0197_5603.gif,rosa-maria-quintana-carballo,91261.66
deputy_198_assets_000188_000_e_0000802_20230809.json,TRISTANA MARÍA MORALEJA GÓMEZ,DIVORCIADA,,23/07/2023,09/08/2023,Diputado,A Coruña,,,https://twitter.com/TristanaMg,,"[{""concepto"": ""RENDIMIENTOS DEL TRABAJO"", ""euros"": 62857.92}]",[],[],[],17504.41,"[{""clase_y_caracteristicas"": ""PISO"", ""situacion"": ""A CORUÑA"", ""fecha_adquisicion"": ""ENERO 2018"", ""derecho_sobre_el_bien_y_titulo_adquisicion"": ""PRIVATIVO-HERENCIA""}, {""clase_y_caracteristicas"": ""PISO"", ""situacion"": ""MADRID"", ""fecha_adquisicion"": ""ABRIL 2021"", ""derecho_sobre_el_bien_y_titulo_adquisicion"": ""PRIVATIVO-HERENCIA""}, {""clase_y_caracteristicas"": ""PLAZA DE GARAJE"", ""situacion"": ""A CORUÑA"", ""fecha_adquisicion"": ""ABRIL 2023"", ""derecho_sobre_el_bien_y_titulo_adquisicion"": ""PRIVATIVO-COMPRAVENTA""}]",[],[],"[{""tipo"": ""AHORRO LA VISTA"", ""saldo"": 121584.08}]",[],[],[],"[{""fecha_adquisicion"": ""ENERO 2016"", ""descripcion"": ""MINI COOPER D CILINDRADA 1600 CC""}]",[],[],,198,fotos_diputados\deputy_198.jpg,Logo_partidos\deputy_0198.jpg,hemiciclo\hemi_0198_3710.gif,tristana-maria-moraleja-gomez,91261.66
deputy_199_assets_000192_000_e_0000826_20230809.json,Pedro PUY FRAGA,Casado,Separación de Bienes,23 de julio 2023,9 de agosto 2023,Senador,,,,,,"[{""procedencia"": ""PARLAMENTO DE GALICIA"", ""concepto"": ""DIPUTADO"", ""euros"": 53879.66}, {""procedencia"": ""UNIVERSIDAD DE SANTIAGO"", ""concepto"": ""TRIENIOS"", ""euros"": 7041.76}]",[],[],[],15897.78,"[{""clase"": ""VIVIENDA UNIFAMILIAR CON FINCA"", ""situacion"": ""A CORUÑA"", ""fecha_adquisicion"": ""1998"", ""derecho"": ""COMPRAVENTA"", ""porcentaje"": ""66%""}, {""clase"": ""VIVIENDA UNIFAMILIAR CON FINCA"", ""situacion"": ""A CORUÑA"", ""fecha_adquisicion"": ""2019"", ""derecho"": ""HERENCIA"", ""porcentaje"": ""9,747%""}]",[],[],"[{""tipo"": ""DEPOSITOS EN CUENTAS DE AHORRO"", ""saldo"": 32487.09}]",[],[],[],"[{""fecha_adquisicion"": ""29/05/2020"", ""descripcion"": ""Vehículo Audi Q5 (matriculado el 26/12/2018)""}]","[{""descripcion"": ""Plan de pensiones"", ""valor"": 8005.65}]","[{""descripcion"": ""PRESTAMO HIPOTECARIO"", ""acreedor"": ""ABANCA"", ""fecha_concesion"": ""3/3/1999"", ""importe_concedido"": 180303.63, ""saldo_pendiente"": 1727.09}, {""descripcion"": ""FINANCIACIÓN ADQUISICIÓN VEHÍCULO"", ""acreedor"": ""VW FINANCE"", ""importe_concedido"": 14000, ""saldo_pendiente"": null}]",,199,fotos_diputados\deputy_199.jpg,Logo_partidos\deputy_0199.jpg,hemiciclo\hemi_0199_3405.gif,pedro-puy-fraga,97457.92
deputy_200_assets_000189_000_e_0000806_20230809.json,Marta González Vázquez,Casada,Separación de bienes,23 julio 2023,9 agosto 2023,Diputado,A Coruña,,,https://twitter.com/martaglezvzqz,,[],[],[],[],30603.41,"[{""clase_y_caracteristicas"": ""Vivienda habitual"", ""situacion"": ""A Coruña"", ""fecha_adquisicion"": ""02/08/2001"", ""derecho_sobre_el_bien"": ""Pleno dominio"", ""titulo_adquisicion"": ""Compraventa""}]",[],[],"[{""tipo"": ""Cuenta corriente"", ""saldo"": 62613}, {""tipo"": ""Cuenta corriente"", ""saldo"": 87142}]","[{""descripcion"": ""Fondos de inversión Abanca (Información bancaria 9/8/2023)"", ""valor"": 63574.88}, {""descripcion"": ""Participaciones ING Superfondo dinámico a 9/8/2023"", ""valor"": 3598.0}]",[],[],"[{""fecha_adquisicion"": ""03/06/2011"", ""descripcion"": ""Citroen Gran Picasso Avatar HDI 110 (fecha matriculación 24/06/2010)""}, {""fecha_adquisicion"": ""21/01/2016"", ""descripcion"": ""Mazda 2 (fecha matriculación 21/01/2016)""}]",[],"[{""descripcion"": ""préstamo hipotecario sobre vivienda habitual"", ""fecha_concesion"": ""2001"", ""importe_concedido"": 181505.66, ""saldo_pendiente"": 2347.85}]","En el año fiscal de 2022 accedí a la herencia por fallecimiento de padre y madre, lo que ha supuesto un incremento patrimonial en las cuentas corrientes y en el fondo de inversión.",200,fotos_diputados\deputy_200.jpg,Logo_partidos\deputy_0200.jpg,hemiciclo\hemi_0200_5.gif,marta-gonzalez-vazquez,138482.54
deputy_201_assets_000327_000_e_0001373_20230816.json,Jorge Pueyo Sanz,Soltero,,23 de julio de 2023,9 de agosto de 2023,Diputado,Zaragoza,,,https://twitter.com/jorge_pueyo95,,"[{""concepto"": ""Rendimientos de actividades económicas"", ""euros"": 23844.09}, {""concepto"": ""Rendimientos del trabajo"", ""euros"": 500.0}]",[],"[{""concepto"": ""Suma de rendimientos de capital mobiliario a integrar en la base imponible del ahorro"", ""euros"": 4.01}]",[],4257.78,[],[],[],"[{""tipo"": ""Cuentas Corrientes y depósitos bancarios"", ""saldo"": 14939.27, ""fecha"": ""12/08/2023""}]",[],[],[],[],[],[],,201,fotos_diputados\deputy_201.jpg,Logo_partidos\deputy_0201.jpg,hemiciclo\hemi_0201_2308.gif,jorge-pueyo-sanz,124863.62
deputy_202_assets_000221_000_e_0000937_20230810.json,Rafael Hernando Fraile,Divorciado,,23 de Julio de 2023,9 de Agosto de 2023,Diputado,Almería,,,,,[],[],[],[],29290.97,"[{""clase"": ""Vivienda"", ""situacion"": ""Madrid"", ""fecha_adquisicion"": ""2009"", ""derecho"": ""Pleno dominio 100%"", ""titulo_adquisicion"": ""COMPRAVENTA""}, {""clase"": ""Vivienda"", ""situacion"": ""Guadalajara"", ""fecha_adquisicion"": ""2015"", ""derecho"": ""Herencia 10% nuda propiedad"", ""titulo_adquisicion"": null}]",[],[],"[{""tipo"": ""Cuentas corrientes"", ""saldo"": ""73.837,04""}]","[{""descripcion"": ""Acciones BBVA"", ""valor"": ""9.888,17""}]",[],[],"[{""fecha_adquisicion"": ""1.997"", ""descripcion"": ""AUDI 4 1.8T""}, {""fecha_adquisicion"": ""2.009"", ""descripcion"": ""VW GOLF 6 GTD""}]","[{""descripcion"": ""PLANES DE PENSIONES Y MUTUALIDAD DE LA ABOGACIA"", ""valor"": ""196.472,26""}]","[{""descripcion"": ""PRESTAMO HIPOTECARIO BBVA"", ""fecha_concesion"": ""2.009"", ""importe_concedido"": ""200.000,00"", ""saldo_pendiente"": ""48.501,33""}, {""descripcion"": ""PENSIÓN DE ALIMENTOS (15.600€ ANUALES)"", ""fecha_concesion"": null, ""importe_concedido"": null, ""saldo_pendiente"": null}, {""descripcion"": ""VIVIENDA EN ALQUILER EN ALMERÍA (10.710€ ANUALES)"", ""fecha_concesion"": null, ""importe_concedido"": null, ""saldo_pendiente"": null}]",,202,fotos_diputados\deputy_202.jpg,Logo_partidos\deputy_0202.jpg,hemiciclo\hemi_0202_3407.gif,rafael-hernando-fraile,
deputy_203_assets_000191_000_e_0000814_20230809.json,LOURDES MENDEZ MONASTERIO,CASADA,SEPARACION DE BIENES,23 DE JULIO DE 2023,9 DE AGOSTO DE 2023,Diputado,MURCIA,,,https://twitter.com/LourdesMndezM1,,[],[],[],"[{""concepto"": ""ALQUILER LOCAL"", ""euros"": 2255}]",16808.0,"[{""clase"": ""VIVIENDA"", ""situacion"": ""MURCIA"", ""fecha_adquisicion"": ""2003"", ""derecho"": ""COMPRA VENTA 50%""}, {""clase"": ""PLAZA GARAJE"", ""situacion"": ""MURCIA"", ""fecha_adquisicion"": ""2003"", ""derecho"": ""COMPRA VENTA""}, {""clase"": ""LOCAL 20 M2"", ""situacion"": ""SAN JAVIER"", ""fecha_adquisicion"": ""1985"", ""derecho"": ""COMPRA VENTA""}, {""clase"": ""VIVIENDA"", ""situacion"": ""MADRID"", ""fecha_adquisicion"": ""2010"", ""derecho"": ""COMPRA VENTA 50%""}]",[],[],"[{""tipo"": ""CUENTA CORRIENTE"", ""saldo"": 3000}]","[{""descripcion"": ""FONDO DE INVERSION"", ""valor"": 26000}]","[{""descripcion"": ""ACCIONES"", ""valor"": 130000}]",[],"[{""fecha_adquisicion"": ""2007"", ""descripcion"": ""PEUGEOT 207""}]","[{""descripcion"": ""PLANES DE PENSIONES"", ""valor"": 65500}]","[{""descripcion"": ""HIPOTECA VIVIENDA 50%"", ""fecha_concesion"": ""2010"", ""importe_concedido"": 287500, ""saldo_pendiente"": 153885}]",,203,fotos_diputados\deputy_203.jpg,Logo_partidos\deputy_0203.jpg,hemiciclo\hemi_0203_2610.gif,lourdes-mendez-monasterio,91261.66
deputy_204_assets_000190_000_e_0000813_20230809.json,MARIA SANDRA MONEO DIEZ,CASADA,SEPARACION DE BIENES,23 DE JULIO DE 2023,9 DE AGOSTO DE 2023,Diputado,,,,https://twitter.com/DiezMoneo,,[],[],[],"[{""concepto"": ""PORTAVOZ ADJUNTO GPP"", ""euros"": 37687.19}]",27855.98,"[{""descripcion"": ""50% de vivienda con plaza de garage"", ""situacion"": ""MADRID"", ""fecha_adquisicion"": ""03/09/2002"", ""derecho_sobre_el_bien"": ""PLENO DOMINIO"", ""titulo_adquisicion"": ""COMPRAVENTA""}]",[],[],"[{""saldo"": 9240.21}]",[],[],[],"[{""fecha_adquisicion"": ""2023"", ""descripcion"": ""50% FORD KUGA.CILINDRADA 2488 CC. HIBRIDO ENCHUFABLE""}]",[],"[{""descripcion"": ""50% DE PRESTAMO HIPOTECARIO CONCEDIDO POR CAJA BURGOS"", ""fecha_concesion"": ""03/09/2002"", ""importe_concedido"": 255000, ""saldo_pendiente"": 51077.83}, {""descripcion"": ""33,3% DE PRESTAMO HIPOTECARIO CONCEDIDO POR CAJA CIRCULO"", ""fecha_concesion"": ""11/03/2005"", ""importe_concedido"": 84500, ""saldo_pendiente"": 27291.4}, {""descripcion"": ""PRESTAMO PERSONAL CONCEDIDO POR IBERCAJA"", ""fecha_concesion"": ""25/07/2016"", ""importe_concedido"": 36000, ""saldo_pendiente"": 13938.43}]",,204,fotos_diputados\deputy_204.jpg,Logo_partidos\deputy_0204.jpg,hemiciclo\hemi_0204_3517.gif,maria-sandra-moneo-diez,97457.92
deputy_205_assets_000194_000_e_0000834_20230809.json,Javier De Andrés Guerra,Casado,Gananciales,23 de julio de 2023,9 de agosto de 2023,Diputado,,,,,,"[{""concepto"": ""Como trabajador autónomo"", ""euros"": 24751.0}]",[],[],[],,"[{""clase_y_caracteristicas"": ""Vivienda en Vitoria"", ""situacion"": ""Álava"", ""fecha_adquisicion"": ""30 de enero de 2019"", ""derecho_sobre_el_bien"": ""100% de la propiedad"", ""titulo_adquisicion"": ""Herencia y compra-venta""}, {""clase_y_caracteristicas"": ""Vivienda en Miranda de Ebro"", ""situacion"": ""Burgos"", ""fecha_adquisicion"": ""20 de febrero de 2023"", ""derecho_sobre_el_bien"": ""50% de la propiedad"", ""titulo_adquisicion"": ""Compraventa""}]","[{""clase_y_caracteristicas"": ""Finca Rústica en Zambrana"", ""situacion"": ""Álava"", ""fecha_adquisicion"": ""26 de diciembre de 2008"", ""derecho_sobre_el_bien"": ""1/8 Propiedad heredada"", ""titulo_adquisicion"": ""Herencia""}, {""clase_y_caracteristicas"": ""Finca rústica en Zambrana"", ""situacion"": ""Álava"", ""fecha_adquisicion"": ""26 de diciembre de 2008"", ""derecho_sobre_el_bien"": ""1/8 Propiedad heredada"", ""titulo_adquisicion"": ""Herencia""}, {""clase_y_caracteristicas"": ""Finca rústica en Zambrana"", ""situacion"": ""Álava"", ""fecha_adquisicion"": ""26 de diciembre de 2008"", ""derecho_sobre_el_bien"": ""1/8 Propiedad heredada"", ""titulo_adquisicion"": ""Herencia""}]","[{""clase_y_caracteristicas"": ""Vivienda en Miranda de Ebro"", ""situacion"": ""Propiedad"", ""fecha_adquisicion"": ""26 de mayo de 2023"", ""derecho_sobre_el_bien"": ""100%"", ""titulo_adquisicion"": ""Compraventa""}]","[{""tipo"": ""Cuentas de ahorro"", ""saldo"": 32607.0}]",[],"[{""descripcion"": ""100% de Infoycom Smart S.L.U."", ""valor"": 3000.0}]",[],"[{""fecha_adquisicion"": ""22 de octubre de 2013"", ""descripcion"": ""Vehículo Jaguar S-Type""}, {""fecha_adquisicion"": ""21 de julio de 2017"", ""descripcion"": ""Vehículo Jaguar XF""}]",[],"[{""descripcion"": ""Préstamo personal de Kutxabank"", ""fecha_concesion"": ""22-5-2020"", ""importe_concedido"": 6000.0, ""saldo_pendiente"": 2234.99}, {""descripcion"": ""Préstamo hipotecario Calxabank"", ""fecha_concesion"": ""30.01-2019"", ""importe_concedido"": 60000.0, ""saldo_pendiente"": 42827.41}]",,205,fotos_diputados\deputy_205.jpg,Logo_partidos\deputy_0205.jpg,,javier-andres-guerra,
deputy_205_assets_000194_002_e_0017892_20240320.json,Javier De Andrés Guerra,Casado,Gananciales,23 de julio de 2023,9 de agosto de 20023,Diputado,,,,,,[],[],[],[],10118.48,"[{""clase_y_caracteristicas"": ""Vivienda en Viloria"", ""situacion"": ""Alava"", ""fecha_adquisicion"": ""30 de enero de 2019"", ""derecho_sobre_el_bien"": ""100% de la propiedad"", ""titulo_adquisicion"": ""Herencia y compraventa""}, {""clase_y_caracteristicas"": ""Vivienda en Miranda de Ebro"", ""situacion"": ""Burgos"", ""fecha_adquisicion"": ""20 de febrero de 2023"", ""derecho_sobre_el_bien"": ""50% de la propiedad"", ""titulo_adquisicion"": ""Compraventa""}]","[{""clase_y_caracteristicas"": ""Finca rústica en Zambrana"", ""situacion"": ""Alava"", ""fecha_adquisicion"": ""26 de diciembre de 2008"", ""derecho_sobre_el_bien"": ""1/8 propiedad"", ""titulo_adquisicion"": ""heredada""}, {""clase_y_caracteristicas"": ""Finca rústica en Zambrana"", ""situacion"": ""Alava"", ""fecha_adquisicion"": ""26 de diciembre de 2008"", ""derecho_sobre_el_bien"": ""1/8 propiedad"", ""titulo_adquisicion"": ""heredada""}, {""clase_y_caracteristicas"": ""Finca rústica en Miranda de Ebro"", ""situacion"": ""Alava"", ""fecha_adquisicion"": ""26 de diciembre de 2008"", ""derecho_sobre_el_bien"": ""1/8 propiedad"", ""titulo_adquisicion"": ""heredada""}]","[{""clase_y_caracteristicas"": ""Vivienda en Miranda de Ebro"", ""situacion"": ""Propiedad"", ""fecha_adquisicion"": ""26 de mayo de 2023"", ""derecho_sobre_el_bien"": ""100%"", ""titulo_adquisicion"": ""compraventa""}]","[{""tipo"": ""Cuentas de ahorro"", ""saldo"": 10900}]",[],"[{""descripcion"": ""100% de Infoycom Smart S.L."", ""valor"": 3000}]",[],"[{""fecha_adquisicion"": ""22 de octubre de 2013"", ""descripcion"": ""Vehículo Jaguar S-Type""}, {""fecha_adquisicion"": ""21 de julio de 2017"", ""descripcion"": ""Vehículo Jaguar XF""}]",[],"[{""prestamo"": ""Préstamo personal de Kubzabank"", ""fecha_concesion"": ""22-5-2020"", ""importe_concedido"": 6000, ""saldo_pendiente"": 1528.34}, {""prestamo"": ""Préstamo hipotecario de Calxabank"", ""fecha_concesion"": ""30-01-2019"", ""importe_concedido"": 60000, ""saldo_pendiente"": 40868.63}]",,205,fotos_diputados\deputy_205.jpg,Logo_partidos\deputy_0205.jpg,,javier-andres-guerra,
deputy_206_assets_000196_000_e_0000837_20230809.json,MIGUEL ÁNGEL SASTRE UYÁ,SOLTERO,,23 de Julio de 2023,9 de Agosto de 2023,Diputado,CÁDIZ,https://www.facebook.com/miguelangel.sastreuya,https://www.instagram.com/miguelsastreuya/,https://twitter.com/miguelsastreuya,,"[{""procedencia"": ""Ayuntamiento de Madrid"", ""concepto"": ""Retribución como personal eventual"", ""euros"": 61169.5}]",[],[],[],14912.09,"[{""clase"": ""PISO"", ""situacion"": ""MADRID"", ""fecha_adquisicion"": ""MARZO 2022"", ""derecho"": ""100% PLENO DOMINIO"", ""titulo"": ""COMPRAVENTA""}, {""clase"": ""PISO"", ""situacion"": ""CÁDIZ"", ""fecha_adquisicion"": ""ENERO 2005"", ""derecho"": ""100% NUDA PROPIEDAD"", ""titulo"": ""HERENCIA""}]",[],[],"[{""tipo"": ""CUENTAS CORRIENTES/DEPÓSITO DE CUSTODIA"", ""saldo"": 15889}]",[],[],[],[],[],"[{""descripcion"": ""PRESTAMO HIPOTECARIO ADQUISICIÓN VIVIENDA"", ""fecha_concesion"": ""22/03/2022"", ""importe_concedido"": 199500, ""saldo_pendiente"": 192186}]",,206,fotos_diputados\deputy_206.jpg,Logo_partidos\deputy_0206.jpg,hemiciclo\hemi_0206_3703.gif,miguel-angel-sastre-uya,91261.66
deputy_207_assets_000195_000_e_0000836_20230809.json,JORGE CAMPOS ASENSI,CASADO,SEPARACIÓN DE BIENES,23/07/23,09/08/23,Diputado,BALEARES,,,https://twitter.com/jcamposasensi,,"[{""procedencia"": ""DIPUTADO PORTAVOZ AUTONÓMICO PARLAMENTO BALEAR"", ""concepto"": ""Percepciones netas de tipo salarial, sueldos, honorarios, aranceles y otras retribuciones"", ""euros"": 47002.48}]",[],[],[],24600.89,"[{""clase_y_caracteristicas"": ""PISO. 140m2"", ""situacion"": ""BALEARES"", ""fecha_adquisicion"": ""26/11/17"", ""derecho_sobre_el_bien"": ""PLENO DOMINIO"", ""titulo_adquisicion"": ""HERENCIA Y DONACIÓN""}]",[],[],"[{""tipo"": ""CUENTA DE AHORRO"", ""saldo"": 10000}]",[],[],[],"[{""fecha_adquisicion"": ""27/12/2007"", ""descripcion"": ""VEHÍCULO TOYOTA LAND CRUISER""}]",[],"[{""descripcion"": ""PRESTAMO HIPOTECARIO"", ""fecha_concesion"": ""18/11/19"", ""importe_concedido"": 100000, ""saldo_pendiente"": 90164.43}]",,207,fotos_diputados\deputy_207.jpg,Logo_partidos\deputy_0207.jpg,hemiciclo\hemi_0207_2605.gif,jorge-campos-asensi,91261.66
deputy_208_assets_000193_000_e_0000833_20230809.json,ENRIQUE BELDA PÉREZ-PEDRERO,CASADO,SEPARACIÓN DE BIENES,23/7/2023,9/8/2023,Senador,CIUDAD REAL,,,,,"[{""concepto"": ""CATEDRÁTICO DE DERECHO CONSTITUCIONAL UCLM E INGRESOS COMPUTADOS A LOS MISMOS EFECTOS EN IRPF (P.E. DERECHOS DE AUTOR, ASISTENCIA A ÓRGANOS ETC)"", ""euros"": 95858.61}]",[],[],"[{""concepto"": ""SEGURFONDO DINÁMICO CON NATIONALE NEEDERLANDER Y SIMIL"", ""euros"": 17900}, {""concepto"": ""PLAN DE AHORRO SEGUROS ESPAÑA S.A ACUMULADO DESDE 2013"", ""euros"": 70370}, {""concepto"": ""FONDO RURAL GESCOOPERATIVO GLOBALCAJA"", ""euros"": 32920}]",25764.12,"[{""clase_y_caracteristicas"": ""PARTE DE PISO (8 POR CIENTO) HERENCIA PATERNA 2013"", ""situacion"": ""CIUDAD REAL"", ""fecha_adquisicion"": ""2014"", ""derecho_sobre_el_bien"": ""8 POR CIENTO EN PLENO DOMINIO. TRANS. MORTIS CAUSA""}]","[{""clase_y_caracteristicas"": ""CASA. VIVIENDA HABITUAL GRABADA CON HIPOTECA"", ""situacion"": ""CIUDAD REAL"", ""fecha_adquisicion"": ""2004"", ""derecho_sobre_el_bien"": ""PROPIEDAD. COMPRA VENTA""}]",[],"[{""descripcion"": ""DEPÓSITOS Y AHORRO A LA VISTA EN BBVA Y GLOBALCAJA"", ""saldo"": 31562}]",[],[],[],"[{""fecha_adquisicion"": ""27 JULIO 2023"", ""descripcion"": ""BMW X1 EN PLAN SELECT DE PAGO MENSUAL""}]",[],"[{""prestamos"": ""HIPOTECA SOBRE VIVIENDA HABITUAL"", ""fecha_concesion"": ""2004"", ""importe_concedido"": 300000, ""saldo_pendiente"": 32852}]",,208,fotos_diputados\deputy_208.jpg,Logo_partidos\deputy_0208.jpg,hemiciclo\hemi_0208_3817.gif,enrique-belda-perez-pedrero,91261.66
deputy_209_assets_000197_000_e_0000842_20230809.json,ELIAS BENDODO BENASAYAG,CASADO,SEPARACIÓN DE BIENES,23 de julio de 2023,9 de agosto del 2023,Diputado,MÁLAGA,https://www.facebook.com/eliasbendodo,https://instagram.com/eliasbendodo,https://twitter.com/eliasbendodo,,"[{""concepto"": ""PERCEPCIONES CORRESPONDIENTES A SENADO XIV LEGISLATURA"", ""euros"": ""14.500,00 € (neto)""}]","[{""concepto"": ""PARTIDO POPULAR, GASTOS DE REPRESENTACIÓN"", ""euros"": null}]",[],[],38755.04,"[{""clase"": ""PISO VIVIENDA"", ""situacion"": ""MÁLAGA"", ""fecha_adquisicion"": ""2006"", ""derecho"": ""GANANCIALES"", ""titulo"": ""COMPRAVENTA""}, {""clase"": ""PISO VIVIENDA"", ""situacion"": ""MÁLAGA"", ""fecha_adquisicion"": ""2000"", ""derecho"": ""GANANCIALES"", ""titulo"": ""COMPRAVENTA""}, {""clase"": ""PISO VIVIENDA"", ""situacion"": ""MÁLAGA"", ""fecha_adquisicion"": ""2013"", ""derecho"": ""PLENO DOMINIO"", ""titulo"": ""COMPRAVENTA""}, {""clase"": ""PISO VIVIENDA"", ""situacion"": ""MÁLAGA"", ""fecha_adquisicion"": ""2016"", ""derecho"": ""PLENO DOMINIO"", ""titulo"": ""COMPRAVENTA""}, {""clase"": ""PARCELA"", ""situacion"": ""MÁLAGA"", ""fecha_adquisicion"": ""2018"", ""derecho"": ""PLENO DOMINIO"", ""titulo"": ""COMPRAVENTA""}, {""clase"": ""PLAZAS DE GARAJE"", ""situacion"": ""MÁLAGA"", ""fecha_adquisicion"": ""2006, 2022"", ""derecho"": ""PLENO DOMINIO"", ""titulo"": ""COMPRAVENTA""}]",[],[],"[{""tipo"": ""CUENTAS CORRIENTES"", ""saldo"": ""24.277,22 €""}]",[],[],[],"[{""fecha_adquisicion"": ""2018"", ""descripcion"": ""BMW DT AU 4 P""}, {""fecha_adquisicion"": ""2017"", ""descripcion"": ""MOTO HD AÑO 2006""}, {""fecha_adquisicion"": ""2022"", ""descripcion"": ""MINI SEGUNDA MANO""}]",[],"[{""descripcion"": ""HIPOTECA CAIXA 100%"", ""fecha_concesion"": ""23/12/2013"", ""importe_concedido"": ""140.000€"", ""saldo_pendiente"": ""102.063,78€""}, {""descripcion"": ""HIPOTECA UNICAJA 100%"", ""fecha_concesion"": ""26/09/2018"", ""importe_concedido"": ""66.550,00€"", ""saldo_pendiente"": ""58.479,00€""}, {""descripcion"": ""HIPOTECA UNICAJA 100%"", ""fecha_concesion"": ""03/03/2017"", ""importe_concedido"": ""97.000,00€"", ""saldo_pendiente"": ""81.065,50€""}, {""descripcion"": ""HIPOTECA CAJAMAR 50%"", ""fecha_concesion"": ""22/06/2007"", ""importe_concedido"": ""325.000,00€"", ""saldo_pendiente"": ""167.068,82€""}]",,209,fotos_diputados\deputy_209.jpg,Logo_partidos\deputy_0209.jpg,hemiciclo\hemi_0209_3311.gif,elias-bendodo-benasayag,91261.66
deputy_210_assets_000200_000_e_0000856_20230809.json,Julia Parra Aparicio,soltera,,23 julio 2023,9 agosto 2023,Diputado,,,,https://twitter.com/JuliaParra73,,"[{""concepto"": ""sueldo más retribuciones"", ""euros"": 95956}]",[],[],[],30564.75,[],[],[],"[{""tipo"": ""cuenta corriente"", ""saldo"": 3000}]",[],[],[],"[{""fecha_adquisicion"": ""2019"", ""descripcion"": ""jeep renegade""}]",[],[],,210,fotos_diputados\deputy_210.jpg,Logo_partidos\deputy_0210.jpg,hemiciclo\hemi_0210_2809.gif,julia-parra-aparicio,85645.7
deputy_211_assets_000198_000_e_0000849_20230809.json,Joaquin Melgarejo Moreno,Casado,Gananciales,23 de julio de 2023,9 de agosto de 2023,Diputado,,,,,,"[{""concepto"": ""Salario como catedrático de la Universidad de Alicante (Rendimiento neto del trabajo)"", ""euros"": 133545.4}]",[],[],[],52352.23,"[{""clase_y_caracteristicas"": ""Piso y garaje"", ""situacion"": ""Alicante"", ""fecha_adquisicion"": ""1994"", ""derecho_sobre_el_bien"": ""Ganancial 50%"", ""titulo_adquisicion"": ""Compraventa""}, {""clase_y_caracteristicas"": ""Piso y garaje"", ""situacion"": ""Alicante"", ""fecha_adquisicion"": ""2002"", ""derecho_sobre_el_bien"": ""Ganancial 50%"", ""titulo_adquisicion"": ""Compraventa""}, {""clase_y_caracteristicas"": ""Piso y garaje"", ""situacion"": ""Alicante"", ""fecha_adquisicion"": ""2022"", ""derecho_sobre_el_bien"": ""Ganancial 50%"", ""titulo_adquisicion"": ""Compraventa""}, {""clase_y_caracteristicas"": ""Garaje"", ""situacion"": ""Alicante"", ""fecha_adquisicion"": ""2012"", ""derecho_sobre_el_bien"": ""Ganancial 50%"", ""titulo_adquisicion"": ""Compraventa""}, {""clase_y_caracteristicas"": ""Vivienda"", ""situacion"": ""Murcia"", ""fecha_adquisicion"": ""2001/2023"", ""derecho_sobre_el_bien"": ""25% herencia y 25% gananciales"", ""titulo_adquisicion"": ""Compraventa (2023)""}]","[{""clase_y_caracteristicas"": ""Parcela rústica secano 5ha"", ""situacion"": ""Murcia"", ""fecha_adquisicion"": ""2001"", ""derecho_sobre_el_bien"": ""Ganancial 50%"", ""titulo_adquisicion"": ""Compraventa""}, {""clase_y_caracteristicas"": ""4 pequeñas parcelas (750m, 180m, 65m y 900m)"", ""situacion"": ""Murcia"", ""fecha_adquisicion"": ""2001"", ""derecho_sobre_el_bien"": ""Pleno dominio"", ""titulo_adquisicion"": ""Herencia""}]",[],"[{""descripcion"": ""Cuenta corriente: 14.420,37 (dos titulares, gananciales 50%) Caixabank"", ""saldo"": 19001.64, ""fecha"": ""8/08/2023""}, {""descripcion"": ""Cuenta corriente: 4.581,27 (dos titulares, gananciales 50%) Sabadell"", ""saldo"": 19001.64, ""fecha"": ""8/08/2023""}]",[],[],[],"[{""fecha_adquisicion"": ""2018"", ""descripcion"": ""Audi Q5""}]","[{""descripcion"": ""Plan de pensiones (Caixabank)"", ""valor"": 42320.37}]","[{""descripcion"": ""Préstamo hipotecario, Caixabank"", ""fecha_concesion"": ""2022"", ""importe_concedido"": 115000, ""saldo_pendiente"": 19573.59}]",,211,fotos_diputados\deputy_211.jpg,Logo_partidos\deputy_0211.jpg,hemiciclo\hemi_0211_3716.gif,joaquin-melgarejo-moreno,91261.66
deputy_212_assets_000202_000_e_0000859_20230809.json,SANDRA PASCUAL ROCAMORA,SOLTERA,,23/07/2023,09/08/2023,Diputado,ALICANTE,,,https://twitter.com/sandrapascual_,,"[{""concepto"": ""SUELDO"", ""euros"": ""25.551,98""}]",[],"[{""concepto"": null, ""euros"": ""52,72""}]",[],3487.79,[],[],[],"[{""tipo"": ""SALDO EN CUENTAS CORRIENTES O DE AHORRO"", ""saldo"": ""2952,03""}]",[],[],[],"[{""fecha_adquisicion"": ""12/11/2021"", ""descripcion"": ""VOLKSWAGEN GOLF""}]","[{""tipo"": ""PLAN DE PENSIONES"", ""valor"": ""1.632,40""}, {""tipo"": ""FONDOS DE INVERSIÓN"", ""valor"": ""711,45""}]","[{""descripcion"": ""PRESTAMO PERSONAL"", ""fecha_concesion"": ""12/11/2021"", ""importe_concedido"": ""17.151,75"", ""saldo_pendiente"": ""8.762,68""}, {""descripcion"": ""PRESTAMO PERSONAL"", ""fecha_concesion"": ""04/11/2021"", ""importe_concedido"": ""2.000"", ""saldo_pendiente"": ""854,30""}]",,212,fotos_diputados\deputy_212.jpg,Logo_partidos\deputy_0212.jpg,hemiciclo\hemi_0212_2821.gif,sandra-pascual-rocamora,85645.7
deputy_212_assets_000202_001_e_0054646_20250129.json,SANDRA PASCUAL ROCAMORA,SOLTERA,,23/07/2023,09/08/2023,Diputado,,,,https://twitter.com/sandrapascual_,,[],[],[],[],,"[{""clase_y_caracteristicas"": ""PISO"", ""situacion"": ""ALICANTE"", ""fecha_adquisicion"": ""27/12/2024"", ""derecho_sobre_el_bien"": ""PLENO DOMINIO"", ""titulo_adquisicion"": ""COMPRAVENTA""}]",[],[],[],[],[],[],[],[],"[{""descripcion_y_acreedor"": ""HIPOTECARIO - BANKINTER"", ""fecha_concesion"": ""27/12/2024"", ""importe_concedido"": 160000, ""saldo_pendiente"": 160000}]",,212,fotos_diputados\deputy_212.jpg,Logo_partidos\deputy_0212.jpg,hemiciclo\hemi_0212_2821.gif,sandra-pascual-rocamora,85645.7
deputy_213_assets_000201_000_e_0000858_20230809.json,ANA MARIA MARTINEZ LABELLA,CASADA,BIENES GANANCIALES,23/07/2023,09/08/2023,Diputado,ALMERIA,,,,,"[{""concepto"": ""SUELDO"", ""euros"": 76787.88}]",[],[],[],11317.12,"[{""clase_y_caracteristicas"": ""VIVIENDA"", ""situacion"": ""ALMERIA"", ""fecha_adquisicion"": ""2000"", ""derecho_sobre_el_bien"": ""COPROPIEDAD 50%"", ""titulo_adquisicion"": ""COMPRAVENTA""}, {""clase_y_caracteristicas"": ""VIVIENDA"", ""situacion"": ""ALMERIA"", ""fecha_adquisicion"": ""2004"", ""derecho_sobre_el_bien"": ""NUDA PROPIEDAD"", ""titulo_adquisicion"": ""HERENCIA""}, {""clase_y_caracteristicas"": ""LOCAL"", ""situacion"": ""ALMERIA"", ""fecha_adquisicion"": ""2000"", ""derecho_sobre_el_bien"": ""COPROPIEDAD 50%"", ""titulo_adquisicion"": ""COMPRAVENTA""}]",[],[],"[{""tipo"": ""CUENTA CORRIENTE"", ""saldo"": 2500}]",[],[],[],"[{""fecha_adquisicion"": ""2016"", ""descripcion"": ""MERCEDES GLC 250 d4matic""}]",[],"[{""prestamo"": ""PRESTAMO HIPOTECARIO"", ""fecha_concesion"": ""2003"", ""importe_concedido"": 197000, ""saldo_pendiente"": 64286}]",,213,fotos_diputados\deputy_213.jpg,Logo_partidos\deputy_0213.jpg,hemiciclo\hemi_0213_3811.gif,ana-maria-martinez-labella,
deputy_214_assets_000199_000_e_0000855_20230809.json,TOMAS FERNANDEZ RIOS,DIVORCIADO,,23/JULIO/2023,09/08/2023,Diputado,HUELVA,,,https://twitter.com/tom_fdez,,[],[],[],[],32728.31,"[{""clase"": ""VIVIENDA"", ""situacion"": ""MADRID"", ""fecha_adquisicion"": ""2003"", ""derecho"": ""PLENO DOMINIO COMPRAVENTA""}, {""clase"": ""VIVIENDA"", ""situacion"": ""MADRID"", ""fecha_adquisicion"": ""2004"", ""derecho"": ""33% PLENO DOMINIO COMPRAVENTA""}, {""clase"": ""LOFT"", ""situacion"": ""MADRID"", ""fecha_adquisicion"": ""2022"", ""derecho"": ""PLENO DOMINIO COMPRAVENTA""}]",[],[],"[{""saldo"": 5000}]","[{""descripcion"": ""PLAN PIAS"", ""valor"": 44500}]","[{""descripcion"": ""MULTIFONDOS"", ""valor"": 38000}, {""descripcion"": ""FONDO PENSIONES"", ""valor"": 8000}]",[],"[{""fecha_adquisicion"": ""2023"", ""descripcion"": ""AUNDI A4 AÑO 2019""}]",[],"[{""descripcion"": ""HIPOTECA ABIERTA"", ""fecha_concesion"": ""2022"", ""importe_concedido"": 105000, ""saldo_pendiente"": 94000}]",,214,fotos_diputados\deputy_214.jpg,Logo_partidos\deputy_0214.jpg,hemiciclo\hemi_0214_2706.gif,tomas-fernandez-rios,91261.66
deputy_215_assets_000205_000_e_0000869_20230809.json,CARMEN NAVARRO LACOBA,CASADA,SEPARACION DE BIENES,23-JULIO-2023,9-AGOSTO-2023,Diputado,ALBACETE,,,https://twitter.com/CnLacoba,,"[{""concepto"": ""COMPLEMENTO POR ANTIGÜEDAD"", ""euros"": 2058}]",[],[],"[{""concepto"": ""GASTOS DE REPRESENTACION COMO VICESECRETARIA PP"", ""euros"": 19880}]",31218.1,"[{""clase"": ""VIVIENDA HABITUAL"", ""situacion"": ""ALBACETE"", ""fecha_adquisicion"": ""2010"", ""derecho"": ""50% PLENO DOMINIO"", ""titulo"": ""COMPRAVENTA""}, {""clase"": ""2 VIVIENDAS Y 3 PLAZAS DE GARAJE"", ""situacion"": ""ALBACETE"", ""fecha_adquisicion"": ""2018"", ""derecho"": ""20% PLENO DOMINIO"", ""titulo"": ""HERENCIA""}, {""clase"": ""1 VIVIENDA Y 1 PLAZA DE GARAJE"", ""situacion"": ""MURCIA"", ""fecha_adquisicion"": ""2018"", ""derecho"": ""20% PLENO DOMINIO"", ""titulo"": ""HERENCIA""}, {""clase"": ""APARTAMENTO"", ""situacion"": ""MADRID"", ""fecha_adquisicion"": ""2021"", ""derecho"": ""100% PLENO DOMINIO"", ""titulo"": ""COMPRAVENTA""}]",[],[],"[{""tipo"": ""CUENTAS CORRIENTES"", ""saldo"": 45000}]",[],[],[],"[{""fecha_adquisicion"": ""2021"", ""descripcion"": ""BMWX3""}]",[],"[{""prestamo"": ""HIPOTECARIO"", ""fecha_concesion"": ""2010"", ""importe_concedido"": 330000, ""saldo_pendiente"": 180000}, {""prestamo"": ""HIPOTECARIO"", ""fecha_concesion"": ""2021"", ""importe_concedido"": 200000, ""saldo_pendiente"": 180000}]",,215,fotos_diputados\deputy_215.jpg,Logo_partidos\deputy_0215.jpg,hemiciclo\hemi_0215_9.gif,carmen-navarro-lacoba,125006.98
deputy_216_assets_000203_000_e_0000864_20230809.json,MACARENA MONTESINOS DE MIGUEL,CASADA,SEPARACIÓN DE BIENES,23 DE JULIO 2023,9 DE AGOSTO 2023,Diputado,ALICANTE,,,https://twitter.com/MackMontesinos,,[],[],[],[],33027.49,"[{""clase_y_caracteristicas"": ""VIVIENDA CON PLAZA DE APARCAMIENTO Y TRASTERO"", ""situacion"": ""ALICANTE"", ""fecha_adquisicion"": ""2001"", ""derecho_sobre_el_bien"": ""50% COMPRA""}, {""clase_y_caracteristicas"": ""PLAZA DE APARCAMIENTO"", ""situacion"": ""ALICANTE"", ""fecha_adquisicion"": ""2002"", ""derecho_sobre_el_bien"": ""50% COMPRA""}, {""clase_y_caracteristicas"": ""VIVIENDA CON PLAZA DE APARCAMIENTO"", ""situacion"": ""EL CAMPELLO"", ""fecha_adquisicion"": ""2014"", ""derecho_sobre_el_bien"": ""25% HERENCIA""}, {""clase_y_caracteristicas"": ""PLAZA DE APARCAMIENTO CON TRASTERO"", ""situacion"": ""ALICANTE"", ""fecha_adquisicion"": ""2014"", ""derecho_sobre_el_bien"": ""25% HERENCIA""}]",[],[],"[{""tipo"": ""FONDO DE INVERSIÓN Y CUENTA CORRIENTE"", ""saldo"": 43238.51}]",[],[],[],"[{""fecha_adquisicion"": ""2003"", ""descripcion"": ""AUDI A4 1.9TDI""}]","[{""tipo"": ""PLANES DE JUBILACIÓN"", ""valor"": 167405.58}, {""tipo"": ""PLANES DE PENSIONES"", ""valor"": 35390.0}]","[{""descripcion"": ""PRESTAMO HIPOTECARIO 50% BANCO DE SABADELL"", ""fecha_concesion"": ""21/09/2001"", ""importe_concedido"": 183000.0, ""saldo_pendiente"": 61735.41}]",,216,fotos_diputados\deputy_216.jpg,Logo_partidos\deputy_0216.jpg,hemiciclo\hemi_0216_3207.gif,macarena-montesinos-miguel,
deputy_216_assets_000203_001_e_0049137_20241120.json,MACARENA MONTESINOS DE MIGUEL,CASADA,SEPARACIÓN DE BIENES,23 JULIO 2023,09 AGOSTO 2023,,,,,https://twitter.com/MackMontesinos,,[],[],[],[],,[],[],[],[],[],[],[],"[{""fecha_adquisicion"": ""2024"", ""descripcion"": ""AUDI Q3 45 TFSI COLOR NEGRO""}]",[],[],SE REALIZA ESTA MODIFICACIÓN POR CAMBIO DE VEHICULO.,216,fotos_diputados\deputy_216.jpg,Logo_partidos\deputy_0216.jpg,hemiciclo\hemi_0216_3207.gif,macarena-montesinos-miguel,
deputy_217_assets_000204_000_e_0000866_20230809.json,CÉSAR SÁNCHEZ PÉREZ,SOLTERO,SOLTERO,23 JULIO DE 2023,9 DE AGOSTO DE 2023,Diputado,ALICANTE,,https://www.instagram.com/sanchezcesar/,https://twitter.com/sanchezcesar,,[],[],[],[],15513.92,"[{""clase_y_caracteristicas"": ""PISO EN CALPE"", ""situacion"": ""CALPE (ALICANTE)"", ""fecha_adquisicion"": ""2021"", ""derecho_sobre_el_bien"": ""PLENO DERECHO 100%"", ""titulo_adquisicion"": ""COMPRA""}]",[],[],"[{""tipo"": ""CUENTA CORRIENTE"", ""saldo"": ""20.000 EUROS""}]",[],[],[],"[{""fecha_adquisicion"": ""2020"", ""descripcion"": ""BMW X1""}]",[],"[{""descripcion_y_acreedor"": ""PRESTAMO HIPOTECARIO"", ""fecha_concesion"": ""2021"", ""importe_concedido"": ""98,000 EUROS"", ""saldo_pendiente"": ""93,450 EUROS""}]",,217,fotos_diputados\deputy_217.jpg,Logo_partidos\deputy_0217.jpg,hemiciclo\hemi_0217_3715.gif,cesar-sanchez-perez,91261.66
deputy_218_assets_000207_000_e_0000877_20230810.json,CARMEN MARTÍNEZ RAMÍREZ,CASADA,SEPARACIÓN DE BIENES,23 DE JULIO DE 2023,10 DE AGOSTO DE 2023,DIPUTADO,VALENCIA,,https://www.instagram.com/carmenpsoe/,https://twitter.com/carmenpsoe,,"[{""concepto"": ""DIPUTADA CORTS VALENCIANES"", ""euros"": 39600}, {""concepto"": ""ASISTENCIA AYUNTAMIENTO QUART DE POBLET"", ""euros"": 10584}, {""concepto"": ""TRIENIOS MEDICO GENERALITAT VALENCIANA"", ""euros"": 4116}, {""concepto"": ""ASISTENCIA MANCOMUNITAT HORTA SUD Y ENTIDAD METROPOLITANA RESIDUOS"", ""euros"": 1356}]",[],[],[],25723.25,"[{""clase"": ""VIVIENDA"", ""situacion"": ""VALENCIA"", ""fecha_adquisicion"": ""1995"", ""derecho"": ""PLENO DOMINIO POR DONACION""}, {""clase"": ""VIVIENDA"", ""situacion"": ""VALENCIA"", ""fecha_adquisicion"": ""1995"", ""derecho"": ""50% PROPIEDAD PLENO DOMINIO Y DONACION""}, {""clase"": ""VIVIENDA"", ""situacion"": ""VALENCIA"", ""fecha_adquisicion"": ""1995"", ""derecho"": ""50% PROPIEDAD PLENO DOMINIO Y DONACION""}, {""clase"": ""VIVIENDA"", ""situacion"": ""ALICANTE"", ""fecha_adquisicion"": ""1997"", ""derecho"": ""PLENO DOMINIO Y COMPRAVENTA""}, {""clase"": ""PLAZA GARAGE"", ""situacion"": ""VALENCIA"", ""fecha_adquisicion"": ""2018"", ""derecho"": ""50 % PROPIEDAD PLENO DOMINIO Y HERENCIA""}, {""clase"": ""PLAZA GARAGE"", ""situacion"": ""VALENCIA"", ""fecha_adquisicion"": ""2008"", ""derecho"": ""PLENO DOMINIO Y COMPRAVENTA""}]","[{""clase"": ""TERRENO RUSTICO"", ""situacion"": ""VALENCIA"", ""fecha_adquisicion"": ""1995"", ""derecho"": ""50 % PROPIEDAD PLENO DOMINIO Y DONACION""}]",[],"[{""tipo"": ""DEPÓSITO EN CUENTAS CORRIENTES, AHORRO Y PLAN PENSIONES"", ""saldo"": 92132}]","[{""descripcion"": ""DEUDA PUBLICA DEL ESTADO. LETRAS DEL TESORO (50 TITULOS a 981,38)"", ""valor"": 49069.0}]","[{""descripcion"": ""ACCIONES BANCO SABADELL (1110 TITULOS) a 1.1365 cotiz-"", ""valor"": 1261.52}]",[],"[{""fecha_adquisicion"": ""2007"", ""descripcion"": ""MERCEDES BENZ C180""}, {""fecha_adquisicion"": ""2015"", ""descripcion"": ""CITROEN DS4""}]",[],[],NADA,218,fotos_diputados\deputy_218.jpg,Logo_partidos\deputy_0218.jpg,hemiciclo\hemi_0218_1512.gif,carmen-martinez-ramirez,97457.92
deputy_219_assets_000209_000_e_0000880_20230810.json,VICENT SARRIÁ I MORELL,CASADO,GANANCIALES,23/07/2023,10/08/2023,Diputado,VALÉNCIA,,,,,[],[],[],[],14292.03,"[{""clase_y_caracteristicas"": ""VIVIENDA CON GARAJE"", ""situacion"": ""VALÉNCIA"", ""fecha_adquisicion"": ""20/08/2017"", ""derecho_sobre_el_bien"": ""GANANCIALES"", ""titulo_adquisicion"": ""COMPRA""}, {""clase_y_caracteristicas"": ""VIVIENDA"", ""situacion"": ""VALÉNCIA"", ""fecha_adquisicion"": ""11/08/2022"", ""derecho_sobre_el_bien"": ""PLENO DOMINIO"", ""titulo_adquisicion"": ""HERENCIA""}, {""clase_y_caracteristicas"": ""VIVIENDA"", ""situacion"": ""VALÉNCIA"", ""fecha_adquisicion"": ""11/08/2022"", ""derecho_sobre_el_bien"": ""PLENO DOMINIO"", ""titulo_adquisicion"": ""HERENCIA""}, {""clase_y_caracteristicas"": ""VIVIENDA"", ""situacion"": ""TORRENT (VALÉNCIA)"", ""fecha_adquisicion"": ""11/08/2022"", ""derecho_sobre_el_bien"": ""PLENO DOMINIO"", ""titulo_adquisicion"": ""HERENCIA""}]","[{""clase_y_caracteristicas"": ""VIVIENDA"", ""situacion"": ""ONDARA (ALACANT)"", ""fecha_adquisicion"": ""30/12/2014"", ""derecho_sobre_el_bien"": ""PLENO DOMINIO"", ""titulo_adquisicion"": ""HERENCIA""}, {""clase_y_caracteristicas"": ""PARCELA AGRÍCOLA"", ""situacion"": ""ONDARA (ALACANT)"", ""fecha_adquisicion"": ""11/08/2022"", ""derecho_sobre_el_bien"": ""PLENO DOMINIO"", ""titulo_adquisicion"": ""HERENCIA""}]","[{""clase_y_caracteristicas"": ""VIVIENDA PORTERIA (COMUNIDAD PROPIETARIOS)"", ""situacion"": ""VALÉNCIA"", ""fecha_adquisicion"": ""11/08/2022"", ""derecho_sobre_el_bien"": ""PARTICIPACIÓN 5,78%"", ""titulo_adquisicion"": ""HERENCIA""}]","[{""tipo"": ""CUENTAS CORRIENTES VARIAS ENTIDADES"", ""saldo"": 27017.78, ""fecha_referencia"": ""03/08/2023""}]","[{""descripcion"": ""FONDOS DE INVERSIÓN VARIAS ENTIDADES"", ""valor"": 151877.33, ""fecha_referencia"": ""03/08/2023""}, {""descripcion"": ""PLANES DE PENSIONES"", ""valor"": 9453.73}, {""descripcion"": ""79 ACCIONES CAIXABANK"", ""valor"": 290.4}]",[],[],"[{""fecha_adquisicion"": ""21/09/2015"", ""descripcion"": ""NISSAN QASHQAI""}]",[],"[{""descripcion"": ""PRESTAMO HIPOTECARIO CAIXABANK"", ""fecha_concesion"": ""20/09/2017"", ""importe_concedido"": 261600, ""saldo_pendiente"": 206430.73}]",,219,fotos_diputados\deputy_219.jpg,Logo_partidos\deputy_0219.jpg,hemiciclo\hemi_0219_1710.gif,vicent-sarria-i-morell,73477.6
deputy_220_assets_000208_000_e_0000878_20230810.json,MARTA TRENZANO RUBIO,SOLTERA,,23 JULIO 2023,10 AGOSTO 2023,Diputado,VALENCIA,https://www.facebook.com/marta.trenzanorubio.3,https://www.instagram.com/martatrenzano,https://twitter.com/martatrenzano,,"[{""concepto"": ""SUELDO POR ALTO CARGO EN AYUNTAMIENTO DE ALGEMESÍ"", ""euros"": 33500}]",[],[],[],,"[{""clase"": ""PISO"", ""situacion"": ""VALENCIA"", ""fecha_adquisicion"": ""31 JULIO 2020"", ""derecho"": ""PLENO DOMINIO"", ""titulo_adquisicion"": ""COMPRAVENTA""}]",[],[],"[{""tipo"": ""DEPÓSITOS EN CUENTAS CORRIENTES"", ""saldo"": 10233.88, ""fecha"": ""31 DE JULIO 2023""}]",[],[],[],"[{""fecha_adquisicion"": ""28 JUNIO 2012"", ""descripcion"": ""VEHÍCULO AUDI A1 SPORTBACK""}]",[],"[{""descripcion"": ""PRÉSTAMO HIPOTECARIO"", ""fecha_concesion"": ""31 / 07 / 2020"", ""importe_concedido"": 90000, ""saldo_pendiente"": 78670.04}]",,220,fotos_diputados\deputy_220.jpg,Logo_partidos\deputy_0220.jpg,hemiciclo\hemi_0220_1806.gif,marta-trenzano-rubio,91261.66
deputy_221_assets_000214_000_e_0000909_20230810.json,Inés Granollers Cunillera,Casada,Separación de bienes,23/07/23,10/08/23,Diputado,Lleida,https://www.facebook.com/ines.granollers,,https://twitter.com/InesGranollers,,"[{""concepto"": ""Asistencias Plenos Ajuntament de Bellpuig"", ""euros"": 4150}]",[],[],[],15721.08,"[{""clase_y_caracteristicas"": ""vivienda"", ""situacion"": ""Lleida"", ""fecha_adquisicion"": ""13/07/11"", ""derecho_sobre_el_bien"": ""herencia y 3a. parte propiedad""}]","[{""clase_y_caracteristicas"": ""finca rustica"", ""situacion"": ""Lleida"", ""fecha_adquisicion"": ""13/07/11"", ""derecho_sobre_el_bien"": ""Herencia y 3a. parte propiedad""}, {""clase_y_caracteristicas"": ""finca rustica"", ""situacion"": ""Lleida"", ""fecha_adquisicion"": ""21/06/2021"", ""derecho_sobre_el_bien"": ""compra venta y propiedad""}]",[],"[{""tipo"": ""Cuentas corrientes"", ""saldo"": 9300.0}, {""tipo"": ""Plan de prevision"", ""saldo"": 4690.75}, {""tipo"": ""Plan de ahorro"", ""saldo"": 21072.59}]",[],"[{""descripcion"": ""Copisteria tenica, S.A."", ""valor"": 28668.75}, {""descripcion"": ""Abis Serveis i Comunicacio, s.l."", ""valor"": 6434.8}]","[{""descripcion"": ""Copisteria tecnica, S.A."", ""participacion"": ""50%""}, {""descripcion"": ""Abis Serveis i comunicacio, S.L."", ""participacion"": ""50%""}]","[{""fecha_adquisicion"": ""21/01/21"", ""descripcion"": ""vehiculo Honda Jazz""}]",[],"[{""descripcion"": ""prestamo hipotecario"", ""fecha_concesion"": ""28/11/95"", ""importe_concedido"": 51086.03, ""saldo_pendiente"": 15162.91}, {""descripcion"": ""prestamo hipotecario"", ""fecha_concesion"": ""19/05/06"", ""importe_concedido"": 115000, ""saldo_pendiente"": 64483.47}]",,221,fotos_diputados\deputy_221.jpg,Logo_partidos\deputy_0221.jpg,hemiciclo\hemi_0221_2516.gif,ines-granollers-cunillera,97457.92
deputy_222_assets_000211_000_e_0000900_20230810.json,Francesc-Marc Álvaro Vidal,,,,,,,,,,,[],[],[],[],24380.86,"[{""tipo"": ""Piso"", ""situacion"": ""Provincia de Barcelona"", ""fecha_adquisicion"": ""19 de junio de 2009"", ""derecho"": ""Pleno dominio"", ""titulo_adquisicion"": ""Compraventa""}]",[],[],"[{""tipo"": ""Cuentas corrientes"", ""saldo"": 19414}]",[],[],[],[],"[{""descripcion"": ""Renta de alquiler por el piso reseñado"", ""valor"": 1056}, {""descripcion"": ""Plan de pensiones"", ""valor"": 70962}]","[{""descripcion"": ""Prestamo hipotecario"", ""fecha_concesion"": ""19 junio 2009"", ""importe_concedido"": 220231, ""saldo_pendiente"": 70458}, {""descripcion"": ""Prestamo"", ""fecha_concesion"": ""18 abril 2019"", ""importe_concedido"": 25000, ""saldo_pendiente"": 12440}, {""descripcion"": ""Cuenta de crédito ICO"", ""fecha_concesion"": ""21 febrero 2022"", ""importe_concedido"": 25000, ""saldo_pendiente"": null}]",,222,fotos_diputados\deputy_222.jpg,Logo_partidos\deputy_0222.jpg,hemiciclo\hemi_0222_2515.gif,francesc-marc-alvaro-vidal,91261.66
deputy_223_assets_000212_000_e_0000903_20230810.json,VALLUGERA BALAÑÁ PILAR,CASADA,SEPARACIÓN DE BIENES,23 DE JULIO DE 2023,10 DE AGOSTO DE 2023,Diputado,,,,,,"[{""concepto"": ""ENTIDAD AUTÓNOMA DEL DOGC"", ""euros"": 6560}]","[{""concepto"": ""BANCO DE SABADELL, SA"", ""euros"": 1}]",[],[],17926.43,"[{""clase_y_caracteristicas"": ""50% VIVIENDA HABITUAL"", ""situacion"": ""BARCELONA"", ""fecha_adquisicion"": ""17/02/2006"", ""derecho_sobre_el_bien"": ""50% PLENA PROPIEDAD COMPRA CON HIPOTECA""}]",[],[],"[{""saldo"": 8500}]",[],[],[],[],[],"[{""descripcion"": ""hipoteca vivienda habitual - BBVA - 50%"", ""fecha_concesion"": ""17/02/2006"", ""importe_concedido"": 180000, ""saldo_pendiente"": 93052}, {""descripcion"": ""hipoteca vivienda familiar - BBVA - 33%"", ""fecha_concesion"": ""04/10/2006"", ""importe_concedido"": 60000, ""saldo_pendiente"": 30324}, {""descripcion"": ""préstamo personal"", ""fecha_concesion"": ""05/10/2019"", ""importe_concedido"": 10000, ""saldo_pendiente"": 8546}]",,223,fotos_diputados\deputy_223.jpg,Logo_partidos\deputy_0223.jpg,hemiciclo\hemi_0223_2514.gif,vallugera-balana-pilar,
deputy_224_assets_000216_000_e_0000913_20230810.json,Teresa Jordá Roura,Soltera,,23 julio 2023,10 de agosto 2023,Diputado,Barcelona,,,,,"[{""procedencia"": ""Consejera de la Generalitat de Catalunya"", ""concepto"": ""Percepciones netas de tipo salarial, sueldos, honorarios, aranceles y otras retribuciones"", ""euros"": ""113.054'38""}]",[],[],[],38.84977,"[{""clase"": ""Piso"", ""situacion"": ""Ripoll (Girona)"", ""fecha_adquisicion"": ""2007"", ""derecho"": ""Pleno dominio"", ""titulo_adquisicion"": ""Compra/venta""}]",[],[],"[{""tipo"": ""Cuenta corriente"", ""saldo"": ""6.297'68""}, {""tipo"": ""Fondo de inversión"", ""saldo"": ""111.630'12""}]",[],[],[],"[{""fecha_adquisicion"": ""2016"", ""descripcion"": ""Volswagen Golf""}]",[],"[{""descripcion"": ""Hipoteca Banc de Sabadell"", ""fecha_concesion"": ""13/4/2007"", ""importe_concedido"": ""160.000"", ""saldo_pendiente"": ""85.004'09""}]",,224,fotos_diputados\deputy_224.jpg,Logo_partidos\deputy_0224.jpg,hemiciclo\hemi_0224_2411.gif,teresa-jorda-roura,
deputy_225_assets_000220_000_e_0000936_20230810.json,CARLOS MARTIN URRIZA,CASADO,SEPARACIÓN DE BIENES,23 DE JULIO 2023,10 DE AGOSTO 2023,Diputado,MADRID,,,https://twitter.com/carlosurriza,,"[{""concepto"": ""SUELDO POR TRABAJO A JORNADA COMPLETA DE LA C.S DE CCOO Y A TIEMPO PARCIAL COMO PROFESOR ASOCIADO DE LA UAH"", ""euros"": 69705.99}]",[],"[{""concepto"": ""INTERESES CTA CORRIENTE Y DIVIDENDOS DE CARTERA DE ACCIONES LIQUIDADA"", ""euros"": 499.13}]",[],19640.53,"[{""clase_y_caracteristicas"": ""VIVIENDA"", ""situacion"": ""MADRID"", ""fecha_adquisicion"": ""2016"", ""derecho_sobre_el_bien"": ""PLENO DOMINIO"", ""titulo_adquisicion"": ""COMPRA""}, {""clase_y_caracteristicas"": ""VIVIENDA"", ""situacion"": ""MADRID"", ""fecha_adquisicion"": ""2018"", ""derecho_sobre_el_bien"": ""16,5% NUDA PROPIEDAD"", ""titulo_adquisicion"": ""HERENCIA""}]",[],[],"[{""saldo"": 17420.75}]",[],[],[],[],[],"[{""descripcion_y_acreedor"": ""HIPOTECA SOBRE VIVIENDA"", ""fecha_concesion"": ""2016"", ""importe_concedido"": 252296, ""saldo_pendiente"": 112251.18}]",,225,fotos_diputados\deputy_225.jpg,Logo_partidos\deputy_0225.jpg,hemiciclo\hemi_0225_2306.gif,carlos-martin-urriza,82245.38
deputy_226_assets_000210_000_e_0000895_20230810.json,MARIA BEGOÑA GARCÍA BERNAL,CASADA,SEPARACIÓN DE BIENES,23 DE JULIO DE 2023,10 DE AGOSTO DE 2023,Diputado,CÁCERES,,,,,"[{""concepto"": ""SALARIO CONSEJERA AGRICULTURA, DESARROLLO RURAL Y TERRITORIO"", ""euros"": ""65.857,69€""}]",[],"[{""concepto"": ""INTERESES DE CUENTAS, DEPÓSITOS Y ACTIVOS FINANCIEROS EN GENERAL"", ""euros"": ""2,12€""}]",[],8478.26,"[{""clase_y_caracteristicas"": ""PISO"", ""situacion"": ""CACERES"", ""fecha_adquisicion"": ""2004"", ""derecho_sobre_el_bien_y_titulo_adquisicion"": ""50% PLENO DOMINIO COMPRAVENTA""}, {""clase_y_caracteristicas"": ""PLAZA GARAJE"", ""situacion"": ""CACERES"", ""fecha_adquisicion"": ""2004"", ""derecho_sobre_el_bien_y_titulo_adquisicion"": ""50% PLENO DOMINIO COMPRAVENTA""}]",[],[],"[{""tipo"": ""CUENTA CORRIENTE"", ""saldo"": ""20.456,90 €""}, {""tipo"": ""CUENTA CORRIENTE"", ""saldo"": ""411,81 €""}, {""tipo"": ""LIBRETA AHORRO 50%"", ""saldo"": ""60,62 €""}]",[],[],[],"[{""fecha_adquisicion"": ""2021"", ""descripcion"": ""BMW X1""}]",[],"[{""prestamo"": ""HIPOTECA UNICAJA BANCO"", ""fecha_concesion"": ""2004"", ""importe_concedido"": ""90.000 €"", ""saldo_pendiente"": ""33.806,02 €""}, {""prestamo"": ""BMW GROUP FINANCIAL SERVICES"", ""fecha_concesion"": ""2021"", ""importe_concedido"": ""30.398,99 €"", ""saldo_pendiente"": ""23.475,19 €""}]",,226,fotos_diputados\deputy_226.jpg,Logo_partidos\deputy_0226.jpg,,maria-begona-garcia-bernal,
deputy_226_assets_000210_002_e_0008461_20240117.json,MARÍA BEGOÑA GARCÍA BERNAL,CASADA,SEPARACIÓN DE BIENES,23/JULIO/2023,10/AGOSTO/2023,Diputado,,,,,,"[{""concepto"": ""SALARIO CONSEJERA DE AGRICULTURA, DESARROLLO RURAL Y POBLACIÓN"", ""euros"": ""65.857,69€""}]",[],[],[],8478.26,"[{""clase"": ""PISO"", ""situacion"": ""CÁCERES"", ""fecha_adquisicion"": ""2004"", ""derecho"": ""50% PLENO DOMINIO"", ""titulo"": ""COMPRAVENTA""}, {""clase"": ""PLAZA DE GARAJE"", ""situacion"": ""CÁCERES"", ""fecha_adquisicion"": ""2004"", ""derecho"": ""50% PLENO DOMINIO"", ""titulo"": ""COMPRAVENTA""}]",[],[],"[{""tipo"": ""CUENTA CORRIENTE"", ""saldo"": ""21.156,90 €""}, {""tipo"": ""CUENTA CORRIENTE"", ""saldo"": ""632,56 €""}, {""tipo"": ""LIBRETA DE AHORRO 50%"", ""saldo"": ""88,50 €""}]",[],[],[],[],[],"[{""descripcion"": ""HIPOTECA UNICAJA BANCO"", ""fecha_concesion"": ""2004"", ""importe_concedido"": ""90.000€"", ""saldo_pendiente"": ""32.185,45 €""}, {""descripcion"": ""BMW GROUP FINANCIAL SERVICES"", ""fecha_concesion"": ""2021"", ""importe_concedido"": ""30.398,99 €"", ""saldo_pendiente"": ""21.072,31 €""}]",Me remito en todos los apartados no cumplimentados a las declaraciones presentadas con anterioridad.,226,fotos_diputados\deputy_226.jpg,Logo_partidos\deputy_0226.jpg,,maria-begona-garcia-bernal,
deputy_227_assets_000213_000_e_0000905_20230810.json,LUIS ALBERTO MARIN GONZALEZ,CASADO,SEPARACIÓN DE BIENES,23 DE JULIO DE 2023,10 DE AGOSTO DE 2023,Diputado,MURCIA,,,,,"[{""concepto"": ""NOMINA"", ""euros"": ""75.727,82 €""}]",[],[],[],25035.02,"[{""clase_y_caracteristicas"": ""VIVIENDA"", ""situacion"": ""MURCIA"", ""fecha_adquisicion"": ""19-06-1998"", ""derecho_sobre_el_bien"": ""PLENO DOMINIO"", ""titulo_adquisicion"": ""COMPRA VENTA""}, {""clase_y_caracteristicas"": ""LOCAL COMERCIAL"", ""situacion"": ""MURCIA"", ""fecha_adquisicion"": ""16-02-2001"", ""derecho_sobre_el_bien"": ""NUDA PROPIEDAD"", ""titulo_adquisicion"": ""COMPRA VENTA""}, {""clase_y_caracteristicas"": ""LOCAL COMERCIAL"", ""situacion"": ""MURCIA"", ""fecha_adquisicion"": ""28-07-2017"", ""derecho_sobre_el_bien"": ""PLENO DOMINIO"", ""titulo_adquisicion"": ""COMPRA VENTA""}, {""clase_y_caracteristicas"": ""VIVIENDA"", ""situacion"": ""ALICANTE"", ""fecha_adquisicion"": ""23-10-2009"", ""derecho_sobre_el_bien"": ""PLENO DOMINIO"", ""titulo_adquisicion"": ""COMPRA VENTA""}]",[],[],"[{""tipo"": ""FONDOS"", ""saldo"": ""38.823,84 €""}, {""tipo"": ""IPF"", ""saldo"": ""52.500,00 €""}, {""tipo"": ""CUENTAS CORRIENTES"", ""saldo"": ""50.793,12 €""}, {""tipo"": ""FONDOS PENSIONES"", ""saldo"": ""15.746,32 €""}]",[],"[{""descripcion"": ""PARTICIPACIONES SOCIALES DESARROLLOS GERIATRICOS DEL SUR,S.L"", ""valor"": ""12.794,02 €""}, {""descripcion"": ""PARTICIPACIONES SOCIALES MARIN ECONOMISTAS, S.L."", ""valor"": ""524.186,28 €""}, {""descripcion"": ""PARTICIPACIONES SOCIALES ADMINISTRADORES CONCURSALES ABOGADOS Y ECONOMISTAS, S.L."", ""valor"": ""20.282,00 €""}, {""descripcion"": ""PARTICIPACIONES SOCIALES GESTIÓN GERIATRICA, S.L."", ""valor"": ""43.708,15 €""}, {""descripcion"": ""PARTICIPACIONES SOCIALES SERVICIOS PROFESIONALES GERIATRICOS"", ""valor"": ""2.188,00 €""}]",[],"[{""fecha_adquisicion"": ""05/12/2014"", ""descripcion"": ""FORD KUGA""}, {""fecha_adquisicion"": ""07/01/2022"", ""descripcion"": ""MERCEDES CLA 220""}]",[],[],La presente declaración se realiza por: [x] Toma de posesión,227,fotos_diputados\deputy_227.jpg,Logo_partidos\deputy_0227.jpg,,luis-alberto-marin-gonzalez,79499.44
deputy_228_assets_000217_000_e_0000915_20230810.json,Juan Antonio González Gracia,Casado,separación de bienes,23 julio 2023,10 agosto 2023,Senador,Badajoz,,,https://twitter.com/jagonzalez_78,,"[{""procedencia"": ""Junta de Extremadura"", ""concepto"": ""salario bruto 2022"", ""euros"": ""73.929,13""}]",[],[],[],19560.55,"[{""clase"": ""Piso"", ""situacion"": ""Badajoz"", ""fecha_adquisicion"": ""2005"", ""derecho"": ""100%. Pleno Dominio"", ""titulo_adquisicion"": ""Compreventa""}]",[],[],"[{""tipo"": ""cuenta ahorro, plan de ahorro, plan de pensiones"", ""saldo"": ""87.500 euros""}]",[],[],[],"[{""fecha_adquisicion"": ""2016"", ""descripcion"": ""volvo v40""}]",[],"[{""descripcion"": ""prestamo hipotecario ibercaja"", ""fecha_concesion"": ""2005"", ""importe_concedido"": ""60000"", ""saldo_pendiente"": ""18000""}]",,228,fotos_diputados\deputy_228.jpg,Logo_partidos\deputy_0228.jpg,hemiciclo\hemi_0228_1510.gif,juan-antonio-gonzalez-gracia,91261.66
deputy_229_assets_000215_000_e_0000911_20230810.json,RAFAEL SIMANCAS SIMANCAS,CASADO,GANANCIALES,23/07/2023,10/08/2023,Diputado,MADRID,,,https://twitter.com/SimancasRafael,,"[{""concepto"": ""Retribución anual bruta (año 2022) percibida desde el Ministerio de Presidencia, Relaciones con las Cortes y Memoria Democrática."", ""euros"": 123399.32}]",[],[],"[{""concepto"": ""Arrendamientos Bienes Inmuebles"", ""euros"": 10800.0}]",38320.91,"[{""clase_y_caracteristicas"": ""Vivienda"", ""situacion"": ""Madrid"", ""fecha_adquisicion"": ""2002"", ""derecho_sobre_el_bien"": ""Ganancial"", ""titulo_adquisicion"": ""Compraventa""}, {""clase_y_caracteristicas"": ""Piso"", ""situacion"": ""Madrid"", ""fecha_adquisicion"": ""2014"", ""derecho_sobre_el_bien"": ""Ganancial"", ""titulo_adquisicion"": ""Compraventa""}, {""clase_y_caracteristicas"": ""Piso"", ""situacion"": ""Madrid"", ""fecha_adquisicion"": ""2016"", ""derecho_sobre_el_bien"": ""Ganancial"", ""titulo_adquisicion"": ""Compraventa""}, {""clase_y_caracteristicas"": ""Piso"", ""situacion"": ""Madrid"", ""fecha_adquisicion"": ""2017"", ""derecho_sobre_el_bien"": ""Ganancial"", ""titulo_adquisicion"": ""Compraventa""}]",[],[],"[{""tipo"": ""Cuentas corrientes y Fondo"", ""saldo"": 92549.5}]",[],"[{""descripcion"": ""Acciones de iniciativas editoriales Sistema"", ""valor"": 30}]",[],"[{""fecha_adquisicion"": ""2007"", ""descripcion"": ""Volvo V50""}, {""fecha_adquisicion"": ""2018"", ""descripcion"": ""Seat León""}]","[{""descripcion"": ""Plan Previsión Social Empresarial BBVA Cortes Generales"", ""valor"": null}]",[],"Todas las propiedades de bienes inmuebles, las rentas por arrendamiento y las cuentas bancarias están compartidas con mi cónyuge en régimen de gananciales.",229,fotos_diputados\deputy_229.jpg,Logo_partidos\deputy_0229.jpg,hemiciclo\hemi_0229_1210.gif,rafael-simancas-simancas,141312.01
deputy_230_assets_000225_000_e_0000948_20230810.json,FRANCISCO LUCAS AYALA,SOLTERO,,23/07/2023,10/08/2023,Diputado,MURCIA,,,,,"[{""procedencia"": ""ASAMBLEA REGIONAL DE LA REGIÓN DE MURCIA"", ""concepto"": ""Percepciones netas de tipo salarial, sueldos, honorarios, aranceles y otras retribuciones"", ""euros"": 58278.27}]","[{""procedencia"": ""DIVIDENDOS GABINETE JURIDICO 3 DE JUNIO SLP"", ""concepto"": ""Dividendos y participación en beneficios de sociedades"", ""euros"": 4967}]",[],"[{""procedencia"": ""VENTA DE PARTICIPACIONES TEJIDOS LUCAS & ZAPATA SL"", ""concepto"": ""OTRAS rentas o percepciones de cualquier clase"", ""euros"": 9000}]",17476.29,"[{""clase"": ""PISO"", ""situacion"": ""MURCIA"", ""fecha_adquisicion"": ""12/01/2023"", ""derecho"": ""PLENO DOMINIO"", ""titulo_adquisicion"": ""COMPRAVENTA""}]",[],[],"[{""entidad"": ""CAIXABANK"", ""tipo"": ""DEPOSITO AHORRO"", ""saldo"": 53531.48}, {""entidad"": ""CAIXABANK"", ""tipo"": ""CUENTAS CORRIENTES"", ""saldo"": 1298.19}, {""entidad"": ""SABADELL"", ""tipo"": ""CUENTA CORRIENTE"", ""saldo"": 4842.12}, {""entidad"": ""BBVA"", ""tipo"": ""CUENTA CORRIENTE"", ""saldo"": 100.0}]",[],"[{""descripcion"": ""LUCAS AYALA ABOGADOS SCP (sin actividad) 50%"", ""valor"": 0.0}, {""descripcion"": ""GABINETE JURIDICO 3 DE JUNIO SLP (socio NO profesional) 49,66%"", ""valor"": 1489.8}, {""descripcion"": ""COMIDAS LUZARO SL (socio capitalista) 50%"", ""valor"": 15000.0}]",[],"[{""fecha_adquisicion"": ""29/01/2020"", ""descripcion"": ""VOLKSWAGEN PASSAT (vehículo)""}]","[{""valor"": 61000.0}, {""valor"": 61000.0}, {""valor"": 61000.0}]","[{""descripcion"": ""VOLKSWAGEN BANK GMBM SE"", ""fecha_concesion"": ""24/01/2020"", ""importe_concedido"": 27927.05, ""saldo_pendiente"": 21306.17}, {""descripcion"": ""HIPOTECA BANCO SABADELL"", ""fecha_concesion"": ""12/01/2023"", ""importe_concedido"": 300000.0, ""saldo_pendiente"": 296478.09}]",,230,fotos_diputados\deputy_230.jpg,Logo_partidos\deputy_0230.jpg,,francisco-lucas-ayala,97457.92
deputy_231_assets_000226_000_e_0000965_20230810.json,CARIDAD RIVES ARCAYNA,CASADA,GANANCIALES,23 DE JULIO 2023,10 DE AGOSTO DE 2023,Diputado,MURCIA,,,https://twitter.com/CaridadRives,,"[{""concepto"": ""RETRIBUCIÓN COMO ALTA INSPECTORA DE EDUCACIÓN EN LA DELGACIÓN DEL GOBIERNO EN LA REGIÓN DE MURCIA. (TOTAL DE INGRESOS COMPUTABLES EN IRPF 2022)"", ""euros"": 53266.69}]",[],[],[],10464.84,"[{""clase_y_caracteristicas"": ""VIVIENDA"", ""situacion"": ""MURCIA"", ""fecha_adquisicion"": ""2010"", ""derecho_sobre_el_bien"": ""GANANCIALES (50% PROPIEDAD)"", ""titulo_adquisicion"": ""COMPRAVENTA""}]",[],[],"[{""tipo"": ""CUENTAS CORRIENTES"", ""saldo"": 36306.56, ""detalle"": ""COTITULAR DE DOS CUENTAS CORRIENTES, SALDO A 3 DE AGOSTO DE 45.936.06 (50%) COTITULAR CON MI MADRE Y HERMANOS, HERENCIA DE MI PADRE, SALDO A 3 DE AGOSTO DE 2023 DE 80.031,20 (ME CORRESPONDE 1/6 DEL TOTAL)""}]","[{""descripcion"": ""Acciones CaixaBank (administradora, titular mi hijo menor de edad 17 años)"", ""valor"": 1596.18}, {""descripcion"": ""Acciones ENAGAS (Herencia paterna me corresponde 1/3 de 1375.14)"", ""valor"": 458.38}, {""descripcion"": ""Acciones CAIXABANK (Herencia paterna me corresponde 1/3 de 2339.35)"", ""valor"": 779.78}]","[{""descripcion"": ""Acciones REPSOL (Herencia paterna me corresponde 1/3 de 1035.50)"", ""valor"": 345.16}]",[],"[{""fecha_adquisicion"": ""abril 2023"", ""descripcion"": ""Coche Toyota RAV4 (2ª mano)""}, {""fecha_adquisicion"": ""junio 2023"", ""descripcion"": ""Moto Yamaha XMax""}, {""fecha_adquisicion"": ""agosto 2016"", ""descripcion"": ""AUDI A8 (2ª mano)""}]","[{""descripcion"": ""Plan de Pensiones CABK Destino 35, con saldo a 2 de agosto de 2023"", ""valor"": 6656.09}, {""descripcion"": ""Plan de Empleo Administración Pública de la Región de Murcia, con saldo a 2 de agosto de 2023"", ""valor"": 1109.53}]","[{""prestamo"": ""PRESTAMO HIPOTECARIO (50%)"", ""fecha_concesion"": ""2010"", ""importe_concedido"": 225000, ""saldo_pendiente"": 157882}]",,231,fotos_diputados\deputy_231.jpg,Logo_partidos\deputy_0231.jpg,hemiciclo\hemi_0231_4807.gif,caridad-rives-arcayna,91261.66
deputy_232_assets_000222_000_e_0000938_20230810.json,SERGIO GUTIERREZ PRIETO,DIVORCIADO,,23 DE JULIO DE 2023,10 DE AGOSTO DE 2023,Diputado,TOLEDO,,,https://twitter.com/Sergio_GP,,[],[],[],"[{""concepto"": ""OTRAS rentas o percepciones de cualquier clase"", ""euros"": ""2.000€ BRUTOS""}]",13666.9,"[{""clase"": ""VIVIENDA"", ""caracteristicas"": ""ESCALONA (TOLEDO)"", ""fecha_adquisicion"": ""2005"", ""derecho"": ""100% PROPIETARIO"", ""titulo_adquisicion"": ""COMPRAVENTA""}, {""clase"": ""PISO"", ""caracteristicas"": ""TOLEDO"", ""fecha_adquisicion"": ""2022"", ""derecho"": ""50% PROPIETARIO"", ""titulo_adquisicion"": ""COMPRAVENTA""}]",[],[],"[{""tipo"": ""CUENTAS CORRIENTES (VARIAS ENTIDADES)"", ""saldo"": ""138.358,64€""}]",[],"[{""descripcion"": ""20% PARTICIPACIÓN EN SOCIEDAD FAMILIAR \""ASKALON SL\"""", ""valor"": ""600€""}]",[],[],"[{""descripcion"": ""PLANES DE PENSIONES"", ""valor"": ""79.697,31""}, {""descripcion"": ""PLAN DE AHORRO"", ""valor"": ""9.843,18""}]","[{""descripcion"": ""HIPOTECA POR PISO EN TOLEDO"", ""fecha_concesion"": ""02/2022"", ""importe_concedido"": ""162.000"", ""saldo_pendiente"": ""155.004,60""}]",,232,fotos_diputados\deputy_232.jpg,Logo_partidos\deputy_0232.jpg,hemiciclo\hemi_0232_1606.gif,sergio-gutierrez-prieto,91261.66
deputy_233_assets_000218_000_e_0000925_20230810.json,MARGARITA ROBLES FERNANDEZ,SOLTERA,,23 de julio de 2023,10 de agosto de 2023,Diputado,MADRID,,,,,"[{""concepto"": ""RETRIBUCION POR CARGO PUBLICO / MINISTRA DE DEFENSA"", ""euros"": ""93.180,00""}]",[],[],[],29834.21,"[{""clase_y_caracteristicas"": ""Vivienda con plaza de garaje"", ""situacion"": ""MADRID"", ""fecha_adquisicion"": ""2004"", ""derecho_sobre_el_bien"": ""Nuda propiedad"", ""titulo_adquisicion"": ""Compraventa""}, {""clase_y_caracteristicas"": ""Vivienda"", ""situacion"": ""ASTURIAS"", ""fecha_adquisicion"": ""2014"", ""derecho_sobre_el_bien"": ""Nuda propiedad"", ""titulo_adquisicion"": ""Compraventa""}]",[],[],"[{""tipo"": ""Cuenta Inversión"", ""saldo"": ""384.000""}, {""tipo"": ""2 Cuentas corrientes"", ""saldo"": ""23.632""}]",[],[],[],"[{""fecha_adquisicion"": ""2002"", ""descripcion"": ""VEHÍCULO HYUNDAI GETZ""}]",[],[],,233,fotos_diputados\deputy_233.jpg,Logo_partidos\deputy_0233.jpg,,margarita-robles-fernandez,80190.0
deputy_233_assets_000218_002_e_0006796_20231221.json,MARGARITA ROBLES FERNÁNDEZ,SOLTERA,,23/07/2023,10/08/2023,Diputado,MADRID,,,,,[],[],[],[],,[],[],[],"[{""descripcion"": ""Cuenta Inversión Banco Santander"", ""saldo"": 384000}, {""descripcion"": ""Cuenta Corriente Banco Santander"", ""saldo"": 632}, {""descripcion"": ""Cuenta Corriente Banco Santander"", ""saldo"": 25000}]",[],[],[],[],[],[],Me remito en todos los apartados no cumplimentados a las declaraciones presentadas con anterioridad.,233,fotos_diputados\deputy_233.jpg,Logo_partidos\deputy_0233.jpg,,margarita-robles-fernandez,80190.0
deputy_234_assets_000264_000_e_0001107_20230814.json,MARÍA DE LAS MERCEDES CANTALAPIEDRA ÁLVAREZ,casada,gananciales,23 julio 2023,10 agosto 2023,Diputado,Valladolid,,,https://twitter.com/mmcantalapiedra,,[],[],[],[],15583.35,"[{""clase"": ""VIVIENDAS"", ""situacion"": ""SERRADA (VALLADOLID)"", ""fecha_adquisicion"": ""01-12-1990"", ""derecho"": ""50% PROPIEDAD"", ""titulo_adquisicion"": ""HERENCIA""}, {""clase"": ""VIVIENDA"", ""situacion"": ""SERRADA (VALLADOLID)"", ""fecha_adquisicion"": ""01-12-1990"", ""derecho"": ""50% PROPIEDAD"", ""titulo_adquisicion"": ""HERENCIA""}, {""clase"": ""VIVIENDA"", ""situacion"": ""VALLADOLID"", ""fecha_adquisicion"": ""02-07-2009"", ""derecho"": ""50% PROPIEDAD"", ""titulo_adquisicion"": ""COMPRA VENTA""}, {""clase"": ""SOLAR"", ""situacion"": ""SERRADA (VALLADOLID)"", ""fecha_adquisicion"": ""01-12-1990"", ""derecho"": ""50% PROPIEDAD"", ""titulo_adquisicion"": ""HERENCIA""}, {""clase"": ""SOLAR"", ""situacion"": ""SERRADA (VALLADOLID)"", ""fecha_adquisicion"": ""10-10-1990"", ""derecho"": ""50% PROPIEDAD"", ""titulo_adquisicion"": ""HERENCIA""}, {""clase"": ""VIVIENDA"", ""situacion"": ""MOJADOS (VALLADOLID)"", ""fecha_adquisicion"": ""05-07-2015"", ""derecho"": ""10% PROPIEDAD"", ""titulo_adquisicion"": ""HERENCIA""}]","[{""clase"": ""VIÑEDO"", ""situacion"": ""SERRADA (VALLADOLID)"", ""fecha_adquisicion"": ""01-12-1990"", ""derecho"": ""50% PROPIEDAD"", ""titulo_adquisicion"": ""HERENCIA""}]",[],"[{""tipo"": ""CUENTAS CORRIENTES"", ""saldo"": 50000}]",[],[],[],"[{""fecha_adquisicion"": ""2019"", ""descripcion"": ""BMW X1""}]","[{""descripcion"": ""PLAN DE PENSIONES"", ""valor"": 12000}]","[{""descripcion"": ""PRESTAMO HIPOTECARIO UNICAJA 50%"", ""fecha_concesion"": ""22-01-2007"", ""importe_concedido"": 499560, ""saldo_pendiente"": 263267}, {""descripcion"": ""PRESTAMO HIPOTECARIO UNICAJA 50%"", ""fecha_concesion"": ""02-07-2009"", ""importe_concedido"": 200000, ""saldo_pendiente"": 101208}]",,234,fotos_diputados\deputy_234.jpg,Logo_partidos\deputy_0234.jpg,hemiciclo\hemi_0234_5702.gif,maria-las-mercedes-cantalapiedra-alvarez,
deputy_235_assets_000229_000_e_0000973_20230810.json,JIMENA DELGADO-TARAMONA HERNÁNDEZ,CASADA,SEPARACIÓN DE BIENES,23 JULIO 2023,10 AGOSTO 2023,Diputado,LAS PALMAS,,,,,"[{""concepto"": ""SUELDO"", ""euros"": ""68.905,00""}]",[],"[{""concepto"": ""INTERESES DE CUENTAS"", ""euros"": ""21,63""}]","[{""concepto"": ""ALQUILERES"", ""euros"": ""19.500,00""}]",19922.14,"[{""clase_y_caracteristicas"": ""PISO"", ""situacion"": ""LAS PALMAS"", ""fecha_adquisicion"": ""12/2001"", ""derecho_y_titulo"": ""COMPRAVENTA. 50% PLENO DOMINIO""}, {""clase_y_caracteristicas"": ""PLAZA GARAJE Y TRASTERO"", ""situacion"": ""LAS PALMAS"", ""fecha_adquisicion"": ""12/2001"", ""derecho_y_titulo"": ""COMPRAVENTA. 50% PLENO DOMINIO""}, {""clase_y_caracteristicas"": ""VIVIENDA"", ""situacion"": ""LAS PALMAS"", ""fecha_adquisicion"": ""12/2003"", ""derecho_y_titulo"": ""COMPRAVENTA. 50% PLENO DOMINIO""}, {""clase_y_caracteristicas"": ""PISO"", ""situacion"": ""LAS PALMAS"", ""fecha_adquisicion"": ""12/2019"", ""derecho_y_titulo"": ""PLENO DOMINIO. DONACIÓN""}, {""clase_y_caracteristicas"": ""PISO"", ""situacion"": ""LAS PALMAS"", ""fecha_adquisicion"": ""12/2020"", ""derecho_y_titulo"": ""PLENO DOMINIO. HERENCIA""}, {""clase_y_caracteristicas"": ""GARAJE"", ""situacion"": ""LAS PALMAS"", ""fecha_adquisicion"": ""12/2020"", ""derecho_y_titulo"": ""PLENO DOMINIO. HERENCIA""}]",[],[],"[{""tipo"": ""CUENTAS CORRIENTES"", ""saldo"": ""15.340,15""}]",[],[],[],"[{""fecha_adquisicion"": ""2011"", ""descripcion"": ""VEHÍCULO - OPEL MERIVA""}]","[{""tipo"": ""PLANES DE PENSIONES"", ""valor"": ""14.630,15""}, {""tipo"": ""PLANES DE PENSIONES"", ""valor"": ""110.689,20""}]","[{""descripcion_y_acreedor"": ""PRÉSTAMO ADQUISICIÓN DE VIVIEDA - BBVA"", ""fecha_concesion"": ""2021"", ""importe_concedido"": ""320.000"", ""saldo_pendiente"": ""250.000""}]",PISO - LAS PALMAS - ADQUIRIDO EN DICIEMBRE 2020 POR HERENCIA - PLENO DOMINIO. GARAJE - LAS PALMAS - ADQUIRIDO EN DICIEMBRE 2020 POR HERENCIA - PLENO DOMINIO. PISO - MADRID - ADQUIRIDO POR COMPRAVENTA EN ABRIL 2021 - 50% PLENO DOMINIO,235,fotos_diputados\deputy_235.jpg,Logo_partidos\deputy_0235.jpg,hemiciclo\hemi_0235_2808.gif,jimena-delgado-taramona-hernandez,
deputy_236_assets_000219_000_e_0000935_20230810.json,PEDRO MUÑOZ ABRINES,CASADO,SEPARACIÓN DE BIENES,23 DE JULIO 2023,10 DE AGOSTO DE 2023,Diputado,MADRID,,,https://twitter.com/MunozAbrines,,"[{""concepto"": ""DIPUTADO DE LA ASAMBLEA"", ""euros"": ""61.218,39""}]","[{""concepto"": null, ""euros"": ""8.092,72""}]","[{""concepto"": null, ""euros"": ""131,24""}]","[{""concepto"": ""IMPUTACIÓN RENTA INMOBILIARIA"", ""euros"": ""3.739,03""}]",29248.99,"[{""clase"": ""Vivienda"", ""valor_mercado"": ""119.695"", ""situacion"": ""Madrid"", ""fecha_adquisicion"": ""1996"", ""derecho"": ""80% privativo"", ""titulo"": ""compraventa""}, {""clase"": ""Vivienda"", ""valor_mercado"": ""107.939"", ""situacion"": ""Madrid"", ""fecha_adquisicion"": ""1987"", ""derecho"": ""privativo.50% 1987. 100% 2014"", ""titulo"": ""compraventa""}, {""clase"": ""Vivienda+garaje"", ""valor_mercado"": ""128.821"", ""situacion"": ""Toledo"", ""fecha_adquisicion"": ""2005"", ""derecho"": ""85% privativo"", ""titulo"": ""compraventa""}, {""clase"": ""Vivienda"", ""valor_mercado"": ""190.000"", ""situacion"": ""Madrid"", ""fecha_adquisicion"": ""2021"", ""derecho"": ""100% privativo"", ""titulo"": ""Herencia""}]","[{""clase"": ""Parcela"", ""valor_mercado"": ""1.000"", ""situacion"": ""Toledo"", ""fecha_adquisicion"": ""2021"", ""derecho"": ""100%"", ""titulo"": ""Herencia""}, {""clase"": ""Parcela"", ""valor_mercado"": ""500"", ""situacion"": ""Toledo"", ""fecha_adquisicion"": ""2021"", ""derecho"": ""100%"", ""titulo"": ""Herencia""}, {""clase"": ""Parcela"", ""valor_mercado"": ""1.500"", ""situacion"": ""Toledo"", ""fecha_adquisicion"": ""2021"", ""derecho"": ""100%"", ""titulo"": ""Herencia""}]","[{""valor"": ""405.761"", ""descripcion"": ""35.000+ 370.761 (Herencia)""}]","[{""tipo"": ""Depósitos y cuentas corrientes"", ""saldo"": ""242.279""}]","[{""descripcion"": ""Fondos de inversión (valor herencia oct 2021)"", ""valor"": ""224.454""}]","[{""descripcion"": ""Acciones empresas cotizadas (valor herencia oct 2021)"", ""valor"": ""108.897""}, {""descripcion"": ""Seguros de vida (valor herencia oct 2021)"", ""valor"": ""535.415""}]",[],"[{""fecha_adquisicion"": ""2016"", ""descripcion"": ""Hyundai""}, {""fecha_adquisicion"": ""2020"", ""descripcion"": ""Hyundai""}]",[],[],,236,fotos_diputados\deputy_236.jpg,Logo_partidos\deputy_0236.jpg,hemiciclo\hemi_0236_3408.gif,pedro-munoz-abrines,76049.12
deputy_237_assets_000223_000_e_0000942_20230810.json,CARMEN CALVO POYATO,DIVORCIADA,,23 DE JULIO DE 2023,10 DE AGOSTO DE 2023,Diputado,GRANADA,,,,,"[{""concepto"": ""Trienios Universidad de Córdoba (mensual)"", ""euros"": ""600€""}]",[],[],"[{""concepto"": ""Tertuliana radio (bruto anual)"", ""euros"": ""8.800€""}]",25344.5,"[{""clase"": ""VIVIENDA"", ""situacion"": ""CABRA (CÓRDOBA)"", ""fecha_adquisicion"": ""1995"", ""derecho"": ""PLENO DOMINIO"", ""titulo"": ""COMPRAVENTA""}, {""clase"": ""GARAJE"", ""situacion"": ""CÓRDOBA"", ""fecha_adquisicion"": ""2012"", ""derecho"": ""PLENO DOMINIO"", ""titulo"": ""COMPRAVENTA""}, {""clase"": ""PISO"", ""situacion"": ""MADRID"", ""fecha_adquisicion"": ""2014"", ""derecho"": ""PLENO DOMINIO"", ""titulo"": ""COMPRAVENTA""}]",[],[],"[{""tipo"": ""CUENTA CORRIENTE"", ""saldo"": ""165.869 €""}]",[],[],[],"[{""fecha_adquisicion"": ""2006"", ""descripcion"": ""NISSAN MICRA""}]","[{""descripcion"": ""BANCO SANTANDER PLAN DE PENSIONES"", ""valor"": ""81.474€""}, {""descripcion"": ""NATIONALE NEDERLANDEN PLAN DE PENSIONES"", ""valor"": ""18.342€""}, {""descripcion"": ""SEGURO DE VIDA"", ""valor"": ""28.250€""}]",[],,237,fotos_diputados\deputy_237.jpg,Logo_partidos\deputy_0237.jpg,,carmen-calvo-poyato,93090.36
deputy_237_assets_000223_002_e_0018143_20240321.json,CARMEN CALVO POYATO,DIVORCIADA,,23 de julio de 2023,10 de agosto de 2023,Diputado,GRANADA,,,,,"[{""concepto"": ""TRIENIOS UNIVERSIDAD DE CÓRDOBA (MENSUAL)"", ""euros"": ""800€""}]",[],[],"[{""concepto"": ""TERTULIANA RADIO (BRUTO ANUAL)"", ""euros"": ""8.800€""}]",25344.5,"[{""clase"": ""VIVIENDA"", ""situacion"": ""CABRA (CÓRDOBA)"", ""fecha_adquisicion"": ""1995"", ""derecho"": ""PLENO DOMINIO"", ""titulo"": ""COMPRAVENTA""}, {""clase"": ""GARAJE"", ""situacion"": ""CÓRDOBA"", ""fecha_adquisicion"": ""2012"", ""derecho"": ""PLENO DOMINIO"", ""titulo"": ""COMPRAVENTA""}, {""clase"": ""PISO"", ""situacion"": ""MADRID"", ""fecha_adquisicion"": ""2014"", ""derecho"": ""PLENO DOMINIO"", ""titulo"": ""COMPRAVENTA""}]",[],[],"[{""tipo"": ""CUENTA CORRIENTE"", ""saldo"": ""160.481 €""}]",[],[],[],"[{""fecha_adquisicion"": ""2006"", ""descripcion"": ""NISSAN MICRA""}]","[{""descripcion"": ""BANCO SANTANDER PLAN DE PENSIONES"", ""valor"": ""81.474 €""}, {""descripcion"": ""NATIONALE NEDERLANDEN PLAN DE PENSIONES"", ""valor"": ""18.342 €""}, {""descripcion"": ""SEGURO DE VIDA"", ""valor"": ""28.250 €""}]",[],Me remito en todos los apartados no cumplimentados a las declaraciones presentadas con anterioridad.,237,fotos_diputados\deputy_237.jpg,Logo_partidos\deputy_0237.jpg,,carmen-calvo-poyato,93090.36
deputy_238_assets_000224_000_e_0000944_20230810.json,NÉSTOR REGO CANDAMIL,SOLTEIRO,,23/07/2023,10/08/2023,Diputado,,https://www.facebook.com/nestor.rego,,https://twitter.com/NestorRego,,"[{""procedencia"": ""ANTIGÜEDAD CONSELLERÍA DE EDUCACIÓN / XUNTA DE GALICIA"", ""concepto"": ""Percepciones netas de tipo salarial, sueldos, honorarios, aranceles y otras retribuciones"", ""euros"": 7284.72}]",[],[],[],20910.38,"[{""clase_y_caracteristicas"": ""VIVIENDA"", ""situacion"": ""A CORUÑA"", ""fecha_adquisicion"": ""2003-50% / 2020-50%"", ""derecho_sobre_el_bien"": ""Plena propiedad 100%"", ""titulo_adquisicion"": ""Autoconstrucción Compra""}, {""clase_y_caracteristicas"": ""VIVIENDA"", ""situacion"": ""LUGO"", ""fecha_adquisicion"": ""2007"", ""derecho_sobre_el_bien"": ""Nuda propiedad 25%"", ""titulo_adquisicion"": ""Indiviso Herencia""}, {""clase_y_caracteristicas"": ""VIVIENDA"", ""situacion"": ""LUGO"", ""fecha_adquisicion"": ""2007"", ""derecho_sobre_el_bien"": ""Nuda propiedad 50%"", ""titulo_adquisicion"": ""Indiviso Herencia""}, {""clase_y_caracteristicas"": ""VIVIENDA"", ""situacion"": ""LUGO"", ""fecha_adquisicion"": ""2007"", ""derecho_sobre_el_bien"": ""Nuda propiedad 50%"", ""titulo_adquisicion"": ""Indiviso Herencia""}]","[{""clase_y_caracteristicas"": ""52 parcelas de monte o cultivo, incultas o producción forestal"", ""situacion"": ""LUGO"", ""fecha_adquisicion"": ""2007"", ""derecho_sobre_el_bien"": ""Nuda propiedad 50%"", ""titulo_adquisicion"": ""Indiviso Herencia""}, {""clase_y_caracteristicas"": ""2 fincas"", ""situacion"": ""LUGO"", ""fecha_adquisicion"": ""2007"", ""derecho_sobre_el_bien"": ""Nuda propiedad 25%"", ""titulo_adquisicion"": ""Indiviso Herencia""}]",[],"[{""tipo"": ""Cuenta de ahorro"", ""saldo"": 27138.68}]","[{""descripcion"": ""10 acciones de SERMOS GALIZA SA"", ""valor"": 1000}, {""descripcion"": ""10 participaciones de TEMPO GALIZA SL"", ""valor"": 1500}]",[],[],"[{""fecha_adquisicion"": ""2010"", ""descripcion"": ""Suzuki Marauder (motocicleta)""}, {""fecha_adquisicion"": ""2014"", ""descripcion"": ""Citroën C4""}, {""fecha_adquisicion"": ""2016"", ""descripcion"": ""Fiat Panda""}]",[],"[{""descripcion"": ""PRESTAMO HIPOTECARIO (ABANCA)"", ""fecha_concesion"": ""AGOSTO 2020"", ""importe_concedido"": 220000, ""saldo_pendiente"": 184062}]",,238,fotos_diputados\deputy_238.jpg,Logo_partidos\deputy_0238.jpg,hemiciclo\hemi_0238_2513.gif,nestor-rego-candamil,124863.62
deputy_239_assets_000240_000_e_0001007_20230810.json,Isidre Gavin i Valls,Casado,Separación de bienes,23/07/2023,10/08/2023,Senador,LLEIDA,https://www.facebook.com/isidre.gavin,https://www.instagram.com/gavinisidre,https://twitter.com/isidregavin,,"[{""concepto"": ""Retribución como Director de negocio de la empresa pública CIMALSA"", ""euros"": 96984.71}]",[],"[{""concepto"": ""Participaciones y acciones en dos entidades bancarias"", ""euros"": 227.98}]",[],,"[{""clase_y_caracteristicas"": ""Casa unifamiliar. Vivienda habitual"", ""situacion"": ""LLEIDA"", ""fecha_adquisicion"": ""2013"", ""derecho_sobre_el_bien"": ""Propiedad 100%""}]",[],[],"[{""descripcion"": ""Dos cuentas"", ""saldo"": 6527.88}]","[{""descripcion"": ""Valores Caixabank"", ""valor"": 2577.76}]",[],[],"[{""fecha_adquisicion"": ""2021"", ""descripcion"": ""CUPRA Formentor PEHV 1.5""}]","[{""descripcion"": ""FONDTESORO"", ""valor"": 15041}]","[{""descripcion"": ""Préstamo hipotecario"", ""fecha_concesion"": ""3/06/2002"", ""importe_concedido"": 171000, ""saldo_pendiente"": 26497.57}]",,239,fotos_diputados\deputy_239.jpg,Logo_partidos\deputy_0239.jpg,hemiciclo\hemi_0239_1514.gif,isidre-gavin-i-valls,91261.66
deputy_240_assets_000234_000_e_0000995_20230810.json,EDUARDO PUJOL BONELL,SEPARADO,SEPARACION DE BIENES,23 DE JULIO DE 2023,10 DE AGOSTO DE 2023,Diputado,Circunscripción por la que ha sido elegido/Asamblea Legislativa,,,,,"[{""procedencia"": ""GESTORA CLUB DIR,SL"", ""concepto"": ""Percepciones netas de tipo salarial, sueldos, honorarios, aranceles y otras retribuciones"", ""euros"": ""46.280,02""}, {""procedencia"": ""REVOLUTIONARU OPRATIONS,S.L."", ""concepto"": ""Percepciones netas de tipo salarial, sueldos, honorarios, aranceles y otras retribuciones"", ""euros"": ""21.555,68""}, {""procedencia"": ""EMISSIONS DIGITALS DE CATALUNYA,SAU"", ""concepto"": ""Percepciones netas de tipo salarial, sueldos, honorarios, aranceles y otras retribuciones"", ""euros"": ""16.000,00""}]",[],[],[],22302.19,"[{""clase_y_caracteristicas"": ""CASA VIVIENDA"", ""situacion"": ""MARTORELL"", ""fecha_adquisicion"": ""2009"", ""derecho_sobre_el_bien"": ""PLENO DOMINIO"", ""titulo_adquisicion"": ""COMPRA""}]",[],[],"[{""entidad"": ""CAIXA BANK / BANCO SABADELL"", ""saldo"": ""9.000,00""}]",[],[],"[{""descripcion"": ""CICERO & SENECA COMUNICACIO,S.L."", ""valor"": null}]","[{""fecha_adquisicion"": ""2022"", ""descripcion"": ""MINI COPER 4333-LCP""}, {""fecha_adquisicion"": ""2018"", ""descripcion"": ""MERCEDES CLASE A 4095-KJW""}]",[],"[{""prestamo"": ""CAIXA BANK"", ""fecha_concesion"": ""19/09/2022"", ""importe_concedido"": ""30.000,00"", ""saldo_pendiente"": ""26.400,00""}]",,240,fotos_diputados\deputy_240.jpg,Logo_partidos\deputy_0240.jpg,,eduardo-pujol-bonell,
deputy_241_assets_000228_000_e_0000971_20230810.json,MIRIAM NOGUERAS I CAMERO,CASADA,SEPARACIÓN DE BIENES,23/07/2023,10/08/2023,Senador,BARCELONA,,,https://twitter.com/miriamnoguerasM,,[],[],[],[],31603.17,"[{""clase"": ""33.3% PLAZA APARCAMIENTO"", ""situacion"": ""BARCELONA"", ""fecha_adquisicion"": ""29/10/2009"", ""derecho"": ""PLENO DOMINIO"", ""titulo"": ""HERENCIA""}, {""clase"": ""33.3% PLAZA APARCAMIENTO"", ""situacion"": ""BARCELONA"", ""fecha_adquisicion"": ""29/10/2009"", ""derecho"": ""PLENO DOMINIO"", ""titulo"": ""HERENCIA""}, {""clase"": ""33.3% PLAZA APARCAMIENTO"", ""situacion"": ""BARCELONA"", ""fecha_adquisicion"": ""29/10/2009"", ""derecho"": ""PLENO DOMINIO"", ""titulo"": ""HERENCIA""}, {""clase"": ""16,6% PISO"", ""situacion"": ""BARCELONA"", ""fecha_adquisicion"": ""29/10/2009"", ""derecho"": ""PLENO DOMINIO"", ""titulo"": ""HERENCIA""}]",[],[],"[{""tipo"": ""CUENTAS BANCARIAS"", ""saldo"": 158189.53}]",[],[],[],[],[],[],,241,fotos_diputados\deputy_241.jpg,Logo_partidos\deputy_0241.jpg,hemiciclo\hemi_0241_1517.gif,miriam-nogueras-i-camero,134288.28
deputy_242_assets_000227_000_e_0000968_20230810.json,JOSEP MARIA CERVERA PINART,CASADO,SEPARACIÓN DE BIENES,23/07/2023,10/08/2023,Diputado,GIRONA,https://www.facebook.com/jmcerverapinart,https://www.instagram.com/josepmcervera/,https://twitter.com/josepmcervera,https://josepmcervera.blogspot.com/,"[{""concepto"": ""Asistencia órganos de Gobierno Ayuntamiento del Port de la Selva 2022"", ""euros"": 4400}]",[],[],"[{""concepto"": ""Alquiler local comercial"", ""euros"": 12000}]",21972.41,"[{""clase"": ""Local Comercial"", ""situacion"": ""El Port de la Selva (Girona)"", ""fecha_adquisicion"": ""13.2.2013"", ""derecho"": ""propiedad"", ""titulo"": ""herencia""}]","[{""clase"": ""Huerta"", ""situacion"": ""El Port de la Selva (Girona)"", ""fecha_adquisicion"": ""13.2.2013"", ""derecho"": ""propiedad"", ""titulo"": ""herencia""}]",[],"[{""saldo"": 9622}]","[{""descripcion"": ""312 ACCIONES CAIXABANK, S.A."", ""valor"": 1143.48}]",[],[],"[{""fecha_adquisicion"": ""2019"", ""descripcion"": ""BMW F 650 GS""}]",[],"[{""prestamo"": ""Préstamo Caixabank"", ""fecha_concesion"": ""14/08/2018"", ""importe_concedido"": 32200, ""saldo_pendiente"": 6998.42}, {""prestamo"": ""Préstamo BBVA"", ""fecha_concesion"": ""31/05/2018"", ""importe_concedido"": 75000, ""saldo_pendiente"": 39521.12}]",,242,fotos_diputados\deputy_242.jpg,Logo_partidos\deputy_0242.jpg,hemiciclo\hemi_0242_1615.gif,josep-maria-cervera-pinart,95661.66
deputy_243_assets_000231_000_e_0000989_20230810.json,Maria Pilar Calvo Gómez,Divorciada,,23 Julio 2023,10 agosto 2023,Diputado,Barcelona,,,,,[],[],[],"[{""concepto"": ""alquiler mensual piso desde julio de 2023"", ""euros"": 1500}]",14279.19,"[{""clase_y_caracteristicas"": ""vivienda habitual"", ""situacion"": ""Barcelona"", ""fecha_adquisicion"": ""2003"", ""derecho_sobre_el_bien"": ""100% del pleno dominio"", ""titulo_adquisicion"": ""compraventa""}, {""clase_y_caracteristicas"": ""piso con parquing en Barcelona a través de mi participacion en la patrimonial Hakkari S.L."", ""situacion"": ""Barcelona"", ""fecha_adquisicion"": ""2017"", ""derecho_sobre_el_bien"": ""51% de la plena propiedad desde noviembre de 2022"", ""titulo_adquisicion"": null}]",[],[],"[{""saldo"": 7445.16, ""fecha"": ""3 agosto 2023""}]",[],"[{""nombre"": ""OPPSHUNTER CONSULTANCY NETWORKING & COMMUNICATION S.L."", ""nif"": ""B66833013"", ""participacion"": ""51%"", ""valor"": 100341.09}, {""nombre"": ""HAKKARI PATRIMONIAL SL"", ""nif"": ""B67101576"", ""participacion"": ""51%"", ""valor"": 150441.26}, {""nombre"": ""Esportia SL"", ""participacion"": ""6.5%"", ""valor"": 36185.58}]","[{""nombre"": ""E-Players"", ""participacion"": ""25%"", ""valor"": 750}]","[{""fecha_adquisicion"": ""2017"", ""descripcion"": ""Moto Honda SH300i, uso personal""}]","[{""descripcion"": ""plan pensiones"", ""valor"": 7866.3}]","[{""descripcion"": ""Hipoteca de piso de residencia habitual"", ""fecha_concesion"": ""28/02/2003"", ""importe_concedido"": 234430.0, ""saldo_pendiente"": 68057.97}]",,243,fotos_diputados\deputy_243.jpg,Logo_partidos\deputy_0243.jpg,hemiciclo\hemi_0243_1616.gif,maria-pilar-calvo-gomez,
deputy_244_assets_000232_000_e_0000990_20230810.json,JOSEP MARIA CRUSET DOMÉNECH,CASADO,SEPARACIÓN DE BIENES,23/07/2023,10/08/2023,Diputado,TARRAGONA,,,https://twitter.com/jmcruset,,"[{""procedencia"": ""AUTORITAT PORTUÀRIA DE TARRAGONA"", ""concepto"": ""Percepciones netas de tipo salarial, sueldos, honorarios, aranceles y otras retribuciones"", ""euros"": ""87.546,43""}, {""procedencia"": ""DIPUTACIÓ DE TARRAGONA"", ""concepto"": ""Percepciones netas de tipo salarial, sueldos, honorarios, aranceles y otras retribuciones"", ""euros"": ""4.132,99""}]",[],[],[],28040.13,[],[],[],"[{""saldo"": ""107.053,72""}]",[],[],[],[],"[{""descripcion"": ""CRUSET DOMÉNECH AGRICOLES (B43677152) - 0.622%"", ""valor"": ""11.930,55""}, {""descripcion"": ""PLANES DE PENSIONES"", ""valor"": ""98.482,28""}]",[],,244,fotos_diputados\deputy_244.jpg,Logo_partidos\deputy_0244.jpg,hemiciclo\hemi_0244_1516.gif,josep-maria-cruset-domenech,124863.62
deputy_245_assets_000238_000_e_0001005_20230810.json,Marta Madrenas i Mir,divorciada,,23 de Julio de 2023,10 de Agosto de 2023,Diputada,Girona,https://www.facebook.com/marta.madrenas.mir,https://www.instagram.com/martamadrenas/,https://twitter.com/martamadrenas,,"[{""concepto"": ""Retribución como Diputada al Parlament de Catalunya"", ""euros"": 54834.22}, {""concepto"": ""Indemnización como Diputada al Parlament de Catalunya"", ""euros"": 25848.48}, {""concepto"": ""Indemnización Alcaldessa de Girona (importe máximo anual)"", ""euros"": 37084.48}]",[],"[{""concepto"": ""intereses bancarios"", ""euros"": 16.97}]",[],36281.89,"[{""clase"": ""vivienda (piso)"", ""situacion"": ""Girona"", ""fecha_adquisicion"": ""2006"", ""derecho"": ""50% de la nuda propiedad""}]",[],"[{""clase"": ""Vivienda (piso)"", ""situacion"": ""Girona"", ""fecha_adquisicion"": ""2021"", ""derecho"": ""50% usufructo""}, {""clase"": ""Vivienda (piso)"", ""situacion"": ""Girona"", ""fecha_adquisicion"": ""2021"", ""derecho"": ""propiedad""}]","[{""tipo"": ""depósito (50%)"", ""saldo"": 2307.15}, {""tipo"": ""depósito (100%)"", ""saldo"": 16017.81}, {""tipo"": ""depósito (100%)"", ""saldo"": 2420.22}, {""tipo"": ""depósito (50%)"", ""saldo"": 4460.29}]",[],"[{""descripcion"": ""99,99% titularidad de Sociedad Limitada \""Espectacles i Vivències\"""", ""valor"": 167990}]",[],[],[],[],,245,fotos_diputados\deputy_245.jpg,Logo_partidos\deputy_0245.jpg,hemiciclo\hemi_0245_1515.gif,marta-madrenas-i-mir,97457.92
deputy_246_assets_000235_000_e_0000998_20230810.json,ESPERANZA REYNAL REILLO,SOLTERA,,23/7/2023,10/8/2023,Diputado,VALENCIA,,,https://twitter.com/sepereynal,,"[{""concepto"": ""JEFE DE SECCIÓN HOSPITAL ARNAU DE VILANOVA-LLIRIA VALENCIA"", ""euros"": 78354.55}, {""concepto"": ""ACTIVIDAD AGRÍCOLA"", ""euros"": 5998.63}, {""concepto"": ""CURSO EN LA ESCUELA VALENCIANA DE ESTUDIOS EN SALUD PÚBLICA"", ""euros"": 1700}]",[],[],"[{""concepto"": null, ""euros"": 23892.09}]",23892.09,"[{""clase"": ""VIVIENDA"", ""situacion"": ""VALENCIA"", ""fecha_adquisicion"": ""1996"", ""derecho"": ""PLENO DOMINIO"", ""titulo"": ""COMPRAVENTA""}, {""clase"": ""VIVIENDA"", ""situacion"": ""EL SALER (VALENCIA)"", ""fecha_adquisicion"": ""2014"", ""derecho"": ""PLENO DOMINIO"", ""titulo"": ""COMPRAVENTA""}, {""clase"": ""VIVIENDA"", ""situacion"": ""ALCASSER (VALENCIA)"", ""fecha_adquisicion"": ""2013"", ""derecho"": ""50% PROPIEDAD"", ""titulo"": ""DONACIÓN""}, {""clase"": ""VIVIENDA"", ""situacion"": ""YATOVA (VALENCIA)"", ""fecha_adquisicion"": ""2013"", ""derecho"": ""50% PROPIEDAD"", ""titulo"": ""DONACIÓN""}, {""clase"": ""PROPIEDAD HORIZONTAL"", ""situacion"": ""ALCASSER (VALENCIA)"", ""fecha_adquisicion"": ""2013"", ""derecho"": ""50% PROPIEDAD"", ""titulo"": ""DONACIÓN""}]","[{""clase"": ""TERRENO RÚSTICO"", ""situacion"": ""ALCASSER (VALENCIA)"", ""fecha_adquisicion"": ""2013"", ""derecho"": ""50% PROPIEDAD"", ""titulo"": ""DONACIÓN""}, {""clase"": ""TERRENO RÚSTICO"", ""situacion"": ""ALCASSER (VALENCIA)"", ""fecha_adquisicion"": ""2013"", ""derecho"": ""50% PROPIEDAD"", ""titulo"": ""DONACIÓN""}, {""clase"": ""TERRENO RÚSTICO"", ""situacion"": ""PICASSENT (VALENCIA)"", ""fecha_adquisicion"": ""2013"", ""derecho"": ""50% PROPIEDAD"", ""titulo"": ""DONACIÓN""}]",[],"[{""tipo"": ""DEPÓSITOS EN CUENTAS CORRIENTES O DE AHORRO"", ""saldo"": 68350}]",[],[],[],"[{""fecha_adquisicion"": ""2009"", ""descripcion"": ""VW GOLF""}]",[],[],,246,fotos_diputados\deputy_246.jpg,Logo_partidos\deputy_0246.jpg,hemiciclo\hemi_0246_3704.gif,esperanza-reynal-reillo,91261.66
deputy_246_assets_000235_001_e_0008540_20240118.json,ESPERANZA REYNAL REILLO,SOLTERA,,23/07/2023,10/08/202,Diputado,VALENCIA,,,https://twitter.com/sepereynal,,"[{""concepto"": ""JEFE DE SECCIÓN HOSPITAL ARNAU DE VILANOVA-LLIRIA VALENCIA"", ""euros"": 78354.55}, {""concepto"": ""ACTIVIDAD AGRÍCOLA"", ""euros"": 5998.63}, {""concepto"": ""CURSO EN LA ESCUELA VALENCIANA DE ESTUDIOS EN SALUD PÚBLICA"", ""euros"": 1700}]",[],[],[],23892.09,"[{""clase"": ""VIVIENDA"", ""situacion"": ""VALENCIA"", ""fecha_adquisicion"": ""1996"", ""derecho"": ""PLENO DOMINIO"", ""titulo_adquisicion"": ""COMPRAVENTA""}, {""clase"": ""VIVIENDA"", ""situacion"": ""EL SALER"", ""fecha_adquisicion"": ""2014"", ""derecho"": ""PLENO DOMINIO"", ""titulo_adquisicion"": ""COMPRAVENTA""}, {""clase"": ""VIVIENDA"", ""situacion"": ""ALCASSER (VALENCIA)"", ""fecha_adquisicion"": ""2013"", ""derecho"": ""50% PROPIEDAD"", ""titulo_adquisicion"": ""DONACIÓN""}, {""clase"": ""VIVIENDA"", ""situacion"": ""YATOVA (VALENCIA)"", ""fecha_adquisicion"": ""2013"", ""derecho"": ""50% PROPIEDAD"", ""titulo_adquisicion"": ""DONACIÓN""}, {""clase"": ""PROPIEDAD HORIZONTAL"", ""situacion"": ""ALCASSER (VALENCIA)"", ""fecha_adquisicion"": ""2013"", ""derecho"": ""50% PROPIEDAD"", ""titulo_adquisicion"": ""DONACIÓN""}]","[{""clase"": ""TERRENO RÚSTICO"", ""situacion"": ""ALCASSER (VALENCIA)"", ""fecha_adquisicion"": ""2013"", ""derecho"": ""50% PROPIEDAD"", ""titulo_adquisicion"": ""DONACIÓN""}, {""clase"": ""TERRENO RÚSTICO"", ""situacion"": ""ALCASSER (VALENCIA)"", ""fecha_adquisicion"": ""2013"", ""derecho"": ""50% PROPIEDAD"", ""titulo_adquisicion"": ""DONACIÓN""}, {""clase"": ""TERRENO RÚSTICO"", ""situacion"": ""ALCASSER (VALENCIA)"", ""fecha_adquisicion"": ""2013"", ""derecho"": ""50% PROPIEDAD"", ""titulo_adquisicion"": ""DONACIÓN""}]",[],"[{""tipo"": ""DEPÓSITOS EN CUENTAS CORRIENTES O DE AHORRO"", ""saldo"": 60000}]",[],[],[],"[{""fecha_adquisicion"": ""2024"", ""descripcion"": ""Mercedes GLA""}]",[],"[{""descripcion"": ""Préstamo coche"", ""fecha_concesion"": ""13/1/2024"", ""importe_concedido"": 19000, ""saldo_pendiente"": null}]",,246,fotos_diputados\deputy_246.jpg,Logo_partidos\deputy_0246.jpg,hemiciclo\hemi_0246_3704.gif,esperanza-reynal-reillo,91261.66
deputy_247_assets_000239_000_e_0001006_20230810.json,CARLOS GIL SANTIAGO,DIVORCIADO,,23 DE JULIO DE 2023,10 DE AGOSTO DE 2023,Diputado,VALENCIA,,,https://twitter.com/CarlosGilS,,"[{""procedencia"": ""DIPUTACIÓN PROVINCIAL DE VALENCIA"", ""concepto"": null, ""euros"": 57146.92}, {""procedencia"": ""UNIVERSITAT POLITÉCNICA DE VALENCIA"", ""concepto"": null, ""euros"": 2545.13}, {""procedencia"": ""UNIVERSITAT DE VALENCIA"", ""concepto"": null, ""euros"": 2946.6}]","[{""procedencia"": ""COOPERATIVA AGRÍCOLA (BENICALAF, S.L.)"", ""concepto"": null, ""euros"": 39.47}]","[{""procedencia"": ""CAIXABANK S.A."", ""concepto"": null, ""euros"": 2.34}]",[],16964.61,"[{""clase_y_caracteristicas"": ""VIVIENDA HABITUAL (UNIFAMILIAR)"", ""situacion"": ""BENAVITES"", ""fecha_adquisicion"": ""2009"", ""derecho_sobre_el_bien"": ""PROPIEDAD 100%"", ""titulo_adquisicion"": ""Extinción condominio (Herencia)""}, {""clase_y_caracteristicas"": ""VIVIENDA UNIFAMILIAR"", ""situacion"": ""SIMAT DE VALLDIGNA"", ""fecha_adquisicion"": ""2007"", ""derecho_sobre_el_bien"": ""PROPIEDAD 50%"", ""titulo_adquisicion"": ""Compraventa""}, {""clase_y_caracteristicas"": ""SEGUNDA VIVIENDA (PLAYA)"", ""situacion"": ""SAGUNTO"", ""fecha_adquisicion"": ""2009"", ""derecho_sobre_el_bien"": ""PROPIEDAD 25%"", ""titulo_adquisicion"": ""Extinción condominio (Herencia)""}]","[{""clase_y_caracteristicas"": ""HUERTO NARANJOS (2.00 Hg)"", ""situacion"": ""ALMENARA"", ""fecha_adquisicion"": ""2009"", ""derecho_sobre_el_bien"": ""PROPIEDAD 100%"", ""titulo_adquisicion"": ""Extinción condominio (Herencia)""}, {""clase_y_caracteristicas"": ""HUERTO NARANJOS (0.50 Hg)"", ""situacion"": ""BENAVITES"", ""fecha_adquisicion"": ""2009"", ""derecho_sobre_el_bien"": ""PROPIEDAD 100%"", ""titulo_adquisicion"": ""Extinción condominio (Herencia)""}]",[],"[{""tipo"": ""CUENTA AHORRO VISTA"", ""saldo"": 1450.0}]","[{""descripcion"": ""100% PARTICIPACIONES EN GIL, PELEGRÍ INICIATIVAS Y PROYECTOS, S.L."", ""valor"": 3000.0}]",[],[],[],"[{""descripcion"": ""PLAN DE EMPLEO CAIXABANK"", ""valor"": 707.01}, {""descripcion"": ""PLAN DE PENSIONES"", ""valor"": 1664.31}]","[{""descripcion"": ""HIPOTECA ABIERTA CAIXABANK"", ""fecha_concesion"": ""22/06/2007"", ""importe_concedido"": 194560.0, ""saldo_pendiente"": 136170.51}, {""descripcion"": ""HIPOTECA ABIERTA CAIXABANK"", ""fecha_concesion"": ""02/06/2011"", ""importe_concedido"": 100000.0, ""saldo_pendiente"": 46211.26}, {""descripcion"": ""PRESTAMO PERSONAL CAIXABANK"", ""fecha_concesion"": ""11/07/2018"", ""importe_concedido"": 30000.0, ""saldo_pendiente"": 13820.81}]",,247,fotos_diputados\deputy_247.jpg,Logo_partidos\deputy_0247.jpg,hemiciclo\hemi_0247_3812.gif,carlos-gil-santiago,85645.7
deputy_247_assets_000239_001_e_0004230_20231115.json,CARLOS GIL SANTIAGO,,,,,DIPUTADO,,,,https://twitter.com/CarlosGilS,,[],[],[],[],16964.61,"[{""clase_y_caracteristicas"": ""VIVIENDA HABITUAL (UNIFAMILIAR)"", ""situacion"": ""BENAVITES"", ""fecha_adquisicion"": ""2009"", ""derecho_sobre_el_bien"": ""PROPIEDAD 100%"", ""titulo_adquisicion"": ""Extinción de condominio (Herencia)""}, {""clase_y_caracteristicas"": ""VIVIENDA UNIFAMILIAR"", ""situacion"": ""SIMAT DE VALLDIGNA"", ""fecha_adquisicion"": ""2007"", ""derecho_sobre_el_bien"": ""PROPIEDAD 50%"", ""titulo_adquisicion"": ""Compraventa""}, {""clase_y_caracteristicas"": ""SEGUNDA VIVIENDA (PLAYA)"", ""situacion"": ""SAGUNTO"", ""fecha_adquisicion"": ""2009"", ""derecho_sobre_el_bien"": ""PROPIEDAD 25%"", ""titulo_adquisicion"": ""Extinción condominio (Herencia)""}]","[{""clase_y_caracteristicas"": ""HUERTO NARANJOS (2,00 Hg)"", ""situacion"": ""ALMENARA"", ""fecha_adquisicion"": ""2009"", ""derecho_sobre_el_bien"": ""PROPIEDAD 100%"", ""titulo_adquisicion"": ""Extinción condominio (Herencia)""}, {""clase_y_caracteristicas"": ""HUERTO NARANJOS (0,50 Hg)"", ""situacion"": ""BENAVITES"", ""fecha_adquisicion"": ""2009"", ""derecho_sobre_el_bien"": ""PROPIEDAD 100%"", ""titulo_adquisicion"": ""Extinción condominio (Herencia)""}]",[],"[{""tipo"": ""CUENTA AHORRO VISTA"", ""saldo"": 1450.0}]",[],"[{""descripcion"": ""100% PARTICIPACIONES EN GIL PELEGRÍ INICIATIVAS Y PROYECTOS. S.L."", ""valor"": 3000.0}]",[],"[{""fecha_adquisicion"": ""18/10/2023"", ""descripcion"": ""FORD KUGA""}]","[{""descripcion"": ""PLAN DE EMPLEO CAIXABANK"", ""valor"": 707.01}, {""descripcion"": ""PLAN DE PENSIONES"", ""valor"": 1664.31}]","[{""descripcion"": ""HIPOTECA ABIERTA CAIXABANK"", ""fecha_concesion"": ""22/06/2007"", ""importe_concedido"": 194560.0, ""saldo_pendiente"": 136170.51}, {""descripcion"": ""HIPOTECA ABIERTA CAIXABANK"", ""fecha_concesion"": ""02/06/2011"", ""importe_concedido"": 100000.0, ""saldo_pendiente"": 46211.26}, {""descripcion"": ""PRESTAMO PERSONAL CAIXABANK"", ""fecha_concesion"": ""11/07/2018"", ""importe_concedido"": 30000.0, ""saldo_pendiente"": 13820.81}]",,247,fotos_diputados\deputy_247.jpg,Logo_partidos\deputy_0247.jpg,hemiciclo\hemi_0247_3812.gif,carlos-gil-santiago,85645.7
deputy_248_assets_000230_000_e_0000979_20230810.json,FERNANDO DE ROSA TORNER,CASADO,GANANCIALES,23 JULIO 2023,10 AGOSTO 2023,Diputado,VALENCIA / CONGRESO DE LOS DIPUTADOS,,,https://twitter.com/fernandoderosa4,,"[{""procedencia"": ""Secretaria General de la Administracion de Justicia"", ""concepto"": ""CONCEPTO TRIENIO"", ""euros"": 12600}]","[{""procedencia"": ""Dividendos Acciones Banco Santander"", ""euros"": 2.78}]","[{""procedencia"": ""Rendimiento cuenta Banco Santander"", ""euros"": 20.48}]","[{""procedencia"": ""Alquiler 2 oficinas en Valencia"", ""euros"": 15552}, {""procedencia"": ""Cdad. de Propietarios Barón de Carcer - Valencia"", ""euros"": 325.86}]",25184.86,"[{""clase_y_caracteristicas"": ""INMUEBLE"", ""situacion"": ""VALENCIA"", ""fecha_adquisicion"": ""2009"", ""derecho_sobre_el_bien"": ""PLENO DOMINIO"", ""titulo_adquisicion"": ""HERENCIA""}, {""clase_y_caracteristicas"": ""INMUEBLE"", ""situacion"": ""VALENCIA"", ""fecha_adquisicion"": ""2009"", ""derecho_sobre_el_bien"": ""PLENO DOMINIO"", ""titulo_adquisicion"": ""HERENCIA""}, {""clase_y_caracteristicas"": ""25% INMBUEBLE"", ""situacion"": ""DENIA (ALICANTE)"", ""fecha_adquisicion"": ""1980"", ""derecho_sobre_el_bien"": ""PLENO DOMINIO"", ""titulo_adquisicion"": ""HERENCIA""}, {""clase_y_caracteristicas"": ""50% INMUEBLE"", ""situacion"": ""NAQUERA (VALENCIA)"", ""fecha_adquisicion"": ""1996"", ""derecho_sobre_el_bien"": ""PLENO DOMINIO"", ""titulo_adquisicion"": ""COMPRA""}]",[],[],"[{""descripcion"": ""Cuenta Corriente en Banco Santander"", ""saldo"": 4000}, {""descripcion"": ""CUENTA IBERCAJA"", ""saldo"": 6000}]",[],"[{""descripcion"": ""2 Acciones Banco Santander"", ""valor"": 8.7}]",[],"[{""fecha_adquisicion"": ""JUNIO 2006"", ""descripcion"": ""Mercedes C-180 Kompresor""}]",[],"[{""prestamo"": ""Hipoteca Banco Santander sobre Inmueble en Naquera (Valencia)"", ""fecha_concesion"": ""1996"", ""importe_concedido"": 300000, ""saldo_pendiente"": 120000}]",,248,fotos_diputados\deputy_248.jpg,Logo_partidos\deputy_0248.jpg,hemiciclo\hemi_0248_5604.gif,fernando-rosa-torner,
deputy_249_assets_000241_000_e_0001014_20230810.json,Blanca Armario González,Soltera,,23 de julio de 2023,10 de agosto de 2023,Diputado,Cádiz,https://www.facebook.com/profile.php?id=100083562305859,https://www.instagram.com/blancaarmario/,https://twitter.com/armarioblanca,,"[{""concepto"": ""Rendimiento neto de trabajo como diputada autonómica 2022"", ""euros"": ""46.319,79""}]",[],[],[],4750.45,[],[],[],"[{""tipo"": ""DEPOSITOS EN CUENTAS CORRIENTES ADEMÁS DE PLAN DE PENSIONES"", ""saldo"": ""23.222,21""}]",[],[],[],"[{""fecha_adquisicion"": ""2016"", ""descripcion"": ""MITSUBISHI ASX""}]","[{""descripcion"": ""Plan de pensiones Banco Santander"", ""valor"": ""7846,17""}]","[{""descripcion"": ""PRESTAMO AUTOMÓVIL CON FINANCIERA BBVA"", ""fecha_concesion"": ""31-07-2016"", ""importe_concedido"": ""37.512,29"", ""saldo_pendiente"": ""12.846,01""}]",,249,fotos_diputados\deputy_249.jpg,Logo_partidos\deputy_0249.jpg,hemiciclo\hemi_0249_2705.gif,blanca-armario-gonzalez,91261.66
deputy_249_assets_000241_001_e_0051258_20241211.json,Blanca Armario González,Soltera,,23-07-2023,10-08-2023,Diputado,Cádiz,https://www.facebook.com/profile.php?id=100083562305859,https://www.instagram.com/blancaarmario/,https://twitter.com/armarioblanca,,[],[],[],[],,"[{""clase_y_caracteristicas"": ""Vivienda"", ""situacion"": ""Cádiz"", ""fecha_adquisicion"": ""2-12-2024"", ""derecho_sobre_el_bien"": ""Pleno dominio""}]",[],[],[],[],[],[],[],[],"[{""prestamo"": ""IBERCAJA"", ""fecha_concesion"": ""2-2-2024"", ""importe_concedido"": 172000, ""saldo_pendiente"": 172000}]",,249,fotos_diputados\deputy_249.jpg,Logo_partidos\deputy_0249.jpg,hemiciclo\hemi_0249_2705.gif,blanca-armario-gonzalez,91261.66
deputy_250_assets_000233_000_e_0000991_20230810.json,PEDRO NAVARRO LÓPEZ,CASADO,SEPARACIÓN DE BIENES,23/07/2023,10/08/2023,Diputado,ZARAGOZA,,https://www.instagram.com/pedro_navarr0/,https://twitter.com/PedroNavarroL,,"[{""concepto"": ""DOCENCIA UNIVERSITARIA"", ""euros"": 2987.12}]",[],"[{""concepto"": ""ARRENDAMIENTO DE VIVIENDA"", ""euros"": 6523.76}]",[],16254.45,"[{""clase_y_caracteristicas"": ""PISO Y TRASTERO"", ""situacion"": ""ZARAGOZA"", ""fecha_adquisicion"": ""2010"", ""derecho_sobre_el_bien"": ""PLENO DOMINIO CV""}, {""clase_y_caracteristicas"": ""PISO Y GARAGE"", ""situacion"": ""ZARAGOZA"", ""fecha_adquisicion"": ""2020"", ""derecho_sobre_el_bien"": ""20% NUDA PROP. HERENCIA""}, {""clase_y_caracteristicas"": ""PISO Y GARAGE"", ""situacion"": ""ZARAGOZA"", ""fecha_adquisicion"": ""2020"", ""derecho_sobre_el_bien"": ""20% NUDA PROP. HERENCIA""}, {""clase_y_caracteristicas"": ""PISO Y GARAGE"", ""situacion"": ""ZARAGOZA"", ""fecha_adquisicion"": ""2020"", ""derecho_sobre_el_bien"": ""20% NUDA PROP. HERENCIA""}, {""clase_y_caracteristicas"": ""PISO, GARAGE Y 2 TRASTEROS"", ""situacion"": ""HUESCA"", ""fecha_adquisicion"": ""2020"", ""derecho_sobre_el_bien"": ""20% NUDA PROP. HERENCIA""}]",[],[],"[{""tipo"": ""CUENTAS CORRIENTES"", ""saldo"": 53200}, {""tipo"": ""PLAN DE PENSIONES"", ""saldo"": 7561.47}]",[],[],[],[],[],"[{""descripcion"": ""PRESTAMO HIPOTECARIO"", ""fecha_concesion"": ""2010"", ""importe_concedido"": 274091.78, ""saldo_pendiente"": 159702.5}]",,250,fotos_diputados\deputy_250.jpg,Logo_partidos\deputy_0250.jpg,hemiciclo\hemi_0250_3504.gif,pedro-navarro-lopez,91261.66
deputy_251_assets_000243_000_e_0001019_20230810.json,MARIA DEL MAR GONZALEZ BELLA,CASADA,CONSORCIAL ARAGONES,23 JULIO 2023,10 AGOSTO 2023,Diputado,,,,,,"[{""concepto"": ""SALARIO ABOGACÍA DEL ESTADO LEFEBVRE- COLABORACIÓN OBRA COLECTIVA (964.66, ya incluidos) CHARLA - ASOCIACIÓN DE ASESORES FISCALES (340, ya incluidos)"", ""euros"": ""104.481,24""}]",[],"[{""concepto"": ""INTERESES DE EXTINCIÓN DE CUENTA AHORRO"", ""euros"": ""444.03""}]",[],35519.02,"[{""clase"": ""PISO"", ""situacion"": ""ZARAGOZA"", ""fecha_adquisicion"": ""2010"", ""derecho"": ""50% PLENO DOMINIO"", ""titulo"": ""COMPRAVENTA""}, {""clase"": ""GARAJE"", ""situacion"": ""ZARAGOZA"", ""fecha_adquisicion"": ""2010"", ""derecho"": ""100% PLENO DOMINIO"", ""titulo"": ""COMPRAVENTA""}, {""clase"": ""PISO"", ""situacion"": ""ZARAGOZA"", ""fecha_adquisicion"": ""2022"", ""derecho"": ""50% PLENO DOMINIO"", ""titulo"": ""COMPRAVENTA""}, {""clase"": ""GARAJE"", ""situacion"": ""ZARAGOZA"", ""fecha_adquisicion"": ""2022"", ""derecho"": ""50% PLENO DOMINIO"", ""titulo"": ""COMPRAVENTA""}, {""clase"": ""CASA"", ""situacion"": ""TERUEL"", ""fecha_adquisicion"": ""2018"", ""derecho"": ""50% PLENO DOMINIO"", ""titulo"": ""COMPRAVENTA""}, {""clase"": ""SUELO SIN EDIFICAR"", ""situacion"": ""TERUEL"", ""fecha_adquisicion"": ""2013"", ""derecho"": ""25% PLENO DOMINIO"", ""titulo"": ""COMPRAVENTA""}]",[],[],"[{""tipo"": ""CUENTA CORRIENTE"", ""saldo"": ""12.925""}]",[],[],[],"[{""fecha_adquisicion"": ""MAYO 2017"", ""descripcion"": ""VOLKSWAGEN TIGUAN""}]","[{""tipo"": ""PLAN DE PENSIONES"", ""valor"": ""9.297,52""}]","[{""descripcion"": ""PRESTAMO PERSONAL FAMILIAR"", ""fecha_concesion"": ""JULIO 2022"", ""importe_concedido"": ""70.000"", ""saldo_pendiente"": ""63.000""}, {""descripcion"": ""PRESTAMO PERSONAL FAMILIAR"", ""fecha_concesion"": ""JUNIO 2023"", ""importe_concedido"": ""10.000"", ""saldo_pendiente"": ""10.000""}]",,251,fotos_diputados\deputy_251.jpg,Logo_partidos\deputy_0251.jpg,,maria-mar-gonzalez-bella,
deputy_251_assets_000243_002_e_0051601_20241212.json,MARIA DEL MAR GONZALEZ BELLA,CASADA,CONSORCIAL ARAGONES,23 JULIO 2023,10 AGOSTO 2023,Diputado,ZARAGOZA,,,,,"[{""concepto"": ""TRIENIOS. ANTIGÜEDAD ABOGACÍA DEL ESTADO"", ""euros"": 3131.11}]",[],[],"[{""concepto"": ""ALQUILER INMUEBLE"", ""euros"": 6300}]",6205.87,[],[],[],"[{""tipo"": ""CUENTA CORRIENTE"", ""saldo"": 59106}]",[],[],[],"[{""fecha_adquisicion"": ""MAYO 2017"", ""descripcion"": ""VOLKSWAGEN TIGUAN""}]","[{""descripcion"": ""PLAN PENSIONES"", ""valor"": 10018}]","[{""descripcion"": ""PRESTAMO PERSONAL"", ""fecha_concesion"": ""JULIO 2022"", ""importe_concedido"": 70000, ""saldo_pendiente"": 47000}, {""descripcion"": ""PRESTAMO PERSONAL"", ""fecha_concesion"": ""JULIO 2023"", ""importe_concedido"": 10000, ""saldo_pendiente"": 10000}]",,251,fotos_diputados\deputy_251.jpg,Logo_partidos\deputy_0251.jpg,,maria-mar-gonzalez-bella,
deputy_252_assets_000236_000_e_0000999_20230810.json,JAVIER ALFONSO CENDÓN,CASADO,SEPARACIÓN DE BIENES,23 DE JULIO DE 2023,10 DE AGOSTO DE 2023,Senador,LEÓN,https://www.facebook.com/alfonsocendon,https://www.instagram.com/alfonsocendon/,https://twitter.com/alfonsocendon,,"[{""concepto"": ""COMPLEMENTO DE ANTIGÜEDAD (TRIENIOS) COMO PROFESOR TITULAR DE UNIVERSIDAD (UNIVERSIDAD DE LEÓN)"", ""euros"": 2288.16}]",[],"[{""concepto"": ""ARRENDAMIENTO DE VIVIENDA (50%)"", ""euros"": 3240.0}]",[],,"[{""clase"": ""PISO"", ""situacion"": ""LEÓN"", ""fecha_adquisicion"": ""2010"", ""derecho"": ""PLENO DOMINIO COMPRAVENTA""}, {""clase"": ""PLAZA DE APARCAMIENTO"", ""situacion"": ""LEÓN"", ""fecha_adquisicion"": ""2010"", ""derecho"": ""PLENO DOMINIO COMPRAVENTA""}, {""clase"": ""PISO"", ""situacion"": ""LEÓN"", ""fecha_adquisicion"": ""2016"", ""derecho"": ""PLENO DOMINIO HERENCIA 50% DECLARANTE""}]","[{""clase"": ""FINCA RÚSTICA"", ""situacion"": ""LEÓN"", ""fecha_adquisicion"": ""2016"", ""derecho"": ""PLENO DOMINIO HERENCIA""}]",[],"[{""saldo"": 64869.9}]",[],[],[],"[{""fecha_adquisicion"": ""2016"", ""descripcion"": ""VEHÍCULO MERCEDES BENZ CLA 220""}]","[{""descripcion"": ""PLAN DE PENSIONES"", ""valor"": 90500.0}, {""descripcion"": ""SEGURO DE VIDA EN CAIXA BANK"", ""valor"": 26566.48}]","[{""prestamo"": ""PRESTAMO HIPOTECARIO CONCEDIDO POR CAIXA BANK"", ""fecha_concesion"": ""16/12/2010"", ""importe_concedido"": 176000.0, ""saldo_pendiente"": 96502.84}]",,252,fotos_diputados\deputy_252.jpg,Logo_partidos\deputy_0252.jpg,hemiciclo\hemi_0252_1204.gif,javier-alfonso-cendon,108015.32
deputy_253_assets_000242_000_e_0001017_20230810.json,D. FÉLIX BOLAÑOS GARCÍA,Soltero / Pareja de Hecho,,23/07/2023,10/08/2023,Diputado,MADRID,,,,,"[{""concepto"": ""MINISTRO DE LA PRESIDENCIA, RELACIONES CON LAS CORTES Y MEMORIA DEMOCRÁTICA"", ""euros"": ""77.667,96€ (Brutos Anuales)""}]",[],"[{""concepto"": null, ""euros"": ""4,79€""}]","[{""concepto"": ""Alquiler piso Madrid"", ""euros"": ""11.797,50€""}]",22357.33,"[{""clase"": ""VIVIENDA"", ""situacion"": ""MADRID"", ""fecha_adquisicion"": ""25/05/2012"", ""derecho"": ""PLENO DOMINIO (50%)"", ""titulo"": ""COMPRAVENTA""}, {""clase"": ""VIVIENDA"", ""situacion"": ""MADRID"", ""fecha_adquisicion"": ""10/05/2005"", ""derecho"": ""PLENO DOMINIO"", ""titulo"": ""COMPRAVENTA""}, {""clase"": ""VIVIENDA"", ""situacion"": ""ALMERÍA"", ""fecha_adquisicion"": ""30/03/2019"", ""derecho"": ""PLENO DOMINIO"", ""titulo"": ""COMPRAVENTA""}, {""clase"": ""GARAGE"", ""situacion"": ""ALMERÍA"", ""fecha_adquisicion"": ""30/03/2019"", ""derecho"": ""PLENO DOMINIO"", ""titulo"": ""COMPRAVENTA""}]",[],[],"[{""tipo"": ""DEPÓSITOS EN CUENTAS CORRIENTES"", ""saldo"": ""67.851,83€""}, {""tipo"": ""FONDOS DE INVERSIÓN"", ""saldo"": ""60.613,97€""}, {""tipo"": ""PLAN DE PENSIONES DE EMPLEO"", ""saldo"": ""84.406,64€""}]",[],"[{""descripcion"": ""ACCIONES COTIZADAS EN BOLSA"", ""valor"": ""1.963,78€""}]",[],"[{""fecha_adquisicion"": ""30/01/2015"", ""descripcion"": ""VEHÍCULO NISSAN X-TRAIL (2015)""}]","[{""descripcion"": ""SEGURO DE VIDA VINCULADO A HIPOTECA"", ""valor"": null}, {""descripcion"": ""MICROCRÉDITO AL PSOE (ELECCIONES GENERALES 2023)"", ""valor"": ""110.000€""}]","[{""descripcion"": ""HIPOTECA (50%)"", ""fecha_concesion"": ""25/05/2012"", ""importe_concedido"": ""212.000€"", ""saldo_pendiente"": ""122.845,31€""}, {""descripcion"": ""PRESTAMO NO HIPOTECARIO"", ""fecha_concesion"": ""03/07/2008"", ""importe_concedido"": ""180.000€"", ""saldo_pendiente"": ""106.591,56€""}]","SOY PROPIETARIO DE UN GARAGE EN UNA VIVIENDA DE MADRID, QUE NO TIENE VALOR CATASTRAL PROPIO NI ES UNA FINCA INDEPENDIENTE EN EL REGISTRO DE LA PROPIEDAD",253,fotos_diputados\deputy_253.jpg,Logo_partidos\deputy_0253.jpg,hemiciclo\hemi_0253_1105.gif,d-felix-bolanos-garcia,
deputy_254_assets_000245_000_e_0001027_20230810.json,ALMA ELVIRA ALFONSO SILVESTRE,CASADA,SEPARACIÓN DE BIENES,23 DE JULIO DE 2023,10 DE AGOSTO DE 2023,Diputado,VALENCIA,,,,,[],[],[],[],,"[{""clase_y_caracteristicas"": ""VIVIENDA"", ""situacion"": ""VALENCIA"", ""fecha_adquisicion"": ""2023"", ""derecho_sobre_el_bien"": ""50% PLENO DOMINIO, PRIVATIVO, DONACIÓN""}, {""clase_y_caracteristicas"": ""VIVIENDA, PLAZA DE GARAJE Y TRASTERO"", ""situacion"": ""VALENCIA"", ""fecha_adquisicion"": ""2022"", ""derecho_sobre_el_bien"": ""PRIVATIVO, COMPRAVENTA""}]",[],[],"[{""tipo"": ""CUENTAS BANCARIAS A LA VISTA"", ""saldo"": 17353.41}]",[],[],[],[],[],[],Soy autónoma colaboradora y las rentas que se obtienen de los rendimientos de mi trabajo van destinadas a la cuenta de la empresa en la que desarrollo el mismo. No dispongo de participación alguna en la empresa.,254,fotos_diputados\deputy_254.jpg,Logo_partidos\deputy_0254.jpg,hemiciclo\hemi_0254_3604.gif,alma-elvira-alfonso-silvestre,
deputy_255_assets_000244_000_e_0001023_20230810.json,GUILLERMO MARISCAL ANAYA,SOLTERO,,23 de julio 2023,10 agosto de 2023,Diputado,LAS PALMAS,,https://www.instagram.com/guillermomariscalanaya/,https://twitter.com/gmariscalanaya,,"[{""procedencia"": ""Cortes Generales XIV Legislatura"", ""concepto"": ""Sueldo Diputado"", ""euros"": ""90.264,16 €""}, {""procedencia"": ""Grupo Parlamentario Popular"", ""concepto"": null, ""euros"": ""13.633,18€""}]","[{""procedencia"": null, ""concepto"": ""Dividendos"", ""euros"": ""521,97 €""}]","[{""procedencia"": null, ""concepto"": ""Intereses de cuentas, depositos"", ""euros"": ""188,98€""}]",[],28877.01,"[{""clase_y_caracteristicas"": ""Piso"", ""situacion"": ""Madrid"", ""fecha_adquisicion"": ""2007"", ""derecho_sobre_el_bien"": ""Pleno dominio""}]",[],[],"[{""descripcion"": ""Cuenta corriente Banco Santander y Banco Sabadell"", ""saldo"": ""3.954,33 €""}]",[],"[{""descripcion"": ""Acciones BBVA"", ""valor"": ""1.789,48 €""}, {""descripcion"": ""Acciones Banco Santander"", ""valor"": ""12.516,14 €""}, {""descripcion"": ""Acciones Telefónica"", ""valor"": ""1.055,53 €""}]",[],"[{""fecha_adquisicion"": ""2018"", ""descripcion"": ""Volvo XC70 (2016)""}]","[{""descripcion"": ""Plan de pensión"", ""valor"": ""2.036,31 €""}, {""descripcion"": ""Seguro de Ahorro (Banco Santander)"", ""valor"": ""20.372,66 €""}, {""descripcion"": ""Fondo Santander (FI clase A)"", ""valor"": ""6.546,76 €""}]","[{""descripcion"": ""Hipoteca"", ""fecha_concesion"": ""2007"", ""importe_concedido"": ""300.000 €"", ""saldo_pendiente"": ""156.370,39 €""}, {""descripcion"": ""Prestamo compra vehículo"", ""fecha_concesion"": ""2018"", ""importe_concedido"": ""22.330,00 €"", ""saldo_pendiente"": ""13.728,90 €""}, {""descripcion"": ""Prestamo personal"", ""fecha_concesion"": ""2019"", ""importe_concedido"": ""21.704,67 €"", ""saldo_pendiente"": ""4.856,73 €""}]",,255,fotos_diputados\deputy_255.jpg,Logo_partidos\deputy_0255.jpg,hemiciclo\hemi_0255_8.gif,guillermo-mariscal-anaya,125006.98
deputy_255_assets_000244_001_e_0052800_20241227.json,GUILLERMO MARISCAL ANAYA,SOLTERO,,23 DE JULIO 2023,10 DE AGOSTO DE 2023,Senador,LAS PALMAS,,https://www.instagram.com/guillermomariscalanaya/,https://twitter.com/gmariscalanaya,,[],"[{""concepto"": ""DIVIDENDOS"", ""euros"": 705.61}]","[{""concepto"": ""INTERESES DE CUENTAS, DEPÓSITOS"", ""euros"": 167.44}]","[{""concepto"": ""ALQUILER DE VIVIENDA"", ""euros"": 1144.12, ""periodicidad"": ""mensual""}]",29410.64,"[{""clase"": ""PISO"", ""situacion"": ""TELDE"", ""fecha_adquisicion"": ""2024"", ""derecho"": ""PLENO DOMINIO""}, {""clase"": ""PISO"", ""situacion"": ""MADRID"", ""fecha_adquisicion"": ""2007"", ""derecho"": ""PLENO DOMINIO""}]",[],[],"[{""descripcion"": ""CUENTA CORRIENTE BANCO SANTANDER Y BANCO SABADELL"", ""saldo"": 6251.97}]",[],"[{""descripcion"": ""ACCIONES BANCO SANTANDER"", ""valor"": 4371.23}]",[],"[{""fecha_adquisicion"": ""2018"", ""descripcion"": ""VOLVO XC70 (2016)""}]","[{""descripcion"": ""PLAN DE PENSIONES"", ""valor"": 2175.72}]","[{""descripcion"": ""HIPOTECA"", ""fecha_concesion"": ""2007"", ""importe_concedido"": 300000, ""saldo_pendiente"": 143978.6}, {""descripcion"": ""PRESTAMO PERSONAL"", ""fecha_concesion"": ""2021"", ""importe_concedido"": 20613.58, ""saldo_pendiente"": 9193.52}, {""descripcion"": ""HIPOTECA"", ""fecha_concesion"": ""2024"", ""importe_concedido"": 46000, ""saldo_pendiente"": 46000}]",La presente declaración sustituye a la anteriormente presentada.,255,fotos_diputados\deputy_255.jpg,Logo_partidos\deputy_0255.jpg,hemiciclo\hemi_0255_8.gif,guillermo-mariscal-anaya,125006.98
deputy_256_assets_000246_000_e_0001029_20230810.json,Andrés Alberto Rodríguez Almeida,Casado,Separación de bienes,23 de julio de 2023,10 de agosto de 2023,Diputado,,https://www.facebook.com/albertville,https://www.instagram.com/albertorodriguezalmeida_vox/,https://twitter.com/AlbertoRA_VOX,,"[{""concepto"": ""Retribución por administración y trabajos a sociedades"", ""euros"": 115000}, {""concepto"": ""Grupo Parlamentario VOX"", ""euros"": 7384.62}]",[],[],[],66874.05,"[{""clase"": ""Vivienda y plaza de aparcamiento"", ""situacion"": ""Las Palmas"", ""fecha_adquisicion"": ""21/02/2003"", ""derecho"": ""100% Pleno dominio. Compraventa.""}, {""clase"": ""2 plazas de aparcamiento"", ""situacion"": ""Las Palmas"", ""fecha_adquisicion"": ""14/05/2003"", ""derecho"": ""100% Pleno dominio. Compraventa.""}, {""clase"": ""Trastero"", ""situacion"": ""Las Palmas"", ""fecha_adquisicion"": ""28/06/2002"", ""derecho"": ""100% Pleno dominio. Compraventa.""}]",[],"[{""clase"": ""10 locales comerciales"", ""situacion"": ""Las Palmas"", ""fecha_adquisicion"": ""14/02/2001"", ""derecho"": ""Pleno dominio. Compraventa.""}, {""clase"": ""2 locales comerciales y 1 plaza de aparcamiento"", ""situacion"": ""Las Palmas"", ""fecha_adquisicion"": ""31/03/2006"", ""derecho"": ""Pleno dominio. Compraventa.""}, {""clase"": ""1 plaza de aparcamiento"", ""situacion"": ""Las Palmas"", ""fecha_adquisicion"": ""29/12/2006"", ""derecho"": ""Pleno dominio. Compraventa.""}]","[{""saldo"": 12876.02, ""fecha"": ""31 de diciembre de 2022""}]","[{""descripcion"": ""Participaciones de Inventia Factory SL (valor teórico-contable)"", ""valor"": 3122070.0}, {""descripcion"": ""Participaciones de Frosua Blue Star SL (valor teórico-contable)"", ""valor"": 3502.44}]",[],"[{""descripcion"": ""CPEI Garabato SL"", ""valor"": null}, {""descripcion"": ""Desarrollos Tecnológicos Inventia SL"", ""valor"": null}]","[{""fecha_adquisicion"": ""07/12/2006"", ""descripcion"": ""BMW 330xi""}, {""fecha_adquisicion"": ""23/10/2014"", ""descripcion"": ""Mercedes-Benz V250""}]","[{""valor"": 44812.0}, {""valor"": 45430.39}]","[{""descripcion"": ""Hipotecario de ING Direct"", ""fecha_concesion"": ""10/12/2007"", ""importe_concedido"": 519857.65, ""saldo_pendiente"": 312869.61}, {""descripcion"": ""Aval sobre préstamo personal de Bankinter a sociedad participada"", ""fecha_concesion"": ""29/04/2020"", ""importe_concedido"": 45000, ""saldo_pendiente"": 36060.73}, {""descripcion"": ""Aval sobre préstamo personal de Bankinter a sociedad participada"", ""fecha_concesion"": ""16/06/2020"", ""importe_concedido"": 73000, ""saldo_pendiente"": 50439.76}]",Se han tomado como referencia los saldos y valores contables a 31 de diciembre de 2022 para los bienes y derechos. El saldo pendiente de las deudas y obligaciones patrimoniales es del 31 de julio de 2023.,256,fotos_diputados\deputy_256.jpg,Logo_partidos\deputy_0256.jpg,hemiciclo\hemi_0256_2804.gif,andres-alberto-rodriguez-almeida,91261.66
deputy_257_assets_000247_000_e_0001034_20230811.json,OBDULIA TABOADELA ÁLVAREZ,CASADA,SEPARACIÓN DE BIENES,23/07/2023,11/08/2023,Diputado,A CORUÑA,,,https://twitter.com/OTaboadela,,"[{""concepto"": ""Retribución como consejera de la Embajada de España en Polonia"", ""euros"": 134400}]",[],"[{""concepto"": null, ""euros"": 66.96}]","[{""concepto"": ""Rentas como arrendadora de 2022"", ""euros"": 15900}]",7736.49,"[{""clase"": ""PISO"", ""situacion"": ""A CORUÑA"", ""fecha_adquisicion"": ""22/09/2016"", ""derecho"": ""PLENO DOMINIO 100%"", ""titulo_adquisicion"": ""COMPRAVENTA""}, {""clase"": ""PISO"", ""situacion"": ""A CORUÑA"", ""fecha_adquisicion"": ""04/10/2019"", ""derecho"": ""PLENO DOMINIO 100%"", ""titulo_adquisicion"": ""COMPRAVENTA""}]",[],[],"[{""tipo"": ""CUENTA CORRIENTE"", ""saldo"": 50000}]",[],"[{""descripcion"": ""ACCIONES INDITEX"", ""valor"": 2300}]",[],[],"[{""descripcion"": ""JOYAS PERSONALES Y DE HERENCIA FAMILIAR"", ""valor"": 10000}]","[{""descripcion"": ""PRESTAMO HIPOTECARIO EN BANKINTER"", ""fecha_concesion"": ""04/10/2019"", ""importe_concedido"": 150000, ""saldo_pendiente"": 80230.88}]",,257,fotos_diputados\deputy_257.jpg,Logo_partidos\deputy_0257.jpg,hemiciclo\hemi_0257_1406.gif,obdulia-taboadela-alvarez,91261.66
deputy_257_assets_000247_001_e_0006798_20231221.json,Obdulia Taboadela Álvarez,Casada,Separación de bienes,23/07/2023,,Diputado,A Coruña,,,https://twitter.com/OTaboadela,,[],[],[],[],,[],[],[],[],[],[],[],"[{""fecha_adquisicion"": ""09/11/2023"", ""descripcion"": ""Volkswagen Tiguan""}]",[],[],Modificación presentada con motivo de la adquisición de un vehículo.,257,fotos_diputados\deputy_257.jpg,Logo_partidos\deputy_0257.jpg,hemiciclo\hemi_0257_1406.gif,obdulia-taboadela-alvarez,91261.66
deputy_257_assets_000247_001_e_0063789_20250403.json,OBDULIA TABOADELA ALVAREZ,CASADA,SEPARACIÓN DE BIENES,23/07/2023,11/08/2023,Diputado,,,,https://twitter.com/OTaboadela,,[],[],[],[],,[],[],[],[],[],"[{""descripcion"": ""ACCIONES DE INDRA"", ""valor"": 7793.54}]",[],[],[],[],"MODIFICACIÓN DE LA DECLARACIÓN DE BIENES Y RENTAS, CON MOTIVO DE LA ADQUISICIÓN DE ACCIONES",257,fotos_diputados\deputy_257.jpg,Logo_partidos\deputy_0257.jpg,hemiciclo\hemi_0257_1406.gif,obdulia-taboadela-alvarez,91261.66
deputy_258_assets_000347_000_e_0001598_20230906.json,BORJA SEMPER PASCUAL,CASADO,GANANCIALES,23/07/2023,11/08/2023,Senador,MADRID,,,https://twitter.com/bsemper,,"[{""concepto"": ""Retribuciones 2022"", ""euros"": ""191.127,32""}]",[],[],[],70861.63,"[{""clase_y_caracteristicas"": ""vivienda familiar"", ""situacion"": ""Gipuzkoa"", ""fecha_adquisicion"": ""2006"", ""derecho_sobre_el_bien"": ""50% propiedad""}]",[],[],"[{""tipo"": ""Cuenta corriente"", ""saldo"": ""15.000 euros""}]",[],"[{""valor"": ""30.000 euros""}]",[],[],"[{""descripcion"": ""Plan Pensiones"", ""valor"": ""6.900 euros""}]","[{""descripcion"": ""préstamo vivienda"", ""acreedor"": ""Deutsche Bank"", ""fecha_concesion"": ""2006"", ""importe_concedido"": ""426.000"", ""saldo_pendiente"": ""278.000""}]",,258,fotos_diputados\deputy_258.jpg,Logo_partidos\deputy_0258.jpg,hemiciclo\hemi_0258_3308.gif,borja-semper-pascual,76049.12
deputy_259_assets_000250_000_e_0001053_20230811.json,Carlos Aragonés Mendiguchía,Casado,Separación de bienes,"23 de Julio, 2023","11 de Agosto, 2023",Diputado,Madrid,,,,,[],[],[],[],15069.88,[],[],[],"[{""descripcion"": ""Titular de Cuenta Corriente y Co-titular de otra cc."", ""saldo"": ""76.052,42""}]","[{""descripcion"": ""Acciones BBVA"", ""valor"": ""34.941,60""}, {""descripcion"": ""A3 Media Corporación"", ""valor"": ""13,81""}, {""descripcion"": ""Telefónica"", ""valor"": ""1.835,91""}]",[],[],[],"[{""descripcion"": ""Fondos de Inversión BBVA moderada"", ""valor"": ""68.384,34""}, {""descripcion"": ""Fondos de Inversión BBVA de gestión decidida"", ""valor"": ""25.097,30""}, {""descripcion"": ""Fondos de Pensiones BBVA PLAN"", ""valor"": ""206.838,01""}]","[{""descripcion"": ""Cuenta Préstamo Vivienda OPENBANK"", ""fecha_concesion"": ""02-02-2021"", ""importe_concedido"": ""1.200.000"", ""saldo_pendiente"": ""1.112.477""}]",,259,fotos_diputados\deputy_259.jpg,Logo_partidos\deputy_0259.jpg,hemiciclo\hemi_0259_3616.gif,carlos-aragones-mendiguchia,82245.38
deputy_260_assets_000252_000_e_0001058_20230811.json,BARTOLOMÉ MADRID OLMO,CASADO,GANANCIALES,23/7/2023,11/8/2023,Diputado,CÓRDOBA,,,https://twitter.com/bmadridolmo,,[],[],[],"[{""concepto"": ""RENTA COMO ARRENDADOR LOCAL COMERCIAL"", ""euros"": 1200}, {""concepto"": ""RENTA COMO ARRENDADOR LOCAL COMERCIAL"", ""euros"": 1200}, {""concepto"": ""RENTA COMO ARRENDADOR LOCAL COMERCIAL"", ""euros"": 1200}]",8268.04,"[{""clase"": ""VIVIENDA"", ""situacion"": ""CÓRDOBA"", ""fecha_adquisicion"": ""1994"", ""derecho"": ""50% PROPIEDAD"", ""titulo"": ""COMPRAVENTA""}, {""clase"": ""LOCAL COMERCIAL"", ""situacion"": ""CÓRDOBA"", ""fecha_adquisicion"": ""1989"", ""derecho"": ""50% PROPIEDAD"", ""titulo"": ""COMPRAVENTA""}]",[],[],"[{""tipo"": ""LIBRETA DE AHORRO"", ""entidad"": ""CAJA RURAL DEL SUR"", ""saldo"": 19924.7}, {""tipo"": ""LIBRETA DE AHORRO"", ""entidad"": ""CAJASUR"", ""saldo"": 19924.7}]",[],[],[],"[{""fecha_adquisicion"": ""2014"", ""descripcion"": ""OPEL ASTRA""}, {""fecha_adquisicion"": ""2020"", ""descripcion"": ""NISSAN QASHQAI""}]",[],"[{""descripcion"": ""PRÉSTAMO CONSUMO"", ""acreedor"": ""CAJA RURAL DEL SUR"", ""fecha_concesion"": ""27/06/2018"", ""importe_concedido"": 25000, ""saldo_pendiente"": 7336.8}]",,260,fotos_diputados\deputy_260.jpg,Logo_partidos\deputy_0260.jpg,hemiciclo\hemi_0260_2813.gif,bartolome-madrid-olmo,85645.7
deputy_261_assets_000249_000_e_0001047_20230811.json,Oscar López Agueda,Casado,Separación de bienes,23 julio 2023,11 agosto 2023,Diputado,Madrid,,,,,"[{""concepto"": ""Salario bruto anual Director Gabinete Presidencia del gobierno"", ""euros"": 122894.36}]",[],[],[],41813.35,"[{""clase"": ""Vivienda"", ""situacion"": ""Madrid"", ""fecha_adquisicion"": ""2006"", ""derecho"": ""100% PROPIEDAD"", ""titulo"": ""COMPRAVENTA""}, {""clase"": ""Vivienda"", ""situacion"": ""Segovia"", ""fecha_adquisicion"": ""2020"", ""derecho"": ""50% PROPIEDAD"", ""titulo"": ""COMPRAVENTA""}, {""clase"": ""Vivienda"", ""situacion"": ""Madrid"", ""fecha_adquisicion"": ""2022"", ""derecho"": ""25% PROPIEDAD"", ""titulo"": ""HERENCIA""}, {""clase"": ""Vivienda"", ""situacion"": ""Segovia"", ""fecha_adquisicion"": ""2022"", ""derecho"": ""25% PROPIEDAD"", ""titulo"": ""HERENCIA""}, {""clase"": ""Plaza de aparcamiento"", ""situacion"": ""Segovia"", ""fecha_adquisicion"": ""2020"", ""derecho"": ""50% PROPIEDAD"", ""titulo"": ""COMPRAVENTA""}]",[],[],"[{""entidad"": ""Kuxabank"", ""saldo"": 60000}, {""entidad"": ""La Caixa"", ""saldo"": 60000}, {""entidad"": ""BBVA"", ""saldo"": 60000}]",[],[],[],[],[],"[{""descripcion"": ""Préstamo hipotecario con La Caixa"", ""fecha_concesion"": ""2006"", ""importe_concedido"": 515000, ""saldo_pendiente"": 333500}, {""descripcion"": ""Préstamos hipotecario con Kutxabank"", ""fecha_concesion"": ""2020"", ""importe_concedido"": 150000, ""saldo_pendiente"": 122000}]",,261,fotos_diputados\deputy_261.jpg,Logo_partidos\deputy_0261.jpg,,oscar-lopez-agueda,81793.8
deputy_261_assets_000249_002_e_0006390_20231215.json,OSCAR LÓPEZ AGUEDA,,,,,DIPUTADO,,,,,,[],[],[],[],,[],[],[],[],[],[],[],[],[],[],Me remito en todos los apartados no cumplimentados a las declaraciones presentadas con anterioridad.,261,fotos_diputados\deputy_261.jpg,Logo_partidos\deputy_0261.jpg,,oscar-lopez-agueda,81793.8
deputy_262_assets_000248_000_e_0001042_20230811.json,IONE BELARRA URTEAGA,CASADA,SEPARACION DE BIENES,23-JULIO-2023,11 DE AGOSTO DE 2023,Senador,MADRID,https://www.facebook.com/IoneBelarra/,https://www.instagram.com/ionebelarra/,https://twitter.com/ionebelarra,,"[{""concepto"": ""RENDIMIENTOS DE TRABAJO"", ""euros"": ""77478,24 €""}]",[],[],[],22072.63,"[{""clase_y_caracteristicas"": ""MITAD INDIVISA VIVIENDA"", ""situacion"": ""MADRID"", ""fecha_adquisicion"": ""1-10-2019"", ""derecho_sobre_el_bien"": ""39327,59 € (VALOR CATASTRAL)""}]",[],[],"[{""saldo"": ""84245,27 €""}]",[],[],[],[],[],"[{""prestamo"": ""PRESTAMO HIPOTECARIO CAJA DE CREDITO DE INGENIEROS, SOC. COOP."", ""fecha_concesion"": ""1-10-2019"", ""importe_concedido"": ""70.700,00 €"", ""saldo_pendiente"": ""59697,43 €""}]",,262,fotos_diputados\deputy_262.jpg,Logo_partidos\deputy_0262.jpg,hemiciclo\hemi_0262_2510.gif,ione-belarra-urteaga,109651.08
deputy_263_assets_000251_000_e_0001054_20230811.json,Manuel Mariscal Zabala,Soltero,,23 de julio de 2023,11 de agosto de 2023,,,,,https://twitter.com/MariscalZabala,,"[{""concepto"": ""Salario bruto anual como vicesecretario nacional de Comunicación de VOX"", ""euros"": 55000}]","[{""concepto"": ""Salario bruto anual como vicesecretario nacional de Comunicación de VOX"", ""euros"": 55000}]",[],[],37421.0,"[{""clase_y_caracteristicas"": ""Vivienda"", ""situacion"": null, ""fecha_adquisicion"": ""11-04-2023"", ""derecho_sobre_el_bien"": ""50%""}]",[],[],"[{""saldo"": 15500}]",[],[],[],"[{""descripcion"": ""Moto Plaggio Fly""}, {""descripcion"": ""BMW serie 1""}]",[],"[{""descripcion_y_acreedor"": ""Prestamo hipotecario 50%"", ""fecha_concesion"": ""11-04-2023"", ""importe_concedido"": 340000, ""saldo_pendiente"": 338296.86}]",,263,fotos_diputados\deputy_263.jpg,Logo_partidos\deputy_0263.jpg,hemiciclo\hemi_0263_3501.gif,manuel-mariscal-zabala,91261.66
deputy_264_assets_000253_000_e_0001061_20230811.json,Ignacio López Cano,Casado,Separación de bienes,23 de julio de 2023,11 de agosto de 2023,Diputado,Málaga,,https://www.instagram.com/nasholop/,https://twitter.com/nasholop,,[],[],[],"[{""concepto"": ""Renta inmobiliaria"", ""euros"": 7127.57}]",14190.0,[],[],[],"[{""tipo"": ""Cuenta Corriente"", ""saldo"": 3900}]",[],"[{""descripcion"": ""Acciones sociedad Temacsant S.L. (30% de sociedad para franquicia de óptica)"", ""valor"": 7500}]",[],"[{""fecha_adquisicion"": ""2017"", ""descripcion"": ""Hyundai I.30""}]","[{""descripcion"": ""Microcrédito aportado PSOE"", ""valor"": 10000}, {""descripcion"": ""Depósito Plazo Fijo"", ""valor"": 100000}, {""descripcion"": ""Fondo de Inversión"", ""valor"": 10000}]",[],El rendimiento inmobiliario en 2022 sobre inmueble vendido en mayo de 2023 por lo que tal inmueble ya no aparece como bien en propiedad.,264,fotos_diputados\deputy_264.jpg,Logo_partidos\deputy_0264.jpg,hemiciclo\hemi_0264_1508.gif,ignacio-lopez-cano,91261.66
deputy_265_assets_000255_000_e_0001070_20230811.json,ASIER ANTONA GOMEZ,CASADO,SEPARACION DE BIENES,23 JULIO 2023,11 DE AGOSTO 2023,Senador,SANTA CRUZ DE TENERIFE,,,,,[],[],[],"[{""concepto"": ""ALQUILER VACACIONAL"", ""euros"": 9000}]",34178.66,"[{""clase"": ""APARTAMENTO"", ""situacion"": ""SANTA CRUZ DE TENERIFE"", ""fecha_adquisicion"": ""2010"", ""derecho"": ""COMPRA 50%"", ""titulo"": ""COMPRA""}, {""clase"": ""APARTAMENTO"", ""situacion"": ""SANTA CRUZ DE TENERIFE"", ""fecha_adquisicion"": ""2010"", ""derecho"": ""COMPRA 100%"", ""titulo"": ""COMPRA""}, {""clase"": ""SOLAR"", ""situacion"": ""SANTA CRUZ DE TENERIFE"", ""fecha_adquisicion"": ""2009"", ""derecho"": ""COMPRA 50%"", ""titulo"": ""COMPRA""}]",[],[],"[{""tipo"": ""CUENTAS CORRIENTES"", ""saldo"": 69251}, {""tipo"": ""CUENTAS CORRIENTES"", ""saldo"": 1200}]",[],[],[],"[{""fecha_adquisicion"": ""2012"", ""descripcion"": ""NISSAN QASHQAI""}, {""fecha_adquisicion"": ""2023"", ""descripcion"": ""VOLSWAGEN GOLF""}]",[],"[{""descripcion"": ""PRESTAMO PERSONAL CAJA SIETE"", ""fecha_concesion"": ""28-12-2010"", ""importe_concedido"": 75000, ""saldo_pendiente"": 33693.94}]",,265,fotos_diputados\deputy_265.jpg,Logo_partidos\deputy_0265.jpg,,asier-antona-gomez,
deputy_265_assets_000255_002_e_0037693_20240911.json,Asier Antona Gómez,,,,,,,,,,,[],[],[],[],,[],[],[],[],[],[],[],[],[],[],No ha existido modificación alguna en mi declaración de Bienes y Rentas de la presentada en Agosto de 2023.,265,fotos_diputados\deputy_265.jpg,Logo_partidos\deputy_0265.jpg,,asier-antona-gomez,
deputy_266_assets_000254_000_e_0001067_20230811.json,CARLOS GARCÍA ADANERO,CASADO,CONQUISTAS,23 DE JULIO DE 2023,11 DE AGOSTO DE 2023,Diputado,MADRID,,,https://twitter.com/GarciaAdanero,,[],[],[],[],16978.19,"[{""clase_y_caracteristicas"": ""PISO"", ""situacion"": ""NAVARRA"", ""fecha_adquisicion"": ""07/01/2011"", ""derecho_sobre_el_bien"": ""50% PROPIEDAD"", ""titulo_adquisicion"": ""COMPRAVENTA""}]",[],[],"[{""tipo"": ""CUENTA CORRIENTE EN ENTIDAD BANCARIA"", ""saldo"": ""21.227 €""}]",[],[],[],"[{""fecha_adquisicion"": ""11/01/2023"", ""descripcion"": ""VOLVO XC60""}]",[],"[{""descripcion_y_acreedor"": ""PRÉSTAMO HIPOTECARIO CAIXABANK"", ""fecha_concesion"": ""07/01/2011"", ""importe_concedido"": ""300.000 €"", ""saldo_pendiente"": ""172.804 €""}]",,266,fotos_diputados\deputy_266.jpg,Logo_partidos\deputy_0266.jpg,hemiciclo\hemi_0266_5605.gif,carlos-garcia-adanero,76049.12
deputy_267_assets_000256_000_e_0001078_20230814.json,MARTA LOIS GONZÁLEZ,SOLTERA,,23 DE JULIO DE 2023,14/8/2023,Diputado,A CORUÑA,,,,,"[{""concepto"": ""UNIVERSIDAD DE SANTIAGO DE COMPOSTELA"", ""euros"": 74846.71}, {""concepto"": ""AYUNTAMIENTO DE SANTIAGO"", ""euros"": 74846.71}, {""concepto"": ""CONSELLO DA CULTURA GALEGA"", ""euros"": 74846.71}]",[],[],[],19750.48,[],[],[],"[{""tipo"": ""CUENTAS CORRIENTES"", ""saldo"": 11500}]",[],[],[],"[{""fecha_adquisicion"": ""2016"", ""descripcion"": ""CITROEN C4""}]","[{""tipo"": ""PLAN DE PENSIONES"", ""valor"": 7900}]","[{""descripcion"": ""PRESTAMO HIPOTECARIO"", ""fecha_concesion"": ""2007"", ""importe_concedido"": 90000, ""saldo_pendiente"": 10400}]",,267,fotos_diputados\deputy_267.jpg,Logo_partidos\deputy_0267.jpg,,marta-lois-gonzalez,114022.16
deputy_267_assets_000256_002_e_0015692_20240307.json,MARTA LOIS GONZÁLEZ,SOLTERA,,23/07/2023,14/08/2023,Diputado,A CÓRUÑA/ CONGRESO DE LOS DIPUTADOS,,,,,"[{""concepto"": ""Percepciones netas de tipo salarial, sueldos, honorarios, aranceles y otras retribuciones, cualquiera que sea su denominación"", ""euros"": 1243}]",[],[],[],,"[{""clase_y_caracteristicas"": ""vivienda (piso)"", ""situacion"": ""Santiago de Compostela (A Coruña)"", ""fecha_adquisicion"": ""2007"", ""derecho_sobre_el_bien"": ""Compraventa""}]",[],[],"[{""saldo"": 10000}]",[],[],[],"[{""fecha_adquisicion"": ""2016"", ""descripcion"": ""Citroen C4""}]",[],"[{""prestamo"": ""PRESTAMO HIPOTECARIO"", ""fecha_concesion"": ""2007"", ""importe_concedido"": 90000, ""saldo_pendiente"": 5300}]",,267,fotos_diputados\deputy_267.jpg,Logo_partidos\deputy_0267.jpg,,marta-lois-gonzalez,114022.16
deputy_268_assets_000260_000_e_0001090_20230814.json,Francisco SIERRA CABALLERO,DIVORCIADO,,23 de Julio de 2023,14 de Agosto de 2023,Diputado,Sevilla,https://www.facebook.com/profile.php?id=1408952589,https://www.instagram.com/fcompoliticas,https://twitter.com/fsierracb,http://www.franciscosierracaballero.net,"[{""concepto"": ""Rendimiento neto del trabajo"", ""euros"": ""76.268,01""}]",[],[],[],25253.43,"[{""clase_y_caracteristicas"": ""CHALET"", ""situacion"": ""SEVILLA"", ""fecha_adquisicion"": ""2010"", ""derecho_sobre_el_bien"": ""Compra Pleno Dominio""}, {""clase_y_caracteristicas"": ""Apartamento"", ""situacion"": ""SEVILLA"", ""fecha_adquisicion"": ""2008"", ""derecho_sobre_el_bien"": ""Compra. Pleno Dominio""}]","[{""clase_y_caracteristicas"": ""Casa rústica"", ""situacion"": ""GRANADA"", ""fecha_adquisicion"": ""2023"", ""derecho_sobre_el_bien"": ""Herencia. 50%""}]",[],"[{""tipo"": ""Cuenta de Ahorro"", ""saldo"": ""35.000 euros""}, {""tipo"": ""Cuenta Nómina"", ""saldo"": ""35.000 euros""}, {""tipo"": ""Cuenta de Ahorro"", ""saldo"": ""35.000 euros""}]",[],[],[],[],[],"[{""descripcion_y_acreedor"": ""HIPOTECA CAJA RURAL DE SEVILLA"", ""fecha_concesion"": ""2018"", ""importe_concedido"": ""121.910,15"", ""saldo_pendiente"": ""103.261,29""}, {""descripcion_y_acreedor"": ""HIPOTECA UNICAJA"", ""fecha_concesion"": ""2011"", ""importe_concedido"": ""165.000"", ""saldo_pendiente"": ""110.529,93""}]",,268,fotos_diputados\deputy_268.jpg,Logo_partidos\deputy_0268.jpg,hemiciclo\hemi_0268_2506.gif,francisco-sierra-caballero,91261.66
deputy_269_assets_000257_000_e_0001081_20230814.json,FÉLIX ALONSO CANTORNÉ,DIVORCIADO,,23/07/2023,14/08/2023,Diputado,TARRAGONA,,,https://twitter.com/AlonsoCantorne,,"[{""procedencia"": ""RETRIBUCIÓN COMO DIRECTOR GENERAL DE CONSUMO DEL GOVERN DE LES ILLES BALEARS"", ""concepto"": ""Percepciones netas de tipo salarial, sueldos, honorarios, aranceles y otras retribuciones"", ""euros"": ""58.288,46""}]",[],[],[],15154.98,"[{""clase_y_caracteristicas"": ""VIVIENDA"", ""situacion"": ""TARRAGONA"", ""fecha_adquisicion"": ""1997"", ""derecho_sobre_el_bien"": ""PLENO DOMINIO 100%"", ""titulo_adquisicion"": ""COMPRAVENTA""}]",[],[],"[{""tipo"": ""CUENTA CORRIENTE"", ""saldo"": ""57.804,18 €"", ""fecha_saldo"": ""14/08/2023""}]",[],[],[],"[{""fecha_adquisicion"": ""JUNIO DEL 2019"", ""descripcion"": ""RENAULT TWINGO""}]","[{""descripcion"": ""PLAN DE PENSIONES DE LA GENERALITAT DE CATALUNYA"", ""valor"": null}, {""descripcion"": ""ACREEDOR DE UN MICROCRÉDITO AL PARTIDO EN COMÚ-PODEM (SUMAR)"", ""valor"": ""590,82€""}]",[],,269,fotos_diputados\deputy_269.jpg,Logo_partidos\deputy_0269.jpg,hemiciclo\hemi_0269_2405.gif,felix-alonso-cantorne,91261.66
deputy_270_assets_000258_000_e_0001085_20230814.json,JAIME MIGUEL DE LOS SANTOS GONZÁLEZ,SOLTERO,,23-07-2023,14-08-2023,Diputado,MADRID,,https://www.instagram.com/delossantosleal,https://twitter.com/delossantosleal,,"[{""concepto"": ""DIPUTADO EN LA ASAMBLEA DE MADRID Y SENADOR"", ""euros"": 83050.92}]",[],[],[],26047.98,[],[],[],"[{""tipo"": ""CUENTA CORRIENTE"", ""saldo"": 122978.11}]",[],[],[],[],[],[],,270,fotos_diputados\deputy_270.jpg,Logo_partidos\deputy_0270.jpg,hemiciclo\hemi_0270_3307.gif,jaime-miguel-los-santos-gonzalez,
deputy_271_assets_000259_000_e_0001087_20230814.json,MARIA CRISTINA NARBONA RUIZ,CASADA,SEPARACIÓN DE BIENES,23/07/2023,14/08/2023,Diputado,MADRID,,,,,"[{""concepto"": ""SUELDO COMO SENADORA"", ""euros"": null}]",[],[],[],32382.23,"[{""clase_y_caracteristicas"": ""VIVIENDA"", ""situacion"": ""MADRID"", ""fecha_adquisicion"": ""1992"", ""derecho_sobre_el_bien"": ""PLENO DOMINIO COMPRAVENTA""}, {""clase_y_caracteristicas"": ""VIVIENDA"", ""situacion"": ""MADRID"", ""fecha_adquisicion"": ""1997"", ""derecho_sobre_el_bien"": ""PLENO DOMINIO COMPRAVENTA""}]",[],[],"[{""tipo"": ""CUENTA CORRIENTE"", ""saldo"": 7500}, {""tipo"": ""PLAN DE PENSIONES"", ""saldo"": 28765.52}]",[],[],[],"[{""fecha_adquisicion"": ""2011"", ""descripcion"": ""COCHE RENAUL MEGANE""}]","[{""concepto"": ""ARRENDAMIENTO DE VIVIENDA"", ""valor"": ""10.800/AÑO""}]",[],,271,fotos_diputados\deputy_271.jpg,Logo_partidos\deputy_0271.jpg,hemiciclo\hemi_0271_1207.gif,maria-cristina-narbona-ruiz,
deputy_272_assets_000262_000_e_0001098_20230814.json,LIDIA GUINART MORENO,CASADA,SEPARACIÓN DE BIENES,23/07/2023,14/08/2023,Senador,BARCELONA,,https://www.instagram.com/lidiaguinart,https://twitter.com/lidiaguinart,,[],[],[],[],13966.17,"[{""clase"": ""Piso"", ""situacion"": ""Barcelona"", ""fecha_adquisicion"": ""25/07/2005"", ""derecho_y_titulo"": ""Pleno dominio compraventa""}]",[],[],"[{""tipo"": ""Depósitos cuentas corrientes"", ""saldo"": 109000}]","[{""descripcion"": ""LETRAS DEL TESORO"", ""valor"": 35000}]","[{""descripcion"": ""60 acciones Endesa (valor unitario 18'5 euros)"", ""valor"": 1100}, {""descripcion"": ""13 acciones Telefónica (valor unitario 10'2 euros)"", ""valor"": 132.6}, {""descripcion"": ""140 acciones Amper (valor unitario 0'12 euros)"", ""valor"": 16.8}]",[],[],"[{""descripcion"": ""Microcréditos a Partit dels Socialistes de Catalunya (PSC)"", ""valor"": 16000}]",[],,272,fotos_diputados\deputy_272.jpg,Logo_partidos\deputy_0272.jpg,hemiciclo\hemi_0272_1307.gif,lidia-guinart-moreno,97457.92
deputy_273_assets_000261_000_e_0001096_20230814.json,Lázaro Azorín Salar,Soltero,,23 julio 2023,14 agosto 2023,Diputado,ALICANTE,,,,,"[{""concepto"": ""Trienios Generalitat Valenciana"", ""euros"": ""1591.68 anuales""}, {""concepto"": ""Asistencia a Plenos y Juntas de Gobierno Ayuntamiento de Pinoso"", ""euros"": ""4000""}]",[],[],[],1287.88,"[{""clase"": ""Local"", ""situacion"": ""Alicante"", ""fecha_adquisicion"": ""2020"", ""derecho"": ""pleno dominio"", ""titulo_adquisicion"": ""Compraventa""}, {""clase"": ""Vivienda"", ""situacion"": ""Alicante"", ""fecha_adquisicion"": ""2023"", ""derecho"": ""pleno dominio"", ""titulo_adquisicion"": ""Compraventa""}]",[],[],"[{""tipo"": ""Cuenta Corriente"", ""saldo"": ""18670.80""}]",[],[],[],"[{""fecha_adquisicion"": ""2020"", ""descripcion"": ""Audi A3""}]",[],"[{""descripcion"": ""Hipoteca"", ""fecha_concesion"": ""2022"", ""importe_concedido"": ""170000"", ""saldo_pendiente"": ""170000""}]",,273,fotos_diputados\deputy_273.jpg,Logo_partidos\deputy_0273.jpg,hemiciclo\hemi_0273_1609.gif,lazaro-azorin-salar,105591.31
deputy_273_assets_000261_001_e_0002978_20231023.json,Lázaro Azorín Salar,Soltero,,23 de julio de 2023,,Diputado,Alicante,,,,,"[{""concepto"": ""Trienios Generalitat Valenciana"", ""euros"": 1591.68}, {""concepto"": ""Asistencia Plenos y Juntas de Gobierno Ayto. Pinoso"", ""euros"": 4000}]",[],[],[],18162.51,"[{""clase_y_caracteristicas"": ""Local"", ""situacion"": ""Alicante"", ""fecha_adquisicion"": ""2020"", ""derecho_sobre_el_bien"": ""Compraventa Pleno dominio""}, {""clase_y_caracteristicas"": ""Vivienda"", ""situacion"": ""Alicante"", ""fecha_adquisicion"": ""2023"", ""derecho_sobre_el_bien"": ""Compraventa Pleno dominio""}]",[],[],"[{""tipo"": ""Cuenta Corriente"", ""saldo"": 24225.0}]",[],[],[],"[{""fecha_adquisicion"": ""2020"", ""descripcion"": ""Audi A3""}]",[],"[{""prestamo"": ""Hipoteca"", ""fecha_concesion"": ""2022"", ""importe_concedido"": 170000, ""saldo_pendiente"": 170000}]",,273,fotos_diputados\deputy_273.jpg,Logo_partidos\deputy_0273.jpg,hemiciclo\hemi_0273_1609.gif,lazaro-azorin-salar,105591.31
deputy_274_assets_000263_000_e_0001105_20230814.json,MARÍA DEL PILAR ALEGRÍA CONTINENTE,SOLTERA,,23/JULIO/2023,14/AGOSTO/2023,Diputado,,,,,,"[{""concepto"": ""Retribución Ministra de Educación y Formación Profesional"", ""euros"": 79415.16}]",[],[],"[{""concepto"": ""Arrendamiento de bien inmueble en Zaragoza"", ""euros"": 6000}]",21434.7,"[{""clase"": ""Vivienda"", ""situacion"": ""Zaragoza"", ""fecha_adquisicion"": ""2015"", ""derecho"": ""Pleno dominio"", ""titulo"": ""Compraventa""}, {""clase"": ""Vivienda"", ""situacion"": ""Zaragoza"", ""fecha_adquisicion"": ""2005"", ""derecho"": ""Pleno dominio"", ""titulo"": ""Compraventa""}, {""clase"": ""Apartamento"", ""situacion"": ""Castellón"", ""fecha_adquisicion"": ""1996"", ""derecho"": ""NP Herencia 1/3 declarante"", ""titulo"": ""Donación""}]",[],[],"[{""saldo"": 128.11}, {""saldo"": 13962}, {""saldo"": 5132.08}]",[],[],[],"[{""fecha_adquisicion"": ""Abril 2014"", ""descripcion"": ""Renault Clio Autentique 1.2""}]",[],"[{""prestamo"": ""Hipoteca Ibercaja 1"", ""fecha_concesion"": ""28/12/2014"", ""importe_concedido"": 140000, ""saldo_pendiente"": 108744.72}, {""prestamo"": ""Hipoteca Ibercaja 2"", ""fecha_concesion"": ""14/04/2005"", ""importe_concedido"": 48784.5, ""saldo_pendiente"": 5326.66}]",,274,fotos_diputados\deputy_274.jpg,Logo_partidos\deputy_0274.jpg,,maria-pilar-alegria-continente,
deputy_274_assets_000263_002_e_0006794_20231221.json,MARÍA DEL PILAR ALEGRÍA CONTINENTE,SOLTERA,,23 julio 2023,14 agosto 2023,Diputado,ZARAGOZA,,,,,[],[],[],[],,[],[],[],"[{""tipo"": ""c/c"", ""saldo"": 45.61}, {""tipo"": ""c/c"", ""saldo"": 7081.33}, {""tipo"": ""c/c"", ""saldo"": 7083.13}, {""tipo"": ""Plan de pensiones"", ""saldo"": 5339.11}]",[],[],[],[],[],"[{""descripcion"": ""Hipoteca Ibercaja"", ""fecha_concesion"": ""14/04/2005"", ""importe_concedido"": 48784.5, ""saldo_pendiente"": 4082}, {""descripcion"": ""Hipoteca Banco Santander"", ""fecha_concesion"": ""26/10/2023"", ""importe_concedido"": 108500, ""saldo_pendiente"": 108199.09}]",Me remito en todos los apartados no cumplimentados a las declaraciones presentadas con anterioridad.,274,fotos_diputados\deputy_274.jpg,Logo_partidos\deputy_0274.jpg,,maria-pilar-alegria-continente,
deputy_275_assets_000265_000_e_0001112_20230814.json,JOSÉ MANUEL ALBARES BUENO,DIVORCIADO,,23/07/23,14/08/23,Diputado,MADRID,,,,,"[{""concepto"": ""NÓMINA MENSUAL BRUTA"", ""euros"": 6965.02}]",[],[],"[{""concepto"": ""AYUDA MENSUAL POR FAMILIA NUMEROSA"", ""euros"": 150.0}]",19147.08,[],[],[],"[{""tipo"": ""CUENTA CORRIENTE"", ""saldo"": 71784.95}]",[],[],[],[],[],[],,275,fotos_diputados\deputy_275.jpg,Logo_partidos\deputy_0275.jpg,,jose-manuel-albares-bueno,81793.8
deputy_275_assets_000265_002_e_0006676_20231220.json,JOSÉ MANUEL ALBARES BUENOS,DIVORCIADO,,23 julio 2023,14 agosto 2023,Senador,MADRID,,,,,[],[],[],[],,[],[],[],"[{""tipo"": ""CUENTA CORRIENTE"", ""saldo"": 70022.0}]",[],[],[],[],[],[],Me remito en todos los apartados no cumplimentados a las declaraciones presentadas con anterioridad.,275,fotos_diputados\deputy_275.jpg,Logo_partidos\deputy_0275.jpg,,jose-manuel-albares-buenos,
deputy_276_assets_000270_000_e_0001130_20230814.json,RAQUEL CLEMENTE MUÑOZ,SOLTERA,,23/07/2023,14/08/2023,Senador,TERUEL,https://www.facebook.com/raquel.clementemunoz,https://www.instagram.com/Raquel.cle_,https://twitter.com/RaquelClemente,,"[{""concepto"": ""CONSEJERO COMARCA DE TERUEL"", ""euros"": ""4.205€""}, {""concepto"": ""ACTIVIDAD EMPRESARIAL-AUTONOMA"", ""euros"": ""8767.03€""}]",[],[],[],654.4,"[{""clase_y_caracteristicas"": ""APARTAMENTO, TRASTERO Y GARAJE"", ""situacion"": ""TERUEL"", ""fecha_adquisicion"": ""MAYO 2018"", ""derecho_sobre_el_bien"": ""PROPIEDAD-COMPRAVENTA""}]",[],[],"[{""tipo"": ""CUENTA CORRIENTE Y CUENTAS DE AHORRO"", ""saldo"": ""12.028.29 €""}]",[],[],[],"[{""fecha_adquisicion"": ""SEPTIEMBRE 2021"", ""descripcion"": ""MINI COOPER""}]",[],"[{""prestamo"": ""HIPOTECA IBERCAJA"", ""fecha_concesion"": ""MAYO 2018"", ""importe_concedido"": ""89.950"", ""saldo_pendiente"": ""57.868.32""}]",,276,fotos_diputados\deputy_276.jpg,Logo_partidos\deputy_0276.jpg,hemiciclo\hemi_0276_3714.gif,raquel-clemente-munoz,91261.66
deputy_277_assets_000269_000_e_0001126_20230814.json,JOSE ALBERTO HERRERO BONO,CASADO,CONSORCIAL ARAGONES,23 JULIO 2023,14-08-2023,Diputado,TERUEL,https://www.facebook.com/albertoherrbo,,https://twitter.com/herrerobono,,[],[],"[{""concepto"": ""FONDO INVERSION IBERCAJA RENTA VARIABLE"", ""euros"": 20135.56}]",[],9725.35,"[{""clase"": ""VIVIENDA UNIFAMILIAR ADOSADA"", ""situacion"": ""CALANDA (TERUEL)"", ""fecha_adquisicion"": ""2009"", ""derecho"": ""PLENO DOMINIO"", ""titulo_adquisicion"": ""COMPRAVENTA""}]","[{""clase"": ""PARTIDA PORCIONES (FRUTAL REGADIO) 0,581 HA"", ""situacion"": ""CALANDA (TERUEL)"", ""fecha_adquisicion"": ""2010"", ""derecho"": ""50% DE LA PROPIEDAD"", ""titulo_adquisicion"": ""HERENCIA""}, {""clase"": ""PARTIDA PORCIONES (FRUTAL REGADIO)"", ""situacion"": ""CALANDA (TERUEL)"", ""fecha_adquisicion"": ""2010"", ""derecho"": ""50% DE LA PROPIEDAD"", ""titulo_adquisicion"": ""HERENCIA""}, {""clase"": ""PARTIDA CERRALLAR (SECANO CEREAL)"", ""situacion"": ""CALANDA (TERUEL)"", ""fecha_adquisicion"": ""2010"", ""derecho"": ""50% DE LA PROPIEDAD"", ""titulo_adquisicion"": ""HERENCIA""}, {""clase"": ""PARTIDA VIÑA LARGA (OLIVAR REGADIO) 0,6542 HA"", ""situacion"": ""CALANDA (TERUEL)"", ""fecha_adquisicion"": null, ""derecho"": ""50% DE LA PROPIEDAD"", ""titulo_adquisicion"": ""HERENCIA""}, {""clase"": ""PARTIDA HUERTA ALTA (CEREAL REGADIO) 0,0581HA"", ""situacion"": ""CALANDA (TERUEL)"", ""fecha_adquisicion"": null, ""derecho"": ""50% DE LA PROPIEDAD"", ""titulo_adquisicion"": ""HERENCIA""}]",[],"[{""tipo"": ""CUENTA CORRIENTE"", ""saldo"": 22852.25}, {""tipo"": ""CUENTA CORRIENTE"", ""saldo"": 5725.34}]",[],"[{""descripcion"": ""CAJA RURAL COOPERATIVA CREDITO 1 TITULO ACCION CAPITAL SOCIAL"", ""valor"": 60.1}]",[],"[{""fecha_adquisicion"": ""2016"", ""descripcion"": ""FORD MONDEO BERLINA""}]",[],"[{""descripcion"": ""PRESTAMO VIVIENDA IBERCAJA"", ""fecha_concesion"": ""2009"", ""importe_concedido"": 94651.01, ""saldo_pendiente"": 25175.89}]",,277,fotos_diputados\deputy_277.jpg,Logo_partidos\deputy_0277.jpg,hemiciclo\hemi_0277_3609.gif,jose-alberto-herrero-bono,93197.27
deputy_278_assets_000267_000_e_0001118_20230814.json,DIANA MORANT RIPOLL,SOLTERA,,23 DE JULIO DEL 2023,14 DE AGOSTO DEL 2023,Diputado,,,,,,"[{""procedencia"": ""RETRIBUCIÓN COMO MINISTRA DE CIENCIA E INNOVACIÓN"", ""concepto"": ""IMPORTE BRUTO ANUAL 2022"", ""euros"": 77478.24}]",[],[],[],21252.69,[],[],[],"[{""tipo"": ""Cuenta corriente"", ""saldo"": 44500}]",[],[],[],[],[],[],,278,fotos_diputados\deputy_278.jpg,Logo_partidos\deputy_0278.jpg,,diana-morant-ripoll,81793.8
deputy_278_assets_000267_002_e_0006671_20231220.json,DIANA MORANT RIPOLL,SOLTERA,,23 julio 2023,14 agosto 2023,Diputado,VALENCIA,,,,,"[{""procedencia"": ""RETRIBUCIÓN COMO MINISTRA DE CIENCIA E INNOVACIÓN IMPORTE BRUTO ANUAL 2022"", ""concepto"": ""Percepciones netas de tipo salarial, sueldos, honorarios, aranceles y otras retribuciones"", ""euros"": ""77.478,24€""}]",[],[],[],21252.69,[],[],[],"[{""tipo"": ""Cuenta corriente"", ""saldo"": ""31.000 €""}]","[{""descripcion"": ""Seguro de Inversión con Allianz"", ""valor"": ""25.000€""}]",[],[],[],[],[],Me remito en todos los apartados no cumplimentados a las declaraciones presentadas con anterioridad.,278,fotos_diputados\deputy_278.jpg,Logo_partidos\deputy_0278.jpg,,diana-morant-ripoll,81793.8
deputy_279_assets_000266_000_e_0001115_20230814.json,MERCEDES GONZÁLEZ FERNÁNDEZ,SOLTERA,,23 de julio de 2023,14 de agosto de 2023,Diputado,MADRID,,,,,"[{""procedencia"": ""Delegación del Gobierno en Madrid"", ""concepto"": ""Percepciones netas de tipo salarial, sueldos, honorarios, aranceles y otras retribuciones"", ""euros"": 103245.86}]",[],[],[],30048.69,"[{""clase_y_caracteristicas"": ""Vivienda"", ""situacion"": ""Madrid"", ""fecha_adquisicion"": ""2002"", ""derecho_sobre_el_bien"": ""Pleno dominio"", ""titulo_adquisicion"": ""Compraventa""}]",[],[],"[{""tipo"": ""Cuentas Corrientes"", ""saldo"": 7487.86}]",[],[],[],[],[],"[{""descripcion_y_acreedor"": ""Préstamo Hipotecario"", ""fecha_concesion"": ""25/02/2013"", ""importe_concedido"": 172000, ""saldo_pendiente"": 147884.04}]",,279,fotos_diputados\deputy_279.jpg,Logo_partidos\deputy_0279.jpg,,mercedes-gonzalez-fernandez,138162.21
deputy_279_assets_000266_002_e_0062751_20250325.json,MERCEDES GONZÁLEZ FERNÁNDEZ,SOLTERA,,23 DE JULIO DE 2023,14 DE AGOSTO DE 2023,Diputado,MADRID,,,,,[],[],[],[],17820.27,"[{""clase_y_caracteristicas"": ""VIVIENDA"", ""situacion"": ""MADRID"", ""fecha_adquisicion"": ""2002"", ""derecho_sobre_el_bien"": ""PLENO DOMINIO""}]",[],[],"[{""tipo"": ""Cuentas corrientes"", ""saldo"": ""1.380""}]",[],[],[],[],[],"[{""descripcion"": ""Préstamo Hipotecario"", ""fecha_concesion"": ""25/02/2013"", ""importe_concedido"": ""172.000"", ""saldo_pendiente"": ""147.007,25""}]",Me remito en todos los apartados no cumplimentados a las declaraciones presentadas con anterioridad.,279,fotos_diputados\deputy_279.jpg,Logo_partidos\deputy_0279.jpg,,mercedes-gonzalez-fernandez,138162.21
deputy_280_assets_000268_000_e_0001125_20230814.json,JOSE MANUEL MIÑONES CONDE,CASADO,GANANCIALES,23 DE JULIO DE 2023,14 DE AGOSTO DE 2023,Diputado,A CORUÑA,,,,,"[{""procedencia"": ""Delegación del Gobierno en Galicia - Ministerio de Política Territorial"", ""concepto"": ""Nómina"", ""euros"": 95793.86}, {""procedencia"": ""Universidad de Santiago de Compostela"", ""concepto"": ""Trienios y otros complementos personales"", ""euros"": 3840.96}]",[],"[{""procedencia"": ""CUENTAS BANCARIAS"", ""concepto"": """", ""euros"": 13.62}]",[],29195.66,"[{""clase"": ""VIVIENDA"", ""situacion"": ""MADRID"", ""fecha_adquisicion"": ""AGOSTO 2022"", ""derecho"": ""PROPIEDAD GANANCIALES 50%"", ""titulo_adquisicion"": ""COMPRAVENTA""}]",[],[],"[{""tipo"": ""CUENTAS CORRIENTES Y DE AHORRO"", ""saldo"": 73545.26}]",[],[],[],[],[],"[{""descripcion"": ""PRESTAMO HIPOTECARIO"", ""fecha_concesion"": ""22/09/2022"", ""importe_concedido"": 200000, ""saldo_pendiente"": 192717.37}]",,280,fotos_diputados\deputy_280.jpg,Logo_partidos\deputy_0280.jpg,,jose-manuel-minones-conde,53000.0
deputy_280_assets_000268_002_e_0020390_20240410.json,JOSE MANUEL MIÑONES CONDE,CASADO,GANANCIALES,23 JULIO 2023,14 AGOSTO 2023,Diputado,,,,,,"[{""concepto"": ""Ministro de sanidad"", ""euros"": 51843.12}, {""concepto"": ""Delegacion del Gobierno en galicia"", ""euros"": 24008.97}, {""concepto"": ""Universidad Santiago de compostela (trienios y otros complementos personales)"", ""euros"": 3956.88}]",[],"[{""concepto"": ""CUENTAS BANCARIAS"", ""euros"": 369.17}]",[],29195.66,"[{""clase_y_caracteristicas"": ""VIVIENDA"", ""situacion"": ""MADRID"", ""fecha_adquisicion"": ""AGOSTO 2022"", ""derecho_sobre_el_bien"": ""PROPIEDAD GANANCIALES 50%"", ""titulo_adquisicion"": ""COMPRAVENTA""}]",[],[],"[{""saldo"": 72682.09}]",[],[],[],[],[],"[{""descripcion"": ""PRESTAMO HIPOTECARIO"", ""fecha_concesion"": ""22/09/2022"", ""importe_concedido"": 200000, ""saldo_pendiente"": 188999.82}]",Me remito en todos los apartados no cumplimentados a las declaraciones presentadas con anterioridad.,280,fotos_diputados\deputy_280.jpg,Logo_partidos\deputy_0280.jpg,,jose-manuel-minones-conde,53000.0
deputy_281_assets_000272_000_e_0001148_20230814.json,María del Mar Sánchez Sierra,Soltera,,23-07-2023,14-08-2023,Diputado,,,https://www.instagram.com/marsanchezsierra/,https://twitter.com/MARSANCHEZSIERR,,"[{""concepto"": ""Sueldo Partido Popular"", ""euros"": ""37.360'09""}, {""concepto"": ""Sueldo Xunta de Galicia"", ""euros"": ""15.763'64""}, {""concepto"": ""Consejo Autoridad Portuaria de A Coruña"", ""euros"": ""972'24""}, {""concepto"": ""Consejo Retegal, SA"", ""euros"": ""338'70""}]","[{""concepto"": ""Acciones depositadas"", ""euros"": ""5.869'35""}]",[],"[{""concepto"": ""Derechos de Suscripción"", ""euros"": ""15'47""}]",23558.99,"[{""clase"": ""Local comercial"", ""caracteristicas"": ""323 m2"", ""situacion"": ""A Coruña"", ""fecha_adquisicion"": ""30-12-2020"", ""derecho"": ""Comunidad de Bienes. Pacto Sucesorio de Mejora""}, {""clase"": ""Piso"", ""caracteristicas"": ""63'77 m2"", ""situacion"": ""A Coruña"", ""fecha_adquisicion"": ""30-12-2020"", ""derecho"": ""Comunidad de Bienes. Pacto Sucesorio de Mejora""}, {""clase"": ""Plaza de Garaje"", ""caracteristicas"": null, ""situacion"": ""Madrid"", ""fecha_adquisicion"": ""20-11-2000"", ""derecho"": ""Pleno Dominio. Compraventa""}, {""clase"": ""Piso"", ""caracteristicas"": null, ""situacion"": ""Madrid"", ""fecha_adquisicion"": ""20-11-2000"", ""derecho"": ""Pleno Dominio. Compraventa""}, {""clase"": ""2 Trasteros"", ""caracteristicas"": null, ""situacion"": ""Madrid"", ""fecha_adquisicion"": ""20-11-2000"", ""derecho"": ""Pleno Dominio. Compraventa""}, {""clase"": ""Vivienda, plaza de garaje y Trastero"", ""caracteristicas"": null, ""situacion"": ""Santiago de Compostela (A Coruña)"", ""fecha_adquisicion"": ""2003"", ""derecho"": ""Pleno Dominio. Compraventa""}]",[],"[{""clase"": ""Oficina"", ""caracteristicas"": ""64 m2"", ""situacion"": ""A Coruña"", ""fecha_adquisicion"": ""30-12-2020"", ""derecho"": ""25% Pleno Dominio. Pacto Sucesorio de Mejora""}, {""clase"": ""Oficina"", ""caracteristicas"": ""64 m2"", ""situacion"": ""A Coruña"", ""fecha_adquisicion"": ""30-12-2020"", ""derecho"": ""25% Pleno Dominio. Pacto Sucesorio de Mejora""}, {""clase"": ""Nave Industrial"", ""caracteristicas"": ""505 m2"", ""situacion"": ""El Temple (Cambre) A Coruña"", ""fecha_adquisicion"": ""30-12-2020"", ""derecho"": ""25% Pleno Dominio. Pacto Sucesorio de Mejora""}, {""clase"": ""Nave Industrial"", ""caracteristicas"": ""450 m2"", ""situacion"": ""El Temple (Cambre) A Coruña"", ""fecha_adquisicion"": ""30-12-2020"", ""derecho"": ""25% Pleno Dominio. Pacto Sucesorio de Mejora""}]","[{""tipo"": ""Plan de Pensiones. Fondo Inversión y cuentas corrientes"", ""saldo"": ""198.184'45""}]","[{""descripcion"": ""Acciones de la Sociedad Inpronosa Inversiones, S.L."", ""valor"": ""756.715'12""}, {""descripcion"": ""Acciones de la Sociedad Fincela S.L."", ""valor"": ""141.600'00""}]","[{""descripcion"": ""Acciones depositadas a fecha 02-08-2023"", ""valor"": ""195.005'79""}]",[],"[{""fecha_adquisicion"": ""Enero 2008"", ""descripcion"": ""Volkswagen Golf""}]","[{""descripcion"": ""Herencia Adyacente Pilar Sierra Lázaro"", ""valor"": ""78.461'57""}]",[],"Bienes inmuebles propiedad de una sociedad, comunidad o entidad que no cotiza en Bolsa y de la que el declarante tiene acciones o participaciones. CONTINUACION: Nave Industrial 450 m2, El Temple - Cambre, 30-12-2020; 25% pleno dominio. Pacto sucesorio de mejora. Nave Industrial 1165'50 m2, A Coruña, 30-12-2020; 25% pleno dominio. Pacto sucesorio de mejora. Piso 81'40 m2, A Coruña, 30-12-2020; 25% pleno dominio. Pacto sucesorio de mejora. Piso 63'77 m2, A Coruña, 30-12-2020; 25% pleno dominio. Pacto sucesorio de mejora. Local Comercial 115 m2, A Coruña, 30-12-2020; 25% pleno dominio. Pacto sucesorio de mejora. 4 plazas de garaje, A Coruña, 30-12-2020; 25% pleno dominio. Pacto sucesorio de mejora. Plaza de garaje, A Coruña, 30-12-2020; 25% pleno dominio. Pacto sucesorio de mejora. Casa 217 m2. Cacabelos - León, 30-12-2020; 25% pleno dominio. Pacto sucesorio de mejora. Almacén 312 m2, Cacabelos - León, 30-12-2020; 25% pleno dominio. Pacto sucesorio de mejora. Terreno urbano 2865 m2, Cacabelos - León, 30-12-2020; 25% pleno dominio. Pacto sucesorio de mejora. 8 Fincas rústicas, Laracha - A Coruña, 30-12-2020; 25% pleno dominio. Pacto sucesorio de mejora. Finca Rústica. Miño - A Coruña. 30-12-2020. 25% pleno dominio. Pacto sucesorio de mejora. 2 Fincas urbanas. Cambre - A Coruña 30-12-2020. 25% pleno dominio. Pacto sucesorio de mejora. Finca Rústica. Cambre - A Coruña 30-12-2020. 25% pleno dominio. Pacto sucesorio de mejora.",281,fotos_diputados\deputy_281.jpg,Logo_partidos\deputy_0281.jpg,hemiciclo\hemi_0281_3414.gif,maria-mar-sanchez-sierra,
deputy_282_assets_000273_000_e_0001155_20230814.json,Eduardo Carazo Hermoso,Soltero,,23 de Julio de 2023,14 de Agosto de 2023,Diputado,Valladolid,,,https://twitter.com/educarazo,,[],"[{""concepto"": ""Dividendos"", ""euros"": 276.45}]","[{""concepto"": ""Rendimientos de cuentas corrientes y activos financieros"", ""euros"": 44.24}]",[],,[],[],[],"[{""tipo"": ""Cuentas corrientes"", ""saldo"": 102854.74, ""fecha_referencia"": ""31 de Diciembre de 2022""}]",[],"[{""descripcion"": ""17 Acciones del Banco de Santander"", ""valor"": 61.38}]",[],"[{""fecha_adquisicion"": ""Diciembre de 2021"", ""descripcion"": ""BMW Serie1""}]","[{""descripcion"": ""Fondos de inversión (por herencia). Valor con fecha 14/08/2023"", ""valor"": 51896.06}, {""descripcion"": ""Fondo de inversión. Valor con fecha 14/08/2023"", ""valor"": 5349.82}, {""descripcion"": ""Plan de pensiones"", ""valor"": 56.22}]",[],,282,fotos_diputados\deputy_282.jpg,Logo_partidos\deputy_0282.jpg,hemiciclo\hemi_0282_2711.gif,eduardo-carazo-hermoso,91261.66
deputy_283_assets_000274_000_e_0001162_20230814.json,María de la Cabeza Ruiz Solás,Divorciada,,14 agosto 2023,,Diputado,Madrid,,,https://twitter.com/ruizsolas,,"[{""concepto"": ""Nóminas"", ""euros"": null}]",[],"[{""concepto"": null, ""euros"": ""0.02""}]",[],11687.84,"[{""clase"": ""Vivienda habitual"", ""situacion"": ""Madrid"", ""fecha_adquisicion"": ""2019"", ""derecho"": ""pleno dominio 100%"", ""titulo_adquisicion"": ""compraventa""}, {""clase"": ""Piso"", ""situacion"": ""Madrid"", ""fecha_adquisicion"": ""1984"", ""derecho"": ""25% pleno dominio"", ""titulo_adquisicion"": ""herencia""}]",[],"[{""clase"": ""Oficina"", ""situacion"": ""Madrid"", ""fecha_adquisicion"": ""2005"", ""derecho"": ""5%"", ""titulo_adquisicion"": ""Participaciones sociedad""}, {""clase"": ""Local comercial"", ""situacion"": ""Madrid"", ""fecha_adquisicion"": ""2005"", ""derecho"": ""5%"", ""titulo_adquisicion"": ""Participaciones sociedad""}]","[{""entidad"": ""Bankia y Santander"", ""saldo"": ""35.405,28""}]","[{""descripcion"": ""1 acción Renda Decor"", ""valor"": ""1 euro""}]","[{""descripcion"": ""5% Market Version Press"", ""valor"": ""1.000 euros""}]",[],"[{""fecha_adquisicion"": ""Nov 2021"", ""descripcion"": ""Mitsubishi Space""}, {""fecha_adquisicion"": ""Julio 2023"", ""descripcion"": ""Lexus 250 UX""}]",[],"[{""descripcion"": ""Hipoteca vivienda habitual"", ""fecha_concesion"": ""13/12/2019"", ""importe_concedido"": ""364.000"", ""saldo_pendiente"": ""329.123,92""}, {""descripcion"": ""Préstamo compra vehículo"", ""fecha_concesion"": ""15/07/2023"", ""importe_concedido"": ""12.000"", ""saldo_pendiente"": ""11.750""}]",,283,fotos_diputados\deputy_283.jpg,Logo_partidos\deputy_0283.jpg,hemiciclo\hemi_0283_3301.gif,maria-la-cabeza-ruiz-solas,
deputy_284_assets_000278_000_e_0001171_20230814.json,ROCIO DE MEER MÉNDEZ,CASADA,GANANCIALES,23/07/2023,14/08/2023,Diputado,ALMERIA,,,https://twitter.com/MeerRocio,,[],[],[],[],21021.79,"[{""clase_y_caracteristicas"": ""VIVIENDA UNIFAMILIAR CON GARAJE"", ""situacion"": ""ALMERIA"", ""fecha_adquisicion"": ""2018"", ""derecho_sobre_el_bien"": ""PROPIEDAD"", ""titulo_adquisicion"": ""COMPRAVENTA""}]",[],[],"[{""tipo"": ""CUENTAS CORRIENTES"", ""saldo"": ""17.612,45""}]",[],[],[],[],[],"[{""descripcion"": ""HIPOTECA PARA COMPRA VIVIENDA"", ""fecha_concesion"": ""2018"", ""importe_concedido"": ""50.000"", ""saldo_pendiente"": ""30.460,38""}]",,284,fotos_diputados\deputy_284.jpg,Logo_partidos\deputy_0284.jpg,hemiciclo\hemi_0284_3401.gif,rocio-meer-mendez,
deputy_285_assets_000276_000_e_0001167_20230814.json,RIVERA DE LA CRUZ,CASADA,GANANCIALES,23 DE JULIO DE 2023,14 DE AGOSTO DE 2023,Diputado,MADRID,,,,,"[{""concepto"": ""Retribuciones BRUTAS como Consejera de Cultura, Turismo y Deporte"", ""euros"": ""97.205,81""}]",[],"[{""concepto"": ""Alquiler Inmueble"", ""euros"": ""9.000""}]",[],33225.95,"[{""clase"": ""Piso"", ""situacion"": ""Madrid"", ""fecha_adquisicion"": ""2009"", ""derecho"": ""100% propiedad"", ""titulo"": ""Compraventa""}, {""clase"": ""Piso"", ""situacion"": ""Lugo"", ""fecha_adquisicion"": ""2004"", ""derecho"": ""1/6 de la nuda propiedad"", ""titulo"": ""herencia""}]","[{""clase"": ""Finca rústica"", ""situacion"": ""Lugo"", ""fecha_adquisicion"": ""2004"", ""derecho"": ""1/6 de la nuda propiedad"", ""titulo"": ""herencia""}]",[],"[{""descripcion"": ""Dos cuentas corrientes en dos entidades bancarias"", ""saldo"": ""218.426,73""}]",[],"[{""descripcion"": ""Acciones de 24Genetics"", ""valor"": ""1.200,00""}]",[],[],[],"[{""descripcion"": ""Préstamo hipotecario Banco Santander"", ""fecha_concesion"": ""2009"", ""importe_concedido"": ""100.000"", ""saldo_pendiente"": ""56.000""}]",,285,fotos_diputados\deputy_285.jpg,Logo_partidos\deputy_0285.jpg,,rivera-la-cruz,
deputy_285_assets_000276_002_e_0016299_20240313.json,MARTA MARÍA RIVERA DE LA CRUZ,CASADA,GANANCIALES,23/07/2023,14/08/2023,Diputado,,,,,,"[{""concepto"": ""Salario como consejera de Cultura, Turismo y Deporte"", ""euros"": null}]",[],[],"[{""concepto"": ""Alquiler inmueble"", ""euros"": null}]",33345.95,"[{""clase_y_caracteristicas"": ""Piso Urbano"", ""situacion"": ""Madrid"", ""fecha_adquisicion"": ""2009"", ""derecho_sobre_el_bien"": ""Pleno dominio/compraventa""}, {""clase_y_caracteristicas"": ""1/6 Piso Urbano"", ""situacion"": ""Lugo"", ""fecha_adquisicion"": ""2004"", ""derecho_sobre_el_bien"": ""Nuda propiedad/herencia""}]","[{""clase_y_caracteristicas"": ""1/6 Finca rústica"", ""situacion"": ""Lugo"", ""fecha_adquisicion"": ""2004"", ""derecho_sobre_el_bien"": ""Nuda propiedad/herencia""}]",[],"[{""entidad"": ""Banco Santander"", ""saldo"": ""46.320 euros""}, {""entidad"": ""Caixabank"", ""saldo"": ""195.148,76 euros""}]",[],[],[],[],[],"[{""prestamo"": ""Crédito hipotecario"", ""fecha_concesion"": ""2009"", ""importe_concedido"": ""100.000 euros"", ""saldo_pendiente"": ""52.000 euros""}]",,285,fotos_diputados\deputy_285.jpg,Logo_partidos\deputy_0285.jpg,,marta-maria-rivera-la-cruz,
deputy_286_assets_000271_000_e_0001139_20230814.json,FERNANDO GRANDE-MARLASKA GÓMEZ,CASADO,GANANCIALES,23/07/2023,14/08/2023,Diputado,CÁDIZ,,,,,"[{""procedencia"": ""NÓMINA MINISTRO DEL INTERIOR"", ""concepto"": ""NÓMINA MINISTRO DEL INTERIOR"", ""euros"": ""4.100 (mensual)""}, {""procedencia"": ""TRIENIOS FUNCIONARIO EN SERVICIOS ESPECIALES"", ""concepto"": ""TRIENIOS FUNCIONARIO EN SERVICIOS ESPECIALES"", ""euros"": ""800 (mensual)""}]",[],[],[],29404.98,"[{""clase"": ""PISO"", ""caracteristicas"": """", ""situacion"": ""MADRID"", ""fecha_adquisicion"": ""31/7/2020"", ""derecho"": ""GANANCIAL"", ""titulo_adquisicion"": ""COMPRAVENTA""}, {""clase"": ""VIVIENDA"", ""caracteristicas"": """", ""situacion"": ""SANTA MARIA DE LA ALAMEDA (MADRID)"", ""fecha_adquisicion"": ""15/7/2009"", ""derecho"": ""GANANCIAL"", ""titulo_adquisicion"": ""COMPRAVENTA""}]",[],[],"[{""tipo"": ""SALDO EN CUENTA CORRIENTE"", ""saldo"": ""10.000""}]",[],[],[],"[{""fecha_adquisicion"": ""7/2015"", ""descripcion"": ""BMW SERIE 5""}]",[],"[{""descripcion"": ""HIPOTECA"", ""fecha_concesion"": ""31/7/2020"", ""importe_concedido"": ""150.000"", ""saldo_pendiente"": ""91.000""}]",,286,fotos_diputados\deputy_286.jpg,Logo_partidos\deputy_0286.jpg,,fernando-grande-marlaska-gomez,81793.8
deputy_286_assets_000271_002_e_0006388_20231215.json,FERNANDO GRANDE-MARLASKA GÓMEZ,CASADO,GANANCIALES,23 julio 2023,14 agosto 2023,Diputado,CÁDIZ,,,,,"[{""concepto"": ""NOMINA MINISTRO DEL INTERIOR"", ""euros"": ""4100 € (MENSUAL)""}, {""concepto"": ""TRIENIOS FUNCIONARIO EN SERVICIOS ESPECIALES"", ""euros"": ""800 € (MENSUAL)""}]",[],[],[],29404.98,"[{""clase"": ""PISO"", ""situacion"": ""MADRID"", ""fecha_adquisicion"": ""31/7/2020"", ""derecho_y_titulo"": ""GANANCIAL/COMPRAVENTA""}, {""clase"": ""VIVIENDA"", ""situacion"": ""SANTA MARIA DE LA ALAMEDA (MADRID)"", ""fecha_adquisicion"": ""15/07/2009"", ""derecho_y_titulo"": ""GANANCIAL/COMPRAVENTA""}]",[],[],"[{""saldo"": ""12,500 €""}]",[],[],[],"[{""fecha_adquisicion"": ""7/2015"", ""descripcion"": ""BMW SERIE 5""}]",[],"[{""prestamo"": ""HIPOTECA"", ""fecha_concesion"": ""31/07/2020"", ""importe_concedido"": ""150.000 €"", ""saldo_pendiente"": ""87.000 €""}]",Me remito en todos los apartados no cumplimentados a las declaraciones presentadas con anterioridad.,286,fotos_diputados\deputy_286.jpg,Logo_partidos\deputy_0286.jpg,,fernando-grande-marlaska-gomez,81793.8
deputy_287_assets_000282_000_e_0001187_20230814.json,OSKAR MATUTE GARCIA DE JALÓN,PAREJA DE HECHO,,23 DE JULIO DEL 2023,14 DE AGOSTO DEL 2023,Diputado,BIZKAIA,https://www.facebook.com/matute.oskar,,https://twitter.com/oskarmatute,,"[{""concepto"": ""VIVIENDA ARRENDADA ALOKABIDE (BILBAO)"", ""euros"": 4166.28}]",[],[],[],7910.71,"[{""clase"": ""VIVIENDA"", ""situacion"": ""BILBAO"", ""fecha_adquisicion"": ""16-1-2004"", ""derecho"": ""PLENO DOMINIO"", ""titulo"": ""COMPRAVENTA""}, {""clase"": ""APARTAMENTO"", ""situacion"": ""LABASTIDA"", ""fecha_adquisicion"": ""18-5-2021"", ""derecho"": ""50% DEL PLENO DOMINIO"", ""titulo"": ""COMPRAVENTA""}]",[],[],"[{""tipo"": ""CUENTAS CORRIENTES"", ""saldo"": 39892}]","[{""descripcion"": ""BASKEPENSIONES (E.P.S.V)"", ""valor"": 10367}, {""descripcion"": ""NORBOLSA BADMINISTRACION Y CUSTODIA DE VALORES"", ""valor"": 1510.75}]",[],[],"[{""fecha_adquisicion"": ""JULIO 2013"", ""descripcion"": ""COCHE CHEVROLET CRUZE SX""}]",[],"[{""prestamo"": ""PRESTAMO VIVIENDA"", ""fecha_concesion"": ""16/01/2004"", ""importe_concedido"": 139000, ""saldo_pendiente"": 42683}]",,287,fotos_diputados\deputy_287.jpg,Logo_partidos\deputy_0287.jpg,hemiciclo\hemi_0287_2502.gif,oskar-matute-garcia-jalon,
deputy_288_assets_000283_000_e_0001188_20230814.json,Isabel Pozueta Fernández,,,,,Diputado,,,,https://twitter.com/BelPozueta,,[],[],[],[],18362.4,"[{""clase"": ""vivienda"", ""situacion"": ""Navarra"", ""fecha_adquisicion"": ""1992"", ""derecho"": ""Pleno dominio"", ""titulo"": ""Compraventa""}, {""clase"": ""plaza garaje"", ""situacion"": ""Navarra"", ""fecha_adquisicion"": ""1992"", ""derecho"": ""Pleno dominio"", ""titulo"": ""Compraventa""}, {""clase"": ""piso"", ""situacion"": ""Hendaya (Francia)"", ""fecha_adquisicion"": ""2008"", ""derecho"": ""Pleno dominio"", ""titulo"": ""Compraventa""}]","[{""clase"": ""terreno"", ""situacion"": ""Navarra"", ""fecha_adquisicion"": null, ""derecho"": ""Pleno dominio"", ""titulo"": ""Herencia""}, {""clase"": ""terreno"", ""situacion"": ""Navarra"", ""fecha_adquisicion"": null, ""derecho"": ""Pleno dominio"", ""titulo"": ""Terreno""}]",[],"[{""tipo"": ""Cuentas corrientes"", ""saldo"": 75292.35}, {""tipo"": ""Fondos de inversión"", ""saldo"": 75292.35}, {""tipo"": ""Plan de Pensión"", ""saldo"": 75292.35}]",[],[],[],"[{""fecha_adquisicion"": ""1998"", ""descripcion"": ""Furgoneta Volkswagen Transporter""}, {""fecha_adquisicion"": ""2015"", ""descripcion"": ""Renault Kangoo""}]",[],[],,288,fotos_diputados\deputy_288.jpg,Logo_partidos\deputy_0288.jpg,hemiciclo\hemi_0288_2503.gif,isabel-pozueta-fernandez,124863.62
deputy_289_assets_000275_000_e_0001163_20230814.json,Iñaki Anselmo Ruiz de Pinedo,casado,Gananciales,23 julio 2023,14 de AGOSTO 2023,Diputado,Araba-Álava,,,,,[],[],[],[],2860.0,"[{""tipo"": ""Vivienda"", ""situacion"": ""Zalduondo (Araba-Alava)"", ""fecha_adquisicion"": ""1998"", ""derecho"": ""Pleno dominio"", ""titulo_adquisicion"": ""Adquisición""}, {""tipo"": ""Vivienda"", ""situacion"": ""Vitoria (Araba-Alava)"", ""fecha_adquisicion"": ""2003"", ""derecho"": ""Pleno dominio"", ""titulo_adquisicion"": ""Herencia""}, {""tipo"": ""Vivienda"", ""situacion"": ""Vitoria (Araba-Alava)"", ""fecha_adquisicion"": ""1977"", ""derecho"": ""1/8 Dominio"", ""titulo_adquisicion"": ""Herencia""}, {""tipo"": ""Vivienda"", ""situacion"": ""Vitoria (Araba-Alava)"", ""fecha_adquisicion"": ""1977"", ""derecho"": ""1/8 Dominio"", ""titulo_adquisicion"": ""Herencia""}, {""tipo"": ""Vivienda"", ""situacion"": ""Vitoria (Araba-Alava)"", ""fecha_adquisicion"": ""1977"", ""derecho"": ""1/8 Dominio"", ""titulo_adquisicion"": ""Herencia""}, {""tipo"": ""Local Comercial"", ""situacion"": ""Vitoria (Araba-Alava)"", ""fecha_adquisicion"": ""1977"", ""derecho"": ""1/8 Dominio"", ""titulo_adquisicion"": ""Herencia""}]",[],[],"[{""descripcion"": ""Cuenta Corriente compartida con esposa"", ""saldo"": 24000}, {""descripcion"": ""Cuentas compartidas con esposa: C.C."", ""saldo"": 7000}, {""descripcion"": ""Otros depósitos"", ""saldo"": 74558}, {""descripcion"": ""Cuenta Corriente compartida con esposa"", ""saldo"": 23000}, {""descripcion"": ""Fondo pensiones"", ""saldo"": 27300}]",[],[],[],[],"[{""descripcion"": ""Cantidades no declaradas en apartados anteriores que están cedidos en préstamo a un familiar de primer grado"", ""valor"": 80000}]",[],"Los depósitos declarados son mancomunados con mi esposa. La mayor parte del incremento de las cantidades de los depósitos (mancomunados) en el periodo del año 2019 al 2023 se deben a la venta de un piso en el año 2020, del que era titular mi esposa.",289,fotos_diputados\deputy_289.jpg,Logo_partidos\deputy_0289.jpg,,inaki-anselmo-ruiz-pinedo,
deputy_289_assets_000275_002_e_0057283_20250220.json,D. Iñaki Ruiz de Pinedo Undiano,Casado,Separación de bienes,23/07/2023,14/08/2023,Diputado,Álava/Araba,,,,,"[{""concepto"": ""RENDIMIENTOS TOTALES DE TRABAJO EN EL CONGRESO"", ""euros"": ""31.360 euros""}]",[],[],[],5283.0,"[{""clase_y_caracteristicas"": ""Vivienda"", ""situacion"": ""Zalduondo"", ""fecha_adquisicion"": ""1998"", ""derecho_sobre_el_bien"": ""Pleno dominio por adquisición""}, {""clase_y_caracteristicas"": ""Vivienda"", ""situacion"": ""Vitoria"", ""fecha_adquisicion"": ""2003"", ""derecho_sobre_el_bien"": ""Pleno dominio por herencia""}, {""clase_y_caracteristicas"": ""Vivienda"", ""situacion"": ""Vitoria"", ""fecha_adquisicion"": ""1977"", ""derecho_sobre_el_bien"": ""1/8 dominio por herencia""}, {""clase_y_caracteristicas"": ""Vivienda"", ""situacion"": ""Vitoria"", ""fecha_adquisicion"": ""1977"", ""derecho_sobre_el_bien"": ""1/8 dominio por herencia""}, {""clase_y_caracteristicas"": ""Vivienda"", ""situacion"": ""Vitoria"", ""fecha_adquisicion"": ""1977"", ""derecho_sobre_el_bien"": ""1/8 dominio por herencia""}, {""clase_y_caracteristicas"": ""Local comercial"", ""situacion"": ""Vitoria"", ""fecha_adquisicion"": ""1977"", ""derecho_sobre_el_bien"": ""1/8 dominio por herencia""}]",[],[],"[{""descripcion"": ""DEPOSICIÓN Y CUENTAS MANCOMUNADAS CON LA ESPOSA Y PLAN DE PENSIONES"", ""saldo"": ""72.194,16 EUROS""}]",[],[],[],[],"[{""descripcion"": ""CEDIDOS EN PRÉSTAMO A DOS FAMILIARES"", ""valor"": ""140.000 euros""}]",[],,289,fotos_diputados\deputy_289.jpg,Logo_partidos\deputy_0289.jpg,,d-inaki-ruiz-pinedo-undiano,
deputy_290_assets_000280_000_e_0001180_20230814.json,Jon Iñarritu García,Soltero,,23-07-2023,14-08-2023,Diputado,Gipuzkoa,,,https://twitter.com/JonInarritu,,[],[],[],[],11722.15,"[{""clase_y_caracteristicas"": ""Vivienda unifamiliar"", ""situacion"": ""Nueva Aquitania (Francia)"", ""fecha_adquisicion"": ""21-07-2015"", ""derecho_sobre_el_bien"": ""Pleno dominio"", ""titulo_adquisicion"": ""Compraventa""}, {""clase_y_caracteristicas"": ""Finca con vivienda a reconstruir"", ""situacion"": ""Bizkaia"", ""fecha_adquisicion"": ""21-12-2021"", ""derecho_sobre_el_bien"": ""Pleno dominio"", ""titulo_adquisicion"": ""Compraventa""}]",[],[],"[{""tipo"": ""Cuenta Corriente"", ""saldo"": 31000}]",[],[],[],[],[],"[{""descripcion"": ""Prestamo hipotecario para reconstrucción de vivienda Kutxabank"", ""fecha_concesion"": ""20/03/2023"", ""importe_concedido"": 300000, ""saldo_pendiente"": 300000}]",,290,fotos_diputados\deputy_290.jpg,Logo_partidos\deputy_0290.jpg,hemiciclo\hemi_0290_2603.gif,jon-inarritu-garcia,91261.66
deputy_291_assets_000284_000_e_0001190_20230814.json,MARIJE FULLAONDO LA CRUZ,PAREJA DE HECHO,SEPARACIÓN DE BIENES,23/07/2023,14/08/2023,Diputado,BIZKAIA,,,https://twitter.com/MarijeFullaondo,,"[{""concepto"": ""NÓMINA"", ""euros"": 41794.84}]",[],[],"[{""concepto"": ""ARRENDAMIENTO VIVIENDA HASTA FEBRERO DE 2023"", ""euros"": 7680}]",11484.39,"[{""clase_y_caracteristicas"": ""PISO"", ""situacion"": ""GIPUZKOA"", ""fecha_adquisicion"": ""1998"", ""derecho_sobre_el_bien"": ""PROPIEDAD 100%"", ""titulo_adquisicion"": ""COMPRA-VENTA""}]",[],[],"[{""tipo"": ""CUENTA CORRIENTE"", ""saldo"": 330060.63}]",[],[],[],"[{""fecha_adquisicion"": ""DICIEMBRE DE 2017"", ""descripcion"": ""PEUGEOT 308""}]",[],[],,291,fotos_diputados\deputy_291.jpg,Logo_partidos\deputy_0291.jpg,hemiciclo\hemi_0291_2602.gif,marije-fullaondo-la-cruz,91261.66
deputy_292_assets_000279_000_e_0001174_20230814.json,Javier Sánchez Serna,soltero,,23-07-2023,14-08-2023,Diputado,Murcia/Congreso de los Diputados,https://www.facebook.com/JavierSanchezSernaEducacion/c,,https://twitter.com/J_Sanchez_Serna,,[],[],[],[],31716.0,[],[],[],"[{""entidad"": ""Triodos Bank"", ""tipo"": ""Cuenta corriente"", ""saldo"": 210000}]",[],[],[],"[{""fecha_adquisicion"": ""2012"", ""descripcion"": ""FORD FOCUS""}]",[],[],,292,fotos_diputados\deputy_292.jpg,Logo_partidos\deputy_0292.jpg,hemiciclo\hemi_0292_2509.gif,javier-sanchez-serna,91261.66
deputy_293_assets_000277_000_e_0001169_20230814.json,PATRICIA RUEDA PERELLÓ,CASADA,SEPARACIÓN DE BIENES,23 JULIO 2023,14 AGOSTO 2023,Diputado,MÁLAGA,,,https://twitter.com/_patricia_rueda,,"[{""concepto"": ""Rendimientos neto (IRPF 2022)"", ""euros"": ""103.033,40""}]",[],"[{""concepto"": ""Intereses de cuentas, depósitos y de activos financieros en general"", ""euros"": ""80,49""}]","[{""concepto"": ""Ingresos por alquiler de inmuebles"", ""euros"": ""3,600""}]",35656.85,"[{""clase"": ""PISO"", ""situacion"": ""MÁLAGA"", ""fecha_adquisicion"": ""NOVIEMBRE 2004"", ""derecho"": ""50% del pleno dominio por compraventa""}, {""clase"": ""VIVIENDA"", ""situacion"": ""MÁLAGA"", ""fecha_adquisicion"": ""OCTUBRE 2015"", ""derecho"": ""50% del pleno dominio por compraventa""}]",[],[],"[{""saldo"": ""79.121,04""}]",[],[],[],"[{""fecha_adquisicion"": ""2009"", ""descripcion"": ""VEHÍCULO BMW Z4""}]",[],"[{""prestamo"": ""PRESTAMO HIPOTECARIO- IBERCAJA BANCO SA"", ""fecha_concesion"": ""26.11.2004"", ""importe_concedido"": ""80,000"", ""saldo_pendiente"": ""31.309,03""}, {""prestamo"": ""PRESTAMO HIPOTECARIO- IBERCAJA BANCO SA"", ""fecha_concesion"": ""26.11.2004"", ""importe_concedido"": ""100,662"", ""saldo_pendiente"": ""44.268""}, {""prestamo"": ""PRESTAMO HIPOTECARIO- CAJASUR"", ""fecha_concesion"": ""30.10.2015"", ""importe_concedido"": ""300,000"", ""saldo_pendiente"": ""242.561,31""}]",El declarante deja constancia que lo presentado tanto en saldos como en saldos pendientes de las hipotecas es a fecha 13 de agosto de 2023.,293,fotos_diputados\deputy_293.jpg,Logo_partidos\deputy_0293.jpg,hemiciclo\hemi_0293_2606.gif,patricia-rueda-perello,91261.66
deputy_293_assets_000277_001_e_0042121_20240927.json,PATRICIA RUEDA PERELLÓ,DIVORCIADA,,23 JULIO 2023,14 AGOSTO 2023,Diputado,,,,https://twitter.com/_patricia_rueda,,[],[],[],[],,"[{""clase_y_caracteristicas"": ""PISO"", ""situacion"": ""MÁLAGA"", ""fecha_adquisicion"": ""MAYO 2024"", ""derecho_sobre_el_bien"": ""100% del pleno dominio por compraventa""}, {""clase_y_caracteristicas"": ""VIVIENDA"", ""situacion"": ""MÁLAGA"", ""fecha_adquisicion"": ""OCTUBRE 2015"", ""derecho_sobre_el_bien"": ""100% del pleno dominio por compraventa""}]",[],[],[],[],[],[],[],[],"[{""prestamo"": ""PRESTAMO HIPOTECARIO CAJASUR"", ""fecha_concesion"": ""24.05.24"", ""importe_concedido"": 106190.22, ""saldo_pendiente"": 105163.65}]","La modificación en los bienes inmuebles de naturaleza urbana se debe al cambio en mi estado civil, así como la adquisición de un nuevo préstamo.",293,fotos_diputados\deputy_293.jpg,Logo_partidos\deputy_0293.jpg,hemiciclo\hemi_0293_2606.gif,patricia-rueda-perello,91261.66
deputy_293_assets_000277_001_e_0046638_20241030.json,PATRICIA RUEDA PERELLÓ,DIVORCIADA,,23 JULIO 2023,14 AGOSTO 2023,Diputado,MÁLAGA,,,https://twitter.com/_patricia_rueda,,[],[],[],[],,"[{""clase"": ""VIVIENDA"", ""situacion"": ""MÁLAGA"", ""fecha_adquisicion"": ""OCTUBRE 2015"", ""derecho"": ""100% del pleno dominio por compraventa""}, {""clase"": ""PISO"", ""situacion"": ""MÁLAGA"", ""fecha_adquisicion"": ""MAYO 2024"", ""derecho"": ""100% del pleno dominio por compraventa""}]",[],[],[],[],[],[],[],[],"[{""prestamo"": ""PRESTAMO HIPOTECARIO CAJASUR"", ""fecha_concesion"": ""30.10.2015"", ""importe_concedido"": 300000.0, ""saldo_pendiente"": 232910.96}, {""prestamo"": ""PRESTAMO HIPOTECARIO CAJASUR"", ""fecha_concesion"": ""24.05.2024"", ""importe_concedido"": 106190.22, ""saldo_pendiente"": 104475.7}]","La modificación en los bienes inmuebles de naturaleza urbana se debe al cambio en mi estado civil, así como la adquisición de un nuevo préstamo.",293,fotos_diputados\deputy_293.jpg,Logo_partidos\deputy_0293.jpg,hemiciclo\hemi_0293_2606.gif,patricia-rueda-perello,91261.66
deputy_294_assets_000287_000_e_0001201_20230814.json,RICARDO CHAMORRO DELMO,CASADO,SEPARACION DE BIENES,23 DE JULIO 2023,14 DE AGOSTO DE 2023,Diputado,,https://www.facebook.com/ricardo.delmo,,https://twitter.com/rchamode,,[],[],[],[],20138.52,[],[],[],"[{""tipo"": ""CUENTA CORRIENTE"", ""saldo"": ""40.072,83 €""}]",[],[],[],"[{""fecha_adquisicion"": ""16/07/2021"", ""descripcion"": ""MERCEDES GLC""}]","[{""descripcion"": ""MUTUALIDAD DE LA ABOGACIA"", ""valor"": ""19.491,50€""}]","[{""descripcion"": ""PRESTAMOS PERSONAL EUROCAJARURAL"", ""fecha_concesion"": ""30/03/2017"", ""importe_concedido"": ""45.000"", ""saldo_pendiente"": ""10.830,93""}, {""descripcion"": ""PRESTAMO PERSONAL CAIXA"", ""fecha_concesion"": ""16/07/2021"", ""importe_concedido"": ""25.000"", ""saldo_pendiente"": ""18.724,12""}]",,294,fotos_diputados\deputy_294.jpg,Logo_partidos\deputy_0294.jpg,hemiciclo\hemi_0294_2802.gif,ricardo-chamorro-delmo,91261.66
deputy_295_assets_000289_000_e_0001206_20230814.json,CARLA TOSCANO DE BALBÍN,DIVORCIADA,N/P,23 DE JULIO DE 2023,14 DE AGOSTO DE 2023,Diputado,MADRID,,,,,[],[],"[{""concepto"": ""Intereses cuenta de banco"", ""euros"": 1.38}]","[{""concepto"": ""Alquiler Inmueble"", ""euros"": 9600.0}]",14092.85,"[{""clase_y_caracteristicas"": ""Vivienda"", ""situacion"": ""Cádiz"", ""fecha_adquisicion"": ""2009"", ""derecho_sobre_el_bien"": ""Pleno dominio"", ""titulo_adquisicion"": ""Compraventa""}, {""clase_y_caracteristicas"": ""Piso"", ""situacion"": ""Madrid"", ""fecha_adquisicion"": ""1987"", ""derecho_sobre_el_bien"": ""Pleno dominio"", ""titulo_adquisicion"": ""Aportación en la constitución""}, {""clase_y_caracteristicas"": ""Piso"", ""situacion"": ""Madrid"", ""fecha_adquisicion"": ""1998"", ""derecho_sobre_el_bien"": ""Pleno dominio"", ""titulo_adquisicion"": ""Compraventa""}]","[{""clase_y_caracteristicas"": ""Cinco fincas rústicas"", ""situacion"": ""Asturias"", ""fecha_adquisicion"": ""2002"", ""derecho_sobre_el_bien"": ""En comunidad de bienes"", ""titulo_adquisicion"": ""Herencia""}]",[],"[{""tipo"": ""Cuenta corriente"", ""saldo"": 5000}]",[],"[{""descripcion"": ""1599 participaciones. 1 en plena propiedad y 1598 en nuda propiedad. Valor nominal de las participaciones. Tosbal, S.L."", ""valor"": 96099.9}]",[],"[{""fecha_adquisicion"": ""1998"", ""descripcion"": ""Coche VW Golf""}]",[],"[{""prestamo"": ""Crédito hipotecario"", ""fecha_concesion"": ""7/9/2010"", ""importe_concedido"": 105000, ""saldo_pendiente"": 73029.8}, {""prestamo"": ""Crédito hipotecario"", ""fecha_concesion"": ""26/1/2011"", ""importe_concedido"": 29000, ""saldo_pendiente"": 22124.83}]",,295,fotos_diputados\deputy_295.jpg,Logo_partidos\deputy_0295.jpg,,carla-toscano-balbin,
deputy_295_assets_000289_002_e_0010336_20240202.json,CARLA TOSCANO DE BALBÍN,DIVORCIADA,N/P,23/07/2023,14/08/2023,Diputado,,,,,,[],[],[],[],,[],[],[],[],[],[],[],[],[],[],Me remito a la declaración presentada el 14 de agosto de 2023.,295,fotos_diputados\deputy_295.jpg,Logo_partidos\deputy_0295.jpg,,carla-toscano-balbin,
deputy_296_assets_000281_000_e_0001182_20230814.json,ALEJANDRO SOLER MUR,CASADO,SEPARACIÓN DE BIENES,23/07/2023,14/08/2023,Diputado,,https://www.facebook.com/asolermur,,https://twitter.com/AlejandroSolerM,,[],[],[],"[{""concepto"": ""ALQUILER VIVIENDA"", ""euros"": ""12.000€""}]",15434.05,"[{""clase_y_caracteristicas"": ""VIVIENDA 160 m2"", ""situacion"": ""ELCHE"", ""fecha_adquisicion"": ""DICIEMBRE 2019"", ""derecho_sobre_el_bien"": ""PLENO DOMINIO"", ""titulo_adquisicion"": ""COMPRAVENTA""}, {""clase_y_caracteristicas"": ""VIVIENDA 121 m2 Y PLAZA DE GARAJE"", ""situacion"": ""ELCHE"", ""fecha_adquisicion"": ""JULIO 2023"", ""derecho_sobre_el_bien"": ""PLENO DOMINIO"", ""titulo_adquisicion"": ""COMPRAVENTA""}]",[],[],"[{""entidad"": ""CAIXABANK"", ""saldo"": ""15.000€""}, {""entidad"": ""BBVA"", ""saldo"": ""1.500€""}]",[],[],[],"[{""fecha_adquisicion"": ""2012"", ""descripcion"": ""RANGE ROVER SPORT""}]","[{""concepto"": ""FONDO MUTUALIDAD DE LA ABOGACÍA"", ""valor"": ""23.285€""}]","[{""descripcion"": ""HIPOTECA CAIXABANK"", ""fecha_concesion"": ""2019"", ""importe_concedido"": ""132.000€"", ""saldo_pendiente"": ""111.616€""}, {""descripcion"": ""HIPOTECA CAIXABANK"", ""fecha_concesion"": ""2023"", ""importe_concedido"": ""232.000€"", ""saldo_pendiente"": ""232.000€""}, {""descripcion"": ""PRESTAMO PERSONAL CAIXABANK"", ""fecha_concesion"": ""2023"", ""importe_concedido"": ""12.000€"", ""saldo_pendiente"": ""12.000€""}, {""descripcion"": ""SENTENCIA DIVORCIO"", ""cuota"": ""760€/MES""}]",,296,fotos_diputados\deputy_296.jpg,Logo_partidos\deputy_0296.jpg,hemiciclo\hemi_0296_1208.gif,alejandro-soler-mur,97457.92
deputy_297_assets_000291_000_e_0001212_20230814.json,LUIS MARIA BEAMONTE MESA,DIVORCIADO,,23 DE JULIO DE 2023,14 DE AGOSTO DE 2023,Diputado,ZARAGOZA,,,https://twitter.com/LuismaBeamonte,,"[{""concepto"": ""RETRIBUCIONES"", ""euros"": 46626.52}]",[],"[{""concepto"": null, ""euros"": 1.45}]",[],10683.7,"[{""clase"": ""VIVIENDA"", ""caracteristicas"": null, ""situacion"": ""ZARAGOZA"", ""fecha_adquisicion"": ""05.12.2003"", ""derecho"": ""COMPRAVENTA PLENO DOMINIO 100%""}, {""clase"": ""PLAZA GARAJE"", ""caracteristicas"": null, ""situacion"": ""ZARAGOZA"", ""fecha_adquisicion"": ""05.12.2003"", ""derecho"": ""COMPRAVENTA PLENO DOMINIO 2003""}, {""clase"": ""OFICINA"", ""caracteristicas"": null, ""situacion"": ""ZARAGOZA"", ""fecha_adquisicion"": ""07.06.2010"", ""derecho"": ""COMPRAVENTA COMUNIDAD BIENES 25%""}, {""clase"": ""TRASTERO (ARCHIVO)"", ""caracteristicas"": null, ""situacion"": ""ZARAGOZA"", ""fecha_adquisicion"": ""07.06.2010"", ""derecho"": ""COMPRAVENTA COMUNIDAD DE BIENES 25%""}]",[],[],"[{""tipo"": ""CUENTA CORRIENTE"", ""saldo"": 62913.06}]",[],[],[],"[{""fecha_adquisicion"": ""26.02.2015"", ""descripcion"": ""VEHICULO JEEP CHEROKEE""}]",[],"[{""descripcion"": ""HIPOTECA"", ""fecha_concesion"": ""05.12.2003"", ""importe_concedido"": 204000, ""saldo_pendiente"": 48806.44}, {""descripcion"": ""HIPOTECA OFICINA (COMUNIDAD DE BIENES - 25%)"", ""fecha_concesion"": ""07.06.2010"", ""importe_concedido"": 188320, ""saldo_pendiente"": 95557.11}]",,297,fotos_diputados\deputy_297.jpg,Logo_partidos\deputy_0297.jpg,hemiciclo\hemi_0297_3514.gif,luis-maria-beamonte-mesa,97457.92
deputy_297_assets_000291_001_e_0048419_20241113.json,Luis María Beamonte Mesa,Casado,,23 Julio 2023,,,,,,https://twitter.com/LuismaBeamonte,,[],[],[],[],,"[{""clase_y_caracteristicas"": ""VIVIENDA"", ""situacion"": ""ALICANTE"", ""fecha_adquisicion"": ""21.10.2024"", ""derecho_sobre_el_bien"": ""PLENO DOMINIO"", ""titulo_adquisicion"": ""GANANCIAL""}]",[],[],[],[],[],[],[],[],[],,297,fotos_diputados\deputy_297.jpg,Logo_partidos\deputy_0297.jpg,hemiciclo\hemi_0297_3514.gif,luis-maria-beamonte-mesa,97457.92
deputy_298_assets_000285_000_e_0001194_20230814.json,ALFONSO CARLOS MACÍAS GATA,CASADO,,23 JULIO 2023,,Senador,BADAJOZ,https://www.facebook.com/popularesbarcarrota,https://www.instagram.com/alfonsomaciasgata/,https://x.com/alfonsoGat58095,,"[{""procedencia"": ""RETRIBUCION COMO ALCALDE AYUNTAMIENTO DE BARCARROTA (NETO)"", ""concepto"": ""Percepciones netas de tipo salarial, sueldos, honorarios, aranceles y otras retribuciones"", ""euros"": 30220.59}]",[],"[{""procedencia"": ""INTERESES CUENTAS Y RENDIMIENTOS CAPITAL MOBILIARIO"", ""concepto"": ""Intereses o rendimientos de cuentas, depósitos y activos financieros"", ""euros"": 193.5}]",[],8305.41,"[{""clase"": ""PISO"", ""caracteristicas"": null, ""situacion"": ""BADAJOZ"", ""fecha_adquisicion"": ""2003"", ""derecho"": ""50% PLENO DOMINIO"", ""titulo_adquisicion"": ""COMPRA-VENTA""}]",[],[],"[{""tipo"": ""CUENTA CORRIENTE"", ""saldo"": 75045.04}, {""tipo"": ""CUENTA DE AHORROS"", ""saldo"": 75045.04}, {""tipo"": ""CUENTA DE AHORROS (50%)"", ""saldo"": 75045.04}]","[{""descripcion"": ""FONDO DE INVERSION (VALORACION 3-8-2023)"", ""valor"": 58642.8}]",[],[],"[{""fecha_adquisicion"": ""2022"", ""descripcion"": ""VEHICULO VOLVO S-60 DE SEGUNDA MANO MATRICULADO EN 2018""}]","[{""valor"": 48986.89}, {""valor"": 5582.29}]","[{""descripcion"": ""BBVA (PRESTAMO PERSONAL)"", ""fecha_concesion"": ""14-10-2022"", ""importe_concedido"": 10395, ""saldo_pendiente"": 8995.84}]",,298,fotos_diputados\deputy_298.jpg,Logo_partidos\deputy_0298.jpg,hemiciclo\hemi_0298_2812.gif,alfonso-carlos-macias-gata,85645.7
deputy_299_assets_000288_000_e_0001205_20230814.json,ANTONIO CAVACASILLAS RODRIGUEZ,CASADO,SEPARACIÓN DE BIENES,23/07/2023,14/08/2023,Diputado,Benador,https://www.facebook.com/antonio.cavacasillas.5,https://www.instagram.com/acavacasillas/,https://twitter.com/acavacasillas,,"[{""procedencia"": ""Ayuntamiento de Badajoz"", ""concepto"": ""NÓMINA AYUNTAMIENTO DE BADAJOZ"", ""euros"": ""59.733,38€""}]",[],[],[],14124.56,"[{""clase"": ""VIVIENDA + PLAZA DE GARAGE"", ""situacion"": ""BADAJOZ"", ""fecha_adquisicion"": ""2007"", ""derecho"": ""GANANCIAL"", ""titulo_adquisicion"": ""COMPRAVENTA""}]",[],[],"[{""tipo"": ""CUENTAS CORRIENTES"", ""saldo"": ""42.000€""}]",[],[],[],"[{""fecha_adquisicion"": ""MARZO 2023"", ""descripcion"": ""BMW X1""}]","[{""descripcion"": ""PLAN DE PENSIONES BANCO SANTANDER"", ""valor"": ""46.846,21€""}]","[{""descripcion"": ""HIPOTECA DEUTSCHE BANK"", ""fecha_concesion"": ""NOV 2007"", ""importe_concedido"": ""223.458,45 €"", ""saldo_pendiente"": ""120.963,00 €""}, {""descripcion"": ""PRESTAMO ING"", ""fecha_concesion"": ""DIC 2022"", ""importe_concedido"": ""25.000€"", ""saldo_pendiente"": ""23.105,45 €""}]",,299,fotos_diputados\deputy_299.jpg,Logo_partidos\deputy_0299.jpg,hemiciclo\hemi_0299_5705.gif,antonio-cavacasillas-rodriguez,91261.66
deputy_300_assets_000286_000_e_0001200_20230814.json,MERTXE AIZPURUA ARZALLUS,CASADA,GANANCIALES,23 JULIO 2023,14 AGOSTO 2023,Diputado,GIPUZKOA,https://www.facebook.com/aizpurua.mertxe,,https://twitter.com/MertxeAizpurua,,[],[],[],[],20752.09,"[{""clase"": ""PISO"", ""situacion"": ""GIPUZKOA"", ""fecha_adquisicion"": ""2000"", ""derecho_y_titulo"": ""PLENO DOMINIO, DONACION Y COMPRAVENTA FAMILIA""}, {""clase"": ""GARAJE"", ""situacion"": ""GIPUZKOA"", ""fecha_adquisicion"": ""2022"", ""derecho_y_titulo"": ""SINPLENO DOMINIIO COPRAVENTA""}]",[],[],"[{""tipo"": ""CUENTA CORRIENTE"", ""saldo"": 19400}]",[],[],[],"[{""fecha_adquisicion"": ""2017"", ""descripcion"": ""CITROEN CACTUS C4""}]","[{""tipo"": ""SEGURO DE VIDA"", ""valor"": 21000}]","[{""descripcion"": ""HIPOTECA"", ""fecha_concesion"": ""2000"", ""importe_concedido"": 102172, ""saldo_pendiente"": 822.87}]",,300,fotos_diputados\deputy_300.jpg,Logo_partidos\deputy_0300.jpg,hemiciclo\hemi_0300_2501.gif,mertxe-aizpurua-arzallus,134288.28
deputy_300_assets_000286_001_e_0001422_20230816.json,Mertxe AIZPURUA ARZALLUS,CASADA,GANANCIALES,23-07-2023,14-08-2023,Diputado,GIPUZKOA,https://www.facebook.com/aizpurua.mertxe,,https://twitter.com/MertxeAizpurua,,[],[],[],[],,[],[],[],[],[],[],[],[],[],[],"MODIFICACIÓN DE LA DECLARACION PRESENTADA EL 14/08/2023 EN EL CAPITULO ""OTROS BIENES, RENTAS Y DERECHOS DE CONTENIDO ECONÓMICO"" EN LUGAR DE LA CIFRA SEÑALADA DEBE APARECER 30.287,48",300,fotos_diputados\deputy_300.jpg,Logo_partidos\deputy_0300.jpg,hemiciclo\hemi_0300_2501.gif,mertxe-aizpurua-arzallus,134288.28
deputy_301_assets_000290_000_e_0001209_20230814.json,Iñigo Errejón Galván,Soltero,,23/7/2023,14/8/2023,Diputado,Madrid,,,,,[],[],"[{""concepto"": null, ""euros"": ""0,9""}]",[],32919.95,[],[],[],"[{""saldo"": ""149.118,91""}]",[],[],[],"[{""fecha_adquisicion"": ""enero de 2020"", ""descripcion"": ""Motocicleta Suzuki UH 125 2009""}]",[],[],,301,fotos_diputados\deputy_301.jpg,Logo_partidos\deputy_0301.jpg,,inigo-errejon-galvan,102064.92
deputy_301_assets_000290_002_e_0075656_20250710.json,ÍÑIGO ERREJÓN GALVÁN,SOLTERO,,23/7/2023,14/08/2023,Diputado,MADRID,,,,,[],[],[],[],29196.03,[],[],[],"[{""saldo"": ""363,996€"", ""fecha"": ""31 DICIEMBRE 2024""}]",[],[],[],"[{""fecha_adquisicion"": ""ENERO 2020"", ""descripcion"": ""MOTOCICLETA SUZUKI UH 125 2009""}]",[],[],,301,fotos_diputados\deputy_301.jpg,Logo_partidos\deputy_0301.jpg,,inigo-errejon-galvan,102064.92
deputy_302_assets_000293_000_e_0001225_20230816.json,HÉCTOR GÓMEZ HERNÁNDEZ,SOLTERO,,23/07/2023,16/08/2023,Diputado,SANTA CRUZ DE TENERIFE,,,,,"[{""procedencia"": ""Percepciones netas de tipo salarial, sueldos, honorarios, aranceles y otras retribuciones"", ""concepto"": ""RETRIBUCION COMO MINISTRO DE INDUSTRIA, COMERCIO Y TURISMO (Total cantidades percibidas desde la toma de posesión, 28 de marzo de 2023, hasta la actualidad)"", ""euros"": 18706.12}]",[],[],[],20899.5,"[{""clase"": ""Vivienda"", ""situacion"": ""Santa Cruz de Tenerife"", ""fecha_adquisicion"": ""2008"", ""derecho"": ""Pleno Dominio"", ""titulo"": ""Compraventa""}]","[{""clase"": ""Solar"", ""situacion"": ""Santa Cruz de Tenerife"", ""fecha_adquisicion"": ""2008"", ""derecho"": ""Pleno Dominio"", ""titulo"": ""Compraventa""}]",[],"[{""tipo"": ""Cuentas corrientes"", ""saldo"": 260842.0}]",[],[],[],"[{""fecha_adquisicion"": ""2017"", ""descripcion"": ""Vehículo GLA""}]","[{""descripcion"": ""Planes de pensiones"", ""valor"": 5826.0}, {""descripcion"": ""Seguro de vida"", ""valor"": 41211.0}]","[{""descripcion"": ""Hipoteca"", ""fecha_concesion"": ""30/10/2008"", ""importe_concedido"": 63080.0, ""saldo_pendiente"": 25046.25}]",,302,fotos_diputados\deputy_302.jpg,Logo_partidos\deputy_0302.jpg,,hector-gomez-hernandez,28257.74
deputy_302_assets_000293_002_e_0007013_20231222.json,HÉCTOR GÓMEZ HERNÁNDEZ,SOLTERO,,23/07/2023,16/08/2023,Diputado,SANTA CRUZ DE TENERIFE,,,,,[],[],[],[],20899.5,"[{""clase"": ""Vivienda"", ""situacion"": ""Santa Cruz de Tenerife"", ""fecha_adquisicion"": ""2008"", ""derecho"": ""Pleno Dominio"", ""titulo_adquisicion"": ""Compraventa""}]","[{""clase"": ""Solar"", ""situacion"": ""Santa Cruz de Tenerife"", ""fecha_adquisicion"": ""2008"", ""derecho"": ""Pleno Dominio"", ""titulo_adquisicion"": ""Compraventa""}]",[],[],[],[],[],"[{""fecha_adquisicion"": ""2023"", ""descripcion"": ""Vehículo utilitario híbrido""}]","[{""descripcion"": ""Planes de pensiones"", ""valor"": ""5.826,00""}, {""descripcion"": ""Seguro de vida"", ""valor"": ""41.211,00""}]","[{""descripcion"": ""Hipoteca"", ""fecha_concesion"": ""30/10/2008"", ""importe_concedido"": ""63.080"", ""saldo_pendiente"": ""24.562""}]",,302,fotos_diputados\deputy_302.jpg,Logo_partidos\deputy_0302.jpg,,hector-gomez-hernandez,28257.74
deputy_303_assets_000297_000_e_0001240_20230816.json,Maria Isabel Vaquero Montero,casada,gananciales,23.07.2023,16.08.2023,Senador,,,,,,[],[],[],[],25463.07,"[{""clase_y_caracteristicas"": ""Piso"", ""situacion"": ""Gipuzkoa"", ""fecha_adquisicion"": ""2015"", ""derecho_sobre_el_bien"": ""compraventa gananciales""}]",[],[],[],[],[],[],"[{""fecha_adquisicion"": ""2021"", ""descripcion"": ""Audi 4 allroad""}]","[{""descripcion"": ""plan de pensiones"", ""valor"": ""8.050""}]","[{""prestamo"": ""préstamo hipotecario"", ""fecha_concesion"": ""2015"", ""importe_concedido"": ""76.036"", ""saldo_pendiente"": ""35.015""}]",,303,fotos_diputados\deputy_303.jpg,Logo_partidos\deputy_0303.jpg,hemiciclo\hemi_0303_2207.gif,maria-isabel-vaquero-montero,119035.84
deputy_303_assets_000297_001_e_0074574_20250626.json,MARIBEL VAQUERO MONTERO,CASADA,GANANCIALES,23/07/2023,16/08/2023,Diputado,GIPUZKOA,,,https://twitter.com/maribelvaquero_,,[],[],[],[],,[],"[{""clase_y_caracteristicas"": ""PARCELA RÚSTICA"", ""situacion"": ""CÁCERES"", ""fecha_adquisicion"": ""ABRIL 2025"", ""derecho_sobre_el_bien_y_titulo_adquisicion"": ""COMPRAVENTA AL 50%""}]",[],[],[],[],[],[],[],[],En el resto de datos me remito a la declaración realizada al inicio de la Legislatura.,303,fotos_diputados\deputy_303.jpg,Logo_partidos\deputy_0303.jpg,hemiciclo\hemi_0303_2207.gif,maribel-vaquero-montero,134288.28
deputy_304_assets_000294_000_e_0001237_20230816.json,AITOR ESTEBAN BRAVO,CASADO,SEPARACIÓN DE BIENES,23 JULIO 2023,16 AGOSTO 2023,Diputado,,,,,,[],[],[],[],31963.0,"[{""clase_y_caracteristicas"": ""VIVIENDA"", ""situacion"": ""BIZKAIA"", ""fecha_adquisicion"": ""26-10-1988"", ""derecho_sobre_el_bien"": ""50% PLENO DOMINIO"", ""titulo_adquisicion"": ""COMPRA""}, {""clase_y_caracteristicas"": ""VIVIENDA"", ""situacion"": ""SORIA"", ""fecha_adquisicion"": ""9-10-2001"", ""derecho_sobre_el_bien"": ""PLENO DOMINIO"", ""titulo_adquisicion"": ""COMPRA PRIVATIVO""}, {""clase_y_caracteristicas"": ""VIVIENDA"", ""situacion"": ""SORIA"", ""fecha_adquisicion"": ""9-10-2001"", ""derecho_sobre_el_bien"": ""PLENO DOMINIO"", ""titulo_adquisicion"": ""COMPRA PRIVATIVO""}]","[{""clase_y_caracteristicas"": ""MONTE DE FRONDOSAS"", ""situacion"": ""BIZKAIA"", ""fecha_adquisicion"": ""26-10-1988"", ""derecho_sobre_el_bien"": ""50% PLENO DOMINIO"", ""titulo_adquisicion"": ""COMPRA""}]",[],"[{""saldo"": ""35.638 EUROS""}]",[],[],[],"[{""fecha_adquisicion"": ""7-05-2021"", ""descripcion"": ""SKODA KAROQ""}, {""fecha_adquisicion"": ""13-06-2023"", ""descripcion"": ""ATV POLARIS SPORTSMAN 570""}]","[{""descripcion"": ""EPSV BASKEPENSIONES"", ""valor"": ""89.181 EUROS""}]",[],,304,fotos_diputados\deputy_304.jpg,Logo_partidos\deputy_0304.jpg,,aitor-esteban-bravo,117439.98
deputy_304_assets_000294_002_e_0063490_20250401.json,AITOR ESTEBAN BRAVO,CASADO,SEPARACIÓN DE BIENES,23 JULIO 2023,16 AGOSTO 2023,Diputado,,,,,,[],[],[],[],28590.72,"[{""clase_y_caracteristicas"": ""VIVIENDA"", ""situacion"": ""BIZKAIA"", ""fecha_adquisicion"": ""26-10-1988"", ""derecho_y_titulo"": ""50% PLENO DOMINIO, COMPRA""}, {""clase_y_caracteristicas"": ""VIVIENDA"", ""situacion"": ""SORIA"", ""fecha_adquisicion"": ""9-10-2001"", ""derecho_y_titulo"": ""PLENO DOMINIO, COMPRA. PRIVATIVO""}, {""clase_y_caracteristicas"": ""VIVIENDA"", ""situacion"": ""SORIA"", ""fecha_adquisicion"": ""9-10-2021"", ""derecho_y_titulo"": ""PLENO DOMINIO, COMPRA. PRIVATIVO""}]","[{""clase_y_caracteristicas"": ""MONTE DE FRONDOSAS"", ""situacion"": ""BIZKAIA"", ""fecha_adquisicion"": ""26-10-1988"", ""derecho_y_titulo"": ""50% PLENO DOMINIO, COMPRA""}]",[],"[{""saldo"": 19988.84}]",[],[],[],"[{""fecha_adquisicion"": ""7-05-2021"", ""descripcion"": ""SKODA KAROQ""}, {""fecha_adquisicion"": ""13-6-2023"", ""descripcion"": ""ATV POLARIS SPORTSMAN 570""}]","[{""descripcion"": ""EPSV BASKEPENSIONES"", ""valor"": 105567.17}]",[],,304,fotos_diputados\deputy_304.jpg,Logo_partidos\deputy_0304.jpg,,aitor-esteban-bravo,117439.98
deputy_305_assets_000296_000_e_0001239_20230816.json,JOSEBA ANDONI AGIRRETXEA URRESTI,DIVORCIADO,,23 DE JULIO DE 2023,16 DE AGOSTO DE 2023,Diputado,GIPUZKOA,https://www.facebook.com/joseba.agirretxea,,https://twitter.com/jagirretxea,,[],[],[],[],15192.0,"[{""clase"": ""APARTAMENTO"", ""situacion"": ""HENDAYA"", ""fecha_adquisicion"": ""MARZO 2007"", ""derecho"": ""PLENO DOMINIO"", ""titulo_adquisicion"": ""COMPRAVENTA""}]",[],[],"[{""saldo"": 33722}]",[],[],[],"[{""fecha_adquisicion"": ""2020"", ""descripcion"": ""TURISMO VOLKSWAGEN GOLF""}]",[],"[{""descripcion"": ""PRESTAMO HIPOTECARIO KUTXABANK"", ""fecha_concesion"": ""27 MAR 2007"", ""importe_concedido"": 136000, ""saldo_pendiente"": 72400}, {""descripcion"": ""PRESTAMO PERSONAL"", ""fecha_concesion"": ""18 DIC 2020"", ""importe_concedido"": 10697, ""saldo_pendiente"": 3985}]",,305,fotos_diputados\deputy_305.jpg,Logo_partidos\deputy_0305.jpg,hemiciclo\hemi_0305_2310.gif,joseba-andoni-agirretxea-urresti,97457.92
deputy_306_assets_000345_000_e_0001476_20230818.json,MIKEL LEGARDA URARTE,CASADO,GANANCIALES,23/07/2023,16/08/2023,Diputado,,,,,,[],[],"[{""concepto"": ""Rendimientos del capital mobiliario"", ""euros"": ""2.770,02€""}]",[],24578.1,"[{""clase"": ""PISO"", ""situacion"": ""ÁLAVA/ARABA"", ""fecha_adquisicion"": ""ABRIL 1987"", ""derecho"": ""COMPRAVENTA GANANCIAL""}, {""clase"": ""GARAJE"", ""situacion"": ""ÁLAVA/ARABA"", ""fecha_adquisicion"": ""ABRIL 1987"", ""derecho"": ""COMPRAVENTA GANANCIAL""}, {""clase"": ""PISO"", ""situacion"": ""BILBAO"", ""fecha_adquisicion"": ""JULIO 2011"", ""derecho"": ""HERENCIA (20% INDIVISO)""}, {""clase"": ""LOCAL COMERCIAL"", ""situacion"": ""BILBAO"", ""fecha_adquisicion"": ""JUNIO 1989"", ""derecho"": ""HERENCIA (1/3 INDIVISO)""}, {""clase"": ""LOCAL COMERCIAL"", ""situacion"": ""BILBAO"", ""fecha_adquisicion"": ""JUNIO 1989"", ""derecho"": ""HERENICA (1/3 INDIVISO)""}]",[],[],"[{""tipo"": ""CUENAS DE AHORRO DEPÓSITOS"", ""fecha"": ""25/05/2023"", ""saldo"": ""17.396,7€""}]","[{""descripcion"": ""PLANES DE PENSIONES (VALOR 25MAY2023)"", ""valor"": ""239.661,68""}]","[{""descripcion"": ""ACCIONES COTIZADAS EN BOLSA (VALOR 25MAY2023)"", ""valor"": ""126.667,23""}]",[],"[{""fecha_adquisicion"": ""01/03/2005"", ""descripcion"": ""VOLKSWAGEN CALIFORNIA MATRICULACIÓN 1996""}, {""fecha_adquisicion"": ""01/09/2014"", ""descripcion"": ""MERCEDES CLASE A MATRICULACIÓN 2006""}]",[],[],,306,fotos_diputados\deputy_306.jpg,Logo_partidos\deputy_0306.jpg,hemiciclo\hemi_0306_2206.gif,mikel-legarda-urarte,
deputy_307_assets_000295_000_e_0001238_20230816.json,María de los Reyes Romero Vilches,Casada,Gananciales,23 de julio de 2023,16 de agosto de 2023,Diputado,,,https://www.instagram.com/reyesromerov/,https://twitter.com/rromerovilches,,"[{""concepto"": ""Rendimientos del trabajo como diputada y portavoz de comisión"", ""euros"": ""58590,28""}]",[],[],[],7550.45,"[{""clase_y_caracteristicas"": ""Piso, vivienda habitual de la familia"", ""situacion"": ""Sevilla capital"", ""fecha_adquisicion"": ""Febrero 1990"", ""derecho_sobre_el_bien"": ""Propiedad en régimen de gananciales"", ""titulo_adquisicion"": ""Compraventa""}, {""clase_y_caracteristicas"": ""Dos casas heredadas de mi difunta madre en régimen indiviso con mis tres hermanos"", ""situacion"": ""Marchena"", ""fecha_adquisicion"": ""Septiembre de 2021"", ""derecho_sobre_el_bien"": ""Oclava parte de la propiedad indivisa"", ""titulo_adquisicion"": null}]",[],[],"[{""saldo"": ""60.000 euros""}]",[],[],[],"[{""fecha_adquisicion"": ""Julio 2022"", ""descripcion"": ""Volvo XC 60 Color gris plata""}]",[],[],,307,fotos_diputados\deputy_307.jpg,Logo_partidos\deputy_0307.jpg,hemiciclo\hemi_0307_3303.gif,maria-los-reyes-romero-vilches,
deputy_308_assets_000302_000_e_0001267_20230816.json,JOSE IGNACIO ROMANÍ CANTERA,SOLTERO,,23/07/2023,16/08/2023,Senador,CADIZ,,,https://twitter.com/IgnRomani,,"[{""concepto"": ""REMUNERACION COMO DIRECTOR DE LA AGENCIA AVRA DE LA JUNTA DE ANDALUCIA. 1 DE ENERO - JUNIO 2022"", ""euros"": 16418.85}, {""concepto"": ""REMUNERACION COMO DIPUTADO DEL PARLAMENTO ANDALUZ JUNIO 2022 - JULIO 2022"", ""euros"": 5843.96}]",[],[],[],8658.31,"[{""clase_y_caracteristicas"": ""PISO"", ""situacion"": ""CADIZ"", ""fecha_adquisicion"": ""01/01/2000"", ""derecho_sobre_el_bien"": ""PROPIEDAD 100%"", ""titulo_adquisicion"": ""COMPRA VENTA""}]",[],[],"[{""tipo"": ""CUENTA CORRIENTE EN ENTIDAD BANCARIA"", ""saldo"": 25587.29}]",[],[],[],"[{""fecha_adquisicion"": ""2008"", ""descripcion"": ""COCHE VOLVO X90""}, {""fecha_adquisicion"": ""2015"", ""descripcion"": ""MOTO KIMKO SUPERDINK""}]",[],"[{""prestamo"": ""PRESTAMO HIPOTECARIO \""LA CAIXA\"""", ""fecha_concesion"": ""08/11/2005"", ""importe_concedido"": 208000, ""saldo_pendiente"": 114053.36}]",,308,fotos_diputados\deputy_308.jpg,Logo_partidos\deputy_0308.jpg,hemiciclo\hemi_0308_5703.gif,jose-ignacio-romani-cantera,91261.66
deputy_309_assets_000298_000_e_0001246_20230816.json,Idoya Sagastizabal Uncetabarrenechea,Soltera,,23/07/2023,16/08/2023,Diputado,Bizkaia,,,,,[],[],"[{""concepto"": ""venta de pinos"", ""euros"": 22633.1}]",[],17606.42,"[{""clase_y_caracteristicas"": ""1/2 caserío"", ""situacion"": ""Bizkaia"", ""fecha_adquisicion"": ""02/04/2007"", ""derecho_sobre_el_bien"": ""Compraventa"", ""titulo_adquisicion"": ""Pleno dominio""}, {""clase_y_caracteristicas"": ""1/2 caserío"", ""situacion"": ""Bizkaia"", ""fecha_adquisicion"": ""14/02/2008"", ""derecho_sobre_el_bien"": ""Donación"", ""titulo_adquisicion"": ""pleno dominio""}]","[{""clase_y_caracteristicas"": ""parcelas 83ab2y c21, 76.265.2, 61,63,69,136,64.2,235 polígono 3"", ""situacion"": ""Bizkaia"", ""fecha_adquisicion"": ""02/04/2007"", ""derecho_sobre_el_bien"": ""Compraventa"", ""titulo_adquisicion"": ""pleno dominio""}, {""clase_y_caracteristicas"": ""parcelas polígono 3: 59,60,62,64,65,69,72,76,82,83,124,134,135,137"", ""situacion"": ""Bizkaia"", ""fecha_adquisicion"": ""14/02/2008"", ""derecho_sobre_el_bien"": ""Donación"", ""titulo_adquisicion"": ""pleno dominio""}, {""clase_y_caracteristicas"": ""parcelas polígono 2: 132 y 174"", ""situacion"": ""Bizkaia"", ""fecha_adquisicion"": ""14/02/2008"", ""derecho_sobre_el_bien"": ""Donación"", ""titulo_adquisicion"": ""pleno dominio""}]",[],"[{""tipo"": ""Cuenta corriente"", ""saldo"": 87689.2}]",[],[],[],[],"[{""descripcion"": ""Epsv"", ""valor"": 54318.19}]","[{""prestamo"": ""hipoteca"", ""fecha_concesion"": ""02/04/2007"", ""importe_concedido"": 220000, ""saldo_pendiente"": 113050.44}]",,309,fotos_diputados\deputy_309.jpg,Logo_partidos\deputy_0309.jpg,hemiciclo\hemi_0309_2205.gif,idoya-sagastizabal-uncetabarrenechea,
deputy_310_assets_000303_000_e_0001269_20230816.json,VERÓNICA MARTÍNEZ BARBERO,CASADA,GANANCIALES,23.07.2023,16.08.2023,Diputado,,,,https://twitter.com/m_barbero,,"[{""concepto"": ""SALARIO DIRECTORA GENERAL DE TRABAJO DEL MINISTERIO DE TRABAJO Y SEGURIDAD SOCIAL"", ""euros"": ""98.246,32""}]",[],[],[],29445.77,"[{""clase_y_caracteristicas"": ""VIVIENDA"", ""situacion"": ""BAIONA (PONTEVEDRA)"", ""fecha_adquisicion"": ""16.03.2017"", ""derecho_sobre_el_bien"": ""PROPIEDAD POR COMPRAVENTA""}]",[],[],"[{""tipo"": ""CUENTA CORRIENTE"", ""saldo"": ""8.300 EUROS""}]",[],[],[],"[{""fecha_adquisicion"": ""18.06.2018"", ""descripcion"": ""VEHÍCULO MITSUBISHI ASX""}]",[],"[{""prestamo"": ""PRESTAMO HIPOTECARIO - BANKINTER"", ""fecha_concesion"": ""16.03.2017"", ""importe_concedido"": ""320.000"", ""saldo_pendiente"": ""214.194,98""}]",,310,fotos_diputados\deputy_310.jpg,Logo_partidos\deputy_0310.jpg,hemiciclo\hemi_0310_2201.gif,veronica-martinez-barbero,134288.28
deputy_311_assets_000304_000_e_0001270_20230816.json,Agustín Santos Maraver,Casado,gananciales,23 de julio 2023,16 de agosto 2023,Diputado,Madrid,,,,,"[{""concepto"": ""Ingresos salariales del MAEUEC"", ""euros"": 76502.12}]","[{""concepto"": ""rendimientos de capital mobiliario"", ""euros"": 2150.01}]","[{""concepto"": ""Dietas exceptuadas de gravamen y rentas exentas de IRPF"", ""euros"": 158496.81}]",[],24583.29,"[{""clase"": ""Piso"", ""situacion"": ""Madrid"", ""fecha_adquisicion"": ""1990"", ""derecho"": ""gananciales, compraventa""}, {""clase"": ""Vivienda"", ""situacion"": ""Menorca"", ""fecha_adquisicion"": ""2022"", ""derecho"": ""gananciales, compraventa""}, {""clase"": ""piso apartamento"", ""situacion"": ""Madrid"", ""fecha_adquisicion"": ""2003"", ""derecho"": ""gananciales, compraventa""}, {""clase"": ""piso apartamento"", ""situacion"": ""Bruselas, Bélgica"", ""fecha_adquisicion"": ""2004"", ""derecho"": ""gananciales, compraventa""}, {""clase"": ""parcela"", ""situacion"": ""Menorca"", ""fecha_adquisicion"": ""2021"", ""derecho"": ""gananciales, compraventa""}]",[],[],"[{""tipo"": ""cuentas corrientes"", ""saldo"": 548600.72}]",[],"[{""descripcion"": ""Acciones cotizables en bolsa, a 11 de agosto 2023"", ""valor"": 102631.04}]",[],"[{""fecha_adquisicion"": ""2002"", ""descripcion"": ""vehículo Subaru Outback""}, {""fecha_adquisicion"": ""2010"", ""descripcion"": ""motocicleta BMW 1200""}, {""fecha_adquisicion"": ""2011"", ""descripcion"": ""motocicleta SYM 125""}, {""fecha_adquisicion"": ""2004"", ""descripcion"": ""velero Bavaria 36""}]",[],[],"La gestión del velero Bavaria 36 se realiza a través de la sociedad Carmola SL, participada en un 50% por el declarante.",311,fotos_diputados\deputy_311.jpg,Logo_partidos\deputy_0311.jpg,hemiciclo\hemi_0311_2301.gif,agustin-santos-maraver,82245.38
deputy_312_assets_000299_000_e_0001249_20230816.json,GABRIEL RUFIÁN ROMERO,CASADO,SEPARACIÓN DE BIENES,23 DE JULIO DE 2023,16 DE AGOSTO DE 2023,Diputado,BARCELONA,https://www.facebook.com/gabriel.rufianromero,,https://twitter.com/gabrielrufian,,"[{""concepto"": ""SALARIO CONGRESO DE LOS DIPUTADOS"", ""euros"": ""99.148,00""}]",[],[],[],29450.0,"[{""clase_y_caracteristicas"": ""VIVIENDA FAMILIAR"", ""situacion"": null, ""fecha_adquisicion"": ""2018"", ""derecho_sobre_el_bien"": ""PLENODOMINIO 50%"", ""titulo_adquisicion"": ""COMPRAVENTA""}]",[],[],"[{""descripcion"": ""Cuenta Corriente Caixa d'Enginyers"", ""saldo"": ""22.000""}, {""descripcion"": ""Cuenta Corriente Caixa d'Enginyers"", ""saldo"": ""0,00""}]",[],[],[],[],[],"[{""descripcion"": ""Hipoteca Caixa d'Enginyers"", ""fecha_concesion"": ""07/09/2018"", ""importe_concedido"": ""200.000"", ""saldo_pendiente"": ""171.000""}, {""descripcion"": ""Préstamo Caixa d'Enginyers"", ""fecha_concesion"": ""02/01/2019"", ""importe_concedido"": ""80.000"", ""saldo_pendiente"": ""71,000""}]",,312,fotos_diputados\deputy_312.jpg,Logo_partidos\deputy_0312.jpg,hemiciclo\hemi_0312_2412.gif,gabriel-rufian-romero,134288.28
deputy_313_assets_000300_000_e_0001252_20230816.json,MONTSE BASSA COLL,CASADA,SEPARACIÓN DE BIENES,23/07/23,16/08/23,Diputado,GIRONA,,,,,"[{""concepto"": ""Rendimiento neto salarial (Impuesto sobre la Renta de las Personas Físicas 2022)"", ""euros"": 94113.28}]",[],[],[],30721.08,"[{""clase_y_caracteristicas"": ""Vivienda unifamiliar (propietaria 50%)"", ""situacion"": ""Girona"", ""fecha_adquisicion"": ""1997"", ""derecho_sobre_el_bien"": ""Pleno dominio"", ""titulo_adquisicion"": ""Compra venta""}]",[],[],"[{""tipo"": ""cuenta corriente"", ""saldo"": 45545.71}]",[],[],[],"[{""fecha_adquisicion"": ""9-12-2009"", ""descripcion"": ""Mercedes Benz A 180 Cdi""}, {""fecha_adquisicion"": ""7-8-2013"", ""descripcion"": ""Moto Honsa Scooper 125 cc""}]","[{""descripcion"": ""Plan de Pensión de la Generalitat de Catalunya"", ""valor"": 1916}]",[],,313,fotos_diputados\deputy_313.jpg,Logo_partidos\deputy_0313.jpg,,montse-bassa-coll,
deputy_314_assets_000301_000_e_0001257_20230816.json,MARÍA CONCEPCIÓN GAMARRA RUIZ-CLAVIJO,SOLTERA,,23 JULIO 2023,16 AGOSTO 2023,Diputado,LA RIOJA,,,,,"[{""procedencia"": ""PARTIDO POPULAR"", ""concepto"": ""GASTOS REPRESENTACIÓN"", ""euros"": 26860}, {""procedencia"": ""GRUPO PARLAMENTARIO POPULAR"", ""concepto"": null, ""euros"": 28759}]",[],[],[],72540.0,"[{""clase"": ""VIVIENDA"", ""caracteristicas"": ""LOGROÑO"", ""situacion"": ""LA RIOJA"", ""fecha_adquisicion"": ""23 FEBRERO 2018"", ""derecho"": ""PLENO DOMINIO"", ""titulo_adquisicion"": ""COMPRAVENTA""}, {""clase"": ""PLAZA GARAJE"", ""caracteristicas"": ""LOGROÑO"", ""situacion"": ""LA RIOJA"", ""fecha_adquisicion"": ""23 FEBRERO 2018"", ""derecho"": ""PLENO DOMINIO"", ""titulo_adquisicion"": ""COMPRAVENTA""}]",[],[],"[{""entidad"": ""BANCO DE SANTANDER"", ""tipo"": ""CUENTA A LA VISTA, DEPÓSITOS DE VALORES Y FONDOS DE INVERSIÓN"", ""saldo"": 22250}, {""entidad"": ""IBERCAJA"", ""tipo"": ""CUENTAS Y PLAN DE PENSIONES"", ""saldo"": 170061}]",[],[],[],[],[],"[{""descripcion"": ""HIPOTÉCA AHORA"", ""fecha_concesion"": ""23 febrero 2019"", ""importe_concedido"": 229000, ""saldo_pendiente"": 191920}]",,314,fotos_diputados\deputy_314.jpg,Logo_partidos\deputy_0314.jpg,hemiciclo\hemi_0314_3312.gif,maria-concepcion-gamarra-ruiz-clavijo,
deputy_315_assets_000311_000_e_0001306_20230816.json,CAYETANA ÁLVAREZ DE TOLEDO PERALTA-RAMOS,DIVORCIADA,,23 JULIO 2023,16 AGOSTO 2023,Diputado,MADRID,,,,,[],[],[],"[{""concepto"": ""Derechos de autor y conferencias"", ""euros"": ""188.364,89""}]",66574.04,"[{""clase"": ""Piso"", ""situacion"": ""Madrid"", ""fecha_adquisicion"": ""2011"", ""derecho"": ""100% Pleno dominio"", ""titulo"": ""compraventa""}, {""clase"": ""Piso"", ""situacion"": ""Argentina"", ""fecha_adquisicion"": ""1995"", ""derecho"": ""50% Pleno dominio"", ""titulo"": ""compraventa""}, {""clase"": ""Piso"", ""situacion"": ""Madrid"", ""fecha_adquisicion"": ""2022"", ""derecho"": ""100% Pleno dominio"", ""titulo"": ""compraventa""}]",[],[],"[{""tipo"": ""Cuenta corriente"", ""entidad"": ""BBVA"", ""saldo"": ""22.776""}, {""tipo"": ""Fondo inversión"", ""entidad"": ""Deutsche Bank"", ""saldo"": ""1.221.158""}]",[],[],[],"[{""fecha_adquisicion"": ""2014"", ""descripcion"": ""Volkswagen Polo""}]",[],"[{""descripcion"": ""Crédito hipotecario"", ""acreedor"": ""Deutsche Bank"", ""fecha_concesion"": ""2022"", ""importe_concedido"": ""630.000"", ""saldo_pendiente"": ""215.907,74""}, {""descripcion"": ""Póliza de crédito"", ""acreedor"": ""Deutsche Bank"", ""fecha_concesion"": ""2022"", ""importe_concedido"": ""700.000"", ""saldo_pendiente"": ""472.687,62""}]",,315,fotos_diputados\deputy_315.jpg,Logo_partidos\deputy_0315.jpg,hemiciclo\hemi_0315_3413.gif,cayetana-alvarez-toledo-peralta-ramos,
deputy_316_assets_000349_000_e_0001697_20230914.json,ALBERTO TEÓFILO ASARTA CUEVAS,CASADO,GANANCIALES,23/07/2023,16/08/2023,Diputado,CASTELLÓN,,,,,[],[],[],[],,"[{""clase_y_caracteristicas"": ""CASA"", ""situacion"": ""LUCENA DEL CID (CASTELLÓN)"", ""fecha_adquisicion"": ""2022"", ""derecho_sobre_el_bien"": ""GANANCIAL"", ""titulo_adquisicion"": ""COMPRAVENTA""}]",[],[],"[{""descripcion"": ""CUENTA CORRIENTE DEL BANCO SANTANDER"", ""saldo"": ""89.608 EUROS"", ""fecha"": ""12/06/2023""}]",[],[],[],[],[],[],,316,fotos_diputados\deputy_316.jpg,Logo_partidos\deputy_0316.jpg,hemiciclo\hemi_0316_2803.gif,alberto-teofilo-asarta-cuevas,
deputy_317_assets_000316_000_e_0001326_20230816.json,SANTIAGO ABASCAL CONDE,CASADO,GANANCIALES,23 DE JULIO DE 2023,16 DE AGOSTO DE 2023,Diputado,MADRID,,,https://twitter.com/Santi_ABASCAL,,"[{""procedencia"": ""EMPLEADO POR CUENTA AJENA. PARTIDO POLÍTICO VOX."", ""concepto"": ""ASALARIADO CON CARGO DE PRESIDENTE."", ""euros"": 37357.8}]",[],[],[],41784.59,"[{""clase_y_caracteristicas"": ""VIVIENDA"", ""situacion"": ""MADRID"", ""fecha_adquisicion"": ""23.07.2020"", ""derecho_sobre_el_bien_y_titulo_adquisicion"": ""40% de propiedad y título de compraventa.""}]",[],[],"[{""tipo"": ""CUENTAS CORRIENTES AHORRO"", ""saldo"": 29017.94}]",[],[],[],"[{""fecha_adquisicion"": ""15.09.2015"", ""descripcion"": ""VEHÍCULO TODO TERRENO JEEP COMMANDER""}, {""fecha_adquisicion"": ""02.02.2016"", ""descripcion"": ""MOTOCICLETA BMW R80RT""}]",[],"[{""prestamo"": ""PRESTAMO HIPOTECARIO SABADELL (50% DE 736.000)"", ""fecha_concesion"": ""06.07.2020"", ""importe_concedido"": 368000, ""saldo_pendiente"": 341300}]",,317,fotos_diputados\deputy_317.jpg,Logo_partidos\deputy_0317.jpg,hemiciclo\hemi_0317_3201.gif,santiago-abascal-conde,59200.82
deputy_317_assets_000316_001_e_0001872_20230921.json,SANTIAGO ABASCAL CONDE,CASADO,GANANCIALES,23 DE JULIO DE 2023,16 DE AGOSTO DE 2023,Diputado,,,,https://twitter.com/Santi_ABASCAL,,"[{""procedencia"": ""EMPLEADO POR CUENTA AJENA, PARTIDO POLÍTICO VOX"", ""concepto"": ""ASALARIADO CON CARGO DE PRESIDENTE"", ""euros"": ""37.357,80""}, {""procedencia"": ""PRESIDENTE GRUPO PARLAMENTARIO VOX"", ""concepto"": null, ""euros"": ""18.000,00""}]",[],[],[],41784.59,"[{""clase_y_caracteristicas"": ""VIVIENDA"", ""situacion"": ""MADRID"", ""fecha_adquisicion"": ""23.07.2020"", ""derecho_sobre_el_bien"": ""40% de propiedad y título de compraventa""}]",[],[],"[{""tipo"": ""CUENTAS CORRIENTES AHORRO"", ""saldo"": ""29.017,94""}]",[],[],[],"[{""fecha_adquisicion"": ""15.09.2015"", ""descripcion"": ""VEHÍCULO TODO TERRENO JEEP COMMANDER""}, {""fecha_adquisicion"": ""02.02.2016"", ""descripcion"": ""MOTOCICLETA BMW R80RT""}]",[],"[{""prestamo"": ""PRESTAMO HIPOTECARIO SABADELL (50% DE 736,000)"", ""fecha_concesion"": ""06.07.2020"", ""importe_concedido"": ""368,000"", ""saldo_pendiente"": ""341,300""}]",,317,fotos_diputados\deputy_317.jpg,Logo_partidos\deputy_0317.jpg,hemiciclo\hemi_0317_3201.gif,santiago-abascal-conde,59200.82
deputy_318_assets_000305_000_e_0001271_20230816.json,JOAQUÍN ROBLES LÓPEZ,DIVORCIADO,,23/07/2023,11/08/2023,Diputado,,,,https://twitter.com/JoaquinRobles55,,"[{""concepto"": ""SUELDO DIPUTADO"", ""euros"": 64949.11}]",[],[],"[{""concepto"": ""TRIENIOS CARM"", ""euros"": 3700.4}]",15110.88,"[{""clase_y_caracteristicas"": ""VIVIENDA UNIFAMILIAR"", ""situacion"": ""CARAVACA"", ""fecha_adquisicion"": ""2000"", ""derecho_sobre_el_bien"": ""50%"", ""titulo_adquisicion"": ""COMPRAVENTA""}, {""clase_y_caracteristicas"": ""VIVIENDA UNIFAMILIAR"", ""situacion"": ""MORATALLA"", ""fecha_adquisicion"": ""2018"", ""derecho_sobre_el_bien"": ""100%"", ""titulo_adquisicion"": ""AUTOCONSTRUCCIÓN""}]","[{""clase_y_caracteristicas"": ""FINCA"", ""situacion"": ""MORATALLA"", ""fecha_adquisicion"": ""2000"", ""derecho_sobre_el_bien"": null, ""titulo_adquisicion"": ""DONACIÓN""}, {""clase_y_caracteristicas"": ""FINCA"", ""situacion"": ""MORATALLA"", ""fecha_adquisicion"": ""2017"", ""derecho_sobre_el_bien"": null, ""titulo_adquisicion"": ""PERMUTA""}]",[],"[{""descripcion"": ""CUENTAS SANTANDER, SMART Y SMART MINI"", ""saldo"": 42576}]",[],"[{""descripcion"": ""DEPOSITOS DE CUSTODIA. BANCO SANTANDER"", ""valor"": 59.96}]",[],"[{""fecha_adquisicion"": ""2017"", ""descripcion"": ""FORD KUGA""}, {""fecha_adquisicion"": ""2022"", ""descripcion"": ""CITROEN C3""}]",[],"[{""descripcion"": ""HIPOTECA"", ""fecha_concesion"": ""02/03/2018"", ""importe_concedido"": 100000, ""saldo_pendiente"": 83255.32}, {""descripcion"": ""PRESTAMO CONSUMO"", ""fecha_concesion"": ""21/11/2018"", ""importe_concedido"": 12000, ""saldo_pendiente"": 572.09}]",,318,fotos_diputados\deputy_318.jpg,Logo_partidos\deputy_0318.jpg,hemiciclo\hemi_0318_2608.gif,joaquin-robles-lopez,91261.66
deputy_319_assets_000306_000_e_0001289_20230816.json,María Soledad Cruz.-Guzmán García,Casada,Separación de bienes,23 DE JULIO DE 2023,16 DE AGOSTO 2023,Diputado,SEVILLA,,,,,[],[],[],[],15060.0,"[{""clase_y_caracteristicas"": ""VIVENDA EN EDIFICIO PLURIFAMILIAR"", ""situacion"": ""SEVILLA"", ""fecha_adquisicion"": ""2017"", ""derecho_sobre_el_bien"": ""NUDA PROPIEDAD (33%)"", ""titulo_adquisicion"": ""DONACIÓN""}, {""clase_y_caracteristicas"": ""VIVIENDA EN EDIFICIO PLURIFAMILIAR"", ""situacion"": ""PUERTO SANTA MARIA (CÁDIZ)"", ""fecha_adquisicion"": ""2022"", ""derecho_sobre_el_bien"": ""NUDA PROPIEDAD 100%"", ""titulo_adquisicion"": ""DONACIÓN""}]",[],"[{""clase_y_caracteristicas"": ""VIVIENDA UNIFAMILIAR"", ""situacion"": ""SEVILLA"", ""fecha_adquisicion"": ""2009"", ""derecho_sobre_el_bien"": ""25%"", ""titulo_adquisicion"": ""COMPRAVENTA""}]","[{""tipo"": ""Cuenta Corriente"", ""saldo"": ""47.300 €""}]",[],[],[],"[{""fecha_adquisicion"": ""2003"", ""descripcion"": ""JAGUAR S TYPE (PROPIEDAD DE SLP CASA SOLARANA)""}]",[],[],,319,fotos_diputados\deputy_319.jpg,Logo_partidos\deputy_0319.jpg,hemiciclo\hemi_0319_3711.gif,maria-soledad-cruz-guzman-garcia,91261.66
deputy_320_assets_000310_000_e_0001296_20230816.json,MILAGROS MARCOS ORTEGA,CASADA,GANANCIALES,23 JULIO 2023,16 AGOSTO 2023,Diputado,PÁLENCIA,https://www.facebook.com/mila.marcos.520,https://www.instagram.com/milamarcos08/,https://twitter.com/milamarcos08,,"[{""concepto"": ""Percepciones netas de tipo salarial, sueldos, honorarios, aranceles y otras retribuciones"", ""euros"": ""93.841€""}]","[{""concepto"": ""Dividendos y participación en beneficios de sociedades, comunidades o entidades de cualquier clase"", ""euros"": ""93.841€""}]","[{""concepto"": ""Intereses o rendimientos de cuentas, depósitos y activos financieros"", ""euros"": ""93.841€""}]","[{""concepto"": ""OTRAS rentas o percepciones de cualquier clase"", ""euros"": ""93.841€""}]",1186.59,"[{""clase_y_caracteristicas"": ""VIVIENDA(1/2)"", ""situacion"": ""FUNSALDAÑA"", ""fecha_adquisicion"": ""1993"", ""derecho_sobre_el_bien_y_titulo_adquisicion"": ""COMPRAVENTA""}, {""clase_y_caracteristicas"": ""VIVIENDA(1/2)"", ""situacion"": ""VALLADOLID"", ""fecha_adquisicion"": ""2004"", ""derecho_sobre_el_bien_y_titulo_adquisicion"": ""COMPRAVENTA""}]",[],[],"[{""tipo"": ""CUENTAS CORRIENTES Y DE AHORRO (PARTE GANANCIAL)"", ""saldo"": ""28.475,21 €""}, {""tipo"": ""PLANES DE PENSIONES"", ""saldo"": ""113.481 €""}, {""tipo"": ""FONDOS DE INVERSION (PARTE GANANCIAL)"", ""saldo"": ""33.623 €""}]",[],[],[],"[{""fecha_adquisicion"": ""2000"", ""descripcion"": ""VOLKSWAGEN GOLF""}]",[],"[{""prestamo"": ""PRESTAMO HIPOTECARIO VIVIENDA (TOTAL)"", ""fecha_concesion"": ""2004"", ""importe_concedido"": ""234.000"", ""saldo_pendiente"": ""72.726,22""}]",,320,fotos_diputados\deputy_320.jpg,Logo_partidos\deputy_0320.jpg,hemiciclo\hemi_0320_5602.gif,milagros-marcos-ortega,91261.66
deputy_321_assets_000315_000_e_0001321_20230816.json,Noelia Cobo Pérez,Casada,Gananciales,23-julio-2023,16-agosto-2023,Senador,CANTABRIA,https://www.facebook.com/noelia.coboperez.5,,https://twitter.com/NoeliaCoboP,,"[{""concepto"": ""Salario Parlamento de Cantabria"", ""euros"": ""55.306'18""}, {""concepto"": ""Indemnización Parlamento de Cantabria"", ""euros"": ""13.692'36""}]",[],"[{""concepto"": ""Banco Santander"", ""euros"": ""43'86""}]",[],13291.06,"[{""clase"": ""Vivienda"", ""situacion"": ""Cantabria"", ""fecha_adquisicion"": ""2022"", ""derecho"": ""Ganancial"", ""titulo_adquisicion"": ""Compraventa""}, {""clase"": ""Garaje"", ""situacion"": ""Cantabria"", ""fecha_adquisicion"": ""2011"", ""derecho"": ""Ganancial"", ""titulo_adquisicion"": ""Compraventa""}]",[],[],"[{""saldo"": ""108.944 €""}]","[{""descripcion"": ""Acciones Unicaja"", ""valor"": ""24.988 €""}]","[{""descripcion"": ""Acciones Banco Santander"", ""valor"": ""2.568 €""}]",[],"[{""fecha_adquisicion"": ""2020"", ""descripcion"": ""Peugeot 5008""}, {""fecha_adquisicion"": ""2012"", ""descripcion"": ""Nissan QASHQAI""}]",[],"[{""prestamo"": ""Financiera vehículo/ PSA FINANCE SERVICE"", ""fecha_concesion"": ""30-06-2020"", ""importe_concedido"": ""39.956 €"", ""saldo_pendiente"": ""23.583 €""}]",,321,fotos_diputados\deputy_321.jpg,Logo_partidos\deputy_0321.jpg,hemiciclo\hemi_0321_1513.gif,noelia-cobo-perez,91261.66
deputy_322_assets_000312_000_e_0001311_20230816.json,LILITH VERSTRYNGE REVUELTA,SOLTERA,,23 DE JULIO DE 2023,16 DE AGOSTO DE 2023,Senador,BARCELONA,,,,,"[{""concepto"": ""REMUNERACIÓN SECRETARIA DE ESTADO"", ""euros"": 55068.79}, {""concepto"": ""REMUNERACIÓN SECRETARIA DE ORGANIZACIÓN DE PODEMOS"", ""euros"": 24692.73}]",[],[],[],24633.54,[],[],[],"[{""tipo"": ""CUENTA CORRIENTE"", ""saldo"": 528.38}]",[],[],[],"[{""fecha_adquisicion"": ""2010"", ""descripcion"": ""CITROEN C1- 1.2 PURE TECH 82 CITY EDITION 5 P""}]",[],[],,322,fotos_diputados\deputy_322.jpg,Logo_partidos\deputy_0322.jpg,,lilith-verstrynge-revuelta,72247.7
deputy_322_assets_000312_002_e_0075734_20250711.json,LILITH VERSTRYNGE REVUELTA,SOLTERA,,23 JULIO 2023,16 AGOSTO 2023,Diputado,,,,,,"[{""procedencia"": ""REMUNERACIÓN POR ARTÍCULOS CON EL DIARIO EL PAÍS"", ""concepto"": ""REMUNERACIÓN POR ARTÍCULOS CON EL DIARIO EL PAÍS"", ""euros"": 1680}, {""procedencia"": ""REMUNERACIÓN POR ARTÍCULOS CON EL DIARIO LE MONDE DIPLOMATIQUE"", ""concepto"": ""REMUNERACIÓN POR ARTÍCULOS CON EL DIARIO LE MONDE DIPLOMATIQUE"", ""euros"": ""NO EN EL EJERCICIO 2024""}]",[],[],[],0.0,[],[],[],"[{""tipo"": ""CUENTA CORRIENTE"", ""saldo"": 637.79}]",[],[],[],"[{""fecha_adquisicion"": ""2010"", ""descripcion"": ""CITROEN C1-1.2 PURE TECH 82 CITY EDITION 5 P""}]",[],[],"Desde 2025, formo parte de la dirección de la ONG francesa Bibliothèques Sans Frontières en España, no recibo remuneración por ello. Las actividades incluidas en este formulario comenzaron a desarrollarse meses después (a partir del 3 de octubre de 2024) de haber dejado el escaño.",322,fotos_diputados\deputy_322.jpg,Logo_partidos\deputy_0322.jpg,,lilith-verstrynge-revuelta,72247.7
deputy_323_assets_000308_000_e_0001293_20230816.json,MIGUEL ÁNGEL PANIAGUA NÚÑEZ,DIVORCIADO,,23/07/2023,16/08/2023,Diputado,,https://www.facebook.com/miguelangelpaniaguanunez,https://www.instagram.com/miguelangelpaniaguanunez/,https://twitter.com/mapaniagua,,[],"[{""concepto"": ""ACCIONES CAJAMAR"", ""euros"": 3.41}]","[{""concepto"": ""ALQUILER DE VIVIENDA AL 50%"", ""euros"": 2754.0}]",[],11308.22,"[{""clase"": ""PISO"", ""situacion"": ""PALENCIA"", ""fecha_adquisicion"": ""29-12-2012"", ""derecho"": ""PLENO DOMINIO"", ""titulo_adquisicion"": ""DONACIÓN""}, {""clase"": ""PLAZA DE APARCAMIENTO"", ""situacion"": ""PALENCIA"", ""fecha_adquisicion"": ""09-01-2007"", ""derecho"": ""PLENO DOMINIO"", ""titulo_adquisicion"": ""COMPRAVENTA""}, {""clase"": ""PISO"", ""situacion"": ""MADRID"", ""fecha_adquisicion"": ""18-11-2008"", ""derecho"": ""PRIVATIVO"", ""titulo_adquisicion"": ""SIN COMPRAVENTA""}]",[],[],"[{""tipo"": ""SALDO EN CUENTAS CORRIENTES"", ""saldo"": 42738.08}]",[],"[{""descripcion"": ""ACCIONES CAJAMAR"", ""valor"": 1037.0}]",[],"[{""fecha_adquisicion"": ""26-09-2019"", ""descripcion"": ""FORD FOCUS""}, {""fecha_adquisicion"": ""07-11-2022"", ""descripcion"": ""VESPA LXV 125""}]","[{""descripcion"": ""PLAN DE PENSIONES"", ""valor"": null}, {""descripcion"": ""PRESTAMO A PERSONA FÍSICA"", ""valor"": 64991.68}, {""descripcion"": ""PRESTAMO A PERSONA FÍSICA"", ""valor"": 20000.0}]","[{""descripcion"": ""PRESTAMO HIPOTECARIO EN BANKINTER"", ""fecha_concesion"": ""07-10-2022"", ""importe_concedido"": 185000.0, ""saldo_pendiente"": 176816.78}, {""descripcion"": ""PRESTAMO HIPOTECARIO EN UNICAJA"", ""fecha_concesion"": ""18-07-2005"", ""importe_concedido"": 220500.0, ""saldo_pendiente"": 131581.85}, {""descripcion"": ""PRESTAMO A PERSONA FISICA"", ""fecha_concesion"": ""17-06-2019"", ""importe_concedido"": 60000.0, ""saldo_pendiente"": 10000.0}, {""descripcion"": ""PRESTAMO PERSONAL EN BANKINTER"", ""fecha_concesion"": ""15-03-2023"", ""importe_concedido"": 34200.0, ""saldo_pendiente"": 33145.5}, {""descripcion"": ""PRESTAMO PERSONAL EN CAJAMAR"", ""fecha_concesion"": ""27-11-2020"", ""importe_concedido"": 30000.0, ""saldo_pendiente"": 3511.71}, {""descripcion"": ""PRESTAMO PERSONAL EN BANKINTER"", ""fecha_concesion"": ""21-07-2023"", ""importe_concedido"": 15700.0, ""saldo_pendiente"": 15700.0}]",LAS DEUDAS Y DERECHOS A FECHA ACTUAL,323,fotos_diputados\deputy_323.jpg,Logo_partidos\deputy_0323.jpg,hemiciclo\hemi_0323_3701.gif,miguel-angel-paniagua-nunez,91261.66
deputy_324_assets_000314_000_e_0001314_20230816.json,MANUEL COBO VEGA,CASADO,GANANCIALES,23 DE JULIO DE 2023,16 DE AGOSTO DE 2023,Senador,MADRID,,,,,"[{""concepto"": ""GERENTE GRUCOVE S.A."", ""euros"": 31069}, {""concepto"": ""COLABORADOR TV. 6&M PRODUCCIONES Y CONTENIDOS AUDIOVISUALES S.L.U."", ""euros"": 11400}, {""concepto"": ""ARTICULISTA DIARIO AS S.L."", ""euros"": 2658}]","[{""concepto"": ""DIVIDENDOS GRUCOCA INMOBILIARIA S.L."", ""euros"": 73333.3}, {""concepto"": ""DIVIDENDOS ESTACIONES Y ARRENDAMIENTOS S.A."", ""euros"": 24444.45}]","[{""concepto"": ""INTERESES BANCOS"", ""euros"": 135.61}, {""concepto"": ""BENEFICIO VENTA FONDOS"", ""euros"": 535.3}, {""concepto"": ""RENDIMIENTOS INMOBILIARIOS 25% HERMANOS COBO VEGA C.B."", ""euros"": 30135}, {""concepto"": ""ARRENDAMIENTO VIVIENDA (25% PROPIEDAD)"", ""euros"": 6300}, {""concepto"": ""GANANCIA PATRIMONIAL. INTERESES DEMORA AGENCIA TRIBUTARIA"", ""euros"": 144779}]",[],99407.68,"[{""clase"": ""VIVIENDA"", ""situacion"": ""MADRID"", ""fecha_adquisicion"": ""2017"", ""derecho"": ""50% PLENO DOMINIO""}, {""clase"": ""PLAZA DE GARAJE"", ""situacion"": ""MADRID"", ""fecha_adquisicion"": ""2017"", ""derecho"": ""50% PLENO DOMINIO""}, {""clase"": ""PLAZA DE GARAJE"", ""situacion"": ""MADRID"", ""fecha_adquisicion"": ""2021"", ""derecho"": ""50% PLENO DOMINIO""}, {""clase"": ""NAVE INDUSTRIAL"", ""situacion"": ""MADRID"", ""fecha_adquisicion"": ""2021"", ""derecho"": ""25% PLENO DOMINIO (HERENCIA)""}, {""clase"": ""VIVIENDA"", ""situacion"": ""MADRID"", ""fecha_adquisicion"": ""2011"", ""derecho"": ""25% PLENO DOMINIO""}, {""clase"": ""VIVIENDA"", ""situacion"": ""ALMERIA"", ""fecha_adquisicion"": ""2011"", ""derecho"": ""50% PLENO DOMINIO""}, {""clase"": ""CASA"", ""situacion"": ""LEON"", ""fecha_adquisicion"": ""2008"", ""derecho"": ""25% PLENO DOMINIO""}, {""clase"": ""LOCAL"", ""situacion"": ""MADRID"", ""fecha_adquisicion"": ""2021"", ""derecho"": ""25% PLENO DOMINIO (AMBAS HERENCIA)""}, {""clase"": ""2 PLAZAS DE GARAJE"", ""situacion"": ""ALMERIA"", ""fecha_adquisicion"": ""2012"", ""derecho"": ""50% PLENO DOMINIO""}, {""clase"": ""4 FINCAS URBANAS"", ""situacion"": ""LEON"", ""fecha_adquisicion"": ""2021"", ""derecho"": ""25% PLENO DOMINIO (HERENCIA)""}]","[{""clase"": ""13 FINCAS RUSTICAS"", ""situacion"": ""LEON"", ""fecha_adquisicion"": ""2021"", ""derecho"": ""25% PLENO DOMINIO (HERENCIA)""}, {""clase"": ""5 FINCAS RUSTICAS"", ""situacion"": ""MADRID"", ""fecha_adquisicion"": ""2021"", ""derecho"": ""25% PLENO DOMINIO (HERENCIA)""}]","[{""clase"": ""3 LOCALES OFICINAS EN POLIGONO INDUSTRIAL"", ""situacion"": ""MADRID"", ""fecha_adquisicion"": ""2008"", ""derecho"": ""12,48% HERENCIA. GRUCOCA""}, {""clase"": ""LOCAL GAREJE EN POLIGONO INDUSTRIAL"", ""situacion"": ""MADRID"", ""fecha_adquisicion"": ""2008"", ""derecho"": ""12,48% HERENCIA. GRUCOCA""}, {""clase"": ""LOCAL COMERCIAL POLIGONO INDUSTRIAL"", ""situacion"": ""MADRID"", ""fecha_adquisicion"": ""2008"", ""derecho"": ""12,48% HERENCIA. GRUCOCA""}, {""clase"": ""2 VIVIENDAS EN POLIGONO INDUSTRIAL"", ""situacion"": ""MADRID"", ""fecha_adquisicion"": ""2008"", ""derecho"": ""12,48% HERENCIA. GRUCOCA""}, {""clase"": ""NAVE INDUSTRIAL / 8 FINCAS RUSTICAS"", ""situacion"": ""MADRID / MADRID"", ""fecha_adquisicion"": ""2008 /2008"", ""derecho"": ""12,48% HERENCIA. GRUCOCA""}, {""clase"": ""2 NAVES INDUSTRIALES"", ""situacion"": ""MADRID"", ""fecha_adquisicion"": ""2008"", ""derecho"": ""12,5% ESTACIONES Y ARRENDAMIENTOS S.A.""}]","[{""saldo"": 1944473}]","[{""descripcion"": ""LETRAS DEL TESORO A 09/08/2023"", ""valor"": 97860}]","[{""descripcion"": ""PARTICIPACIONES 12,48% DEL CAPITAL SOCIAL GRUCOCA INMOBILIARIA S.L. A 31/12/2022"", ""valor"": 304711}, {""descripcion"": ""ACCIONES 12,50% DEL CAPITAL SOCIAL ESTACIONES Y ARRENDAMIENTOS S.A. A 31/12/2022"", ""valor"": 142554}, {""descripcion"": ""PARTICIPACIONES 0,39% DEL CAPITAL SOCIAL DE BCLEVER S.L.A 31/12/2022"", ""valor"": 6269}, {""descripcion"": ""50% 1.437 ACCIONES TELEFONICA A 09/08/2023"", ""valor"": 2526}]","[{""descripcion"": ""GRUCOVE S.A. PARTICIPADA EN UN 90% POR ESTACIONES Y ARRENDAMIENTOS S.A Y EN UN 10% POR GRUCOCA INMOBILIARIA S.L. VALOR YA INCLUIDO EN AMBAS SOCIEDADES.""}]","[{""fecha_adquisicion"": ""DICIEMBRE 2019"", ""descripcion"": ""50% AUDI Q3""}, {""fecha_adquisicion"": ""SEPTIEMBRE 2017"", ""descripcion"": ""50% AUDI Q2""}]","[{""valor"": 163727}, {""valor"": 94722}]",[],,324,fotos_diputados\deputy_324.jpg,Logo_partidos\deputy_0324.jpg,hemiciclo\hemi_0324_3516.gif,manuel-cobo-vega,82245.38
deputy_325_assets_000309_000_e_0001294_20230816.json,FRANCISCO JAVIER ORTEGA SMITH-MOLINA,CASADO,SEPARACIÓN DE BIENES,23 JULIO 2023,16 AGOSTO 2023,Diputado,MADRID,,,,,"[{""concepto"": ""ACTIVIDADES ECONÓMICAS REALIZADAS Y RENDIMIENTOS OBTENIDOS"", ""euros"": 156443.17}]","[{""concepto"": ""PARTICIPACIÓN EN COMUNIDAD DE BIENES"", ""euros"": 7591.28}]","[{""concepto"": ""INTERESES DE CUENTAS, DEPÓSITOS Y DE ACTIVOS FINANCIEROS EN GENERAL"", ""euros"": 0.01}]",[],9642.6,"[{""clase"": ""VIVIENDA"", ""situacion"": ""SOTO DEL REAL"", ""fecha_adquisicion"": ""JUNIO 2021"", ""derecho"": ""50% POR COMPRAVENTA""}, {""clase"": ""VIVIENDA"", ""situacion"": ""CASTROPOL"", ""fecha_adquisicion"": ""DICIEMBRE 2019"", ""derecho"": ""25% POR HERENCIA""}, {""clase"": ""VIVIENDA"", ""situacion"": ""MADRID"", ""fecha_adquisicion"": ""DICIEMBRE 2011"", ""derecho"": ""100% DONACIÓN""}, {""clase"": ""VIVIENDA"", ""situacion"": ""TOLEDO"", ""fecha_adquisicion"": ""JULIO 2000"", ""derecho"": ""12.50% POR HERENCIA""}, {""clase"": ""SOLAR"", ""situacion"": ""CASTROPOL"", ""fecha_adquisicion"": ""ENERO 1998"", ""derecho"": ""16.66% POR COMPRAVENTA""}, {""clase"": ""VIVIENDA"", ""situacion"": ""CASTROPOL"", ""fecha_adquisicion"": ""ABRIL 2003"", ""derecho"": ""100% COMPRAVENTA""}]",[],[],"[{""tipo"": ""5 CUENTAS CORRIENTES"", ""saldo"": 91370}]",[],[],[],"[{""fecha_adquisicion"": ""Marzo/2021"", ""descripcion"": ""Mitsubishi Outlander""}, {""fecha_adquisicion"": ""Noviembre/1965"", ""descripcion"": ""Opel Rekord Olympia""}]",[],[],"Clase y características: SOLAR Situación: Castropol (Asturias) Fecha de adquisición: Diciembre 2019 Derecho sobre el bien y Título de adquisición: 1,4%. POR HERENCIA Clase y características: SOLAR Situación: Castropol (Asturias) Fecha de adquisición: Julio 2000 Derecho sobre el bien y Título de adquisición: 8%. POR HERENCIA Clase y características: SOLAR Situación: Castropol (Asturias) Fecha de adquisición: Enero 2016 Derecho sobre el bien y Título de adquisición: 50%. POR COMPRAVENTA Clase y características: SOLAR Situación: Castropol (Asturias) Fecha de adquisición: Diciembre 2019 Derecho sobre el bien y Título de adquisición: 8,33%. POR HERENCIA Clase y características: LOCAL Situación: Madrid Fecha de adquisición: Julio 2000 Derecho sobre el bien y Título de adquisición: 25%. POR HERENCIA",325,fotos_diputados\deputy_325.jpg,Logo_partidos\deputy_0325.jpg,hemiciclo\hemi_0325_3302.gif,francisco-javier-ortega-smith-molina,117969.25
deputy_325_assets_000309_001_e_0050658_20241204.json,JAVIER ORTEGA SMITH-MOLINA,CASADO,SEPARACIÓN DE BIENES,23 DE JULIO 2023,16 DE AGOSTO DE 2023,Senador,MADRID,,,,,"[{""concepto"": ""ACTIVIDADES ECONÓMICAS REALIZADAS Y RENDIMIENTOS OBTENIDOS"", ""euros"": ""147.039,96""}]","[{""concepto"": ""PARTICIPACIÓN EN COMUNIDADES DE BIENES"", ""euros"": ""7.548,54""}]",[],[],8739.88,"[{""clase_y_caracteristicas"": ""VIVIENDA"", ""situacion"": ""CASTROPOL"", ""fecha_adquisicion"": ""DICIEMBRE 2019"", ""derecho_sobre_el_bien_y_titulo_adquisicion"": ""50% POR HERENCIA""}, {""clase_y_caracteristicas"": ""FINCA"", ""situacion"": ""TOLEDO"", ""fecha_adquisicion"": ""JULIO 2000"", ""derecho_sobre_el_bien_y_titulo_adquisicion"": ""12,50% POR HERENCIA""}, {""clase_y_caracteristicas"": ""SOLAR"", ""situacion"": ""Castropol (Asturias)"", ""fecha_adquisicion"": ""DICIEMBRE 2019"", ""derecho_sobre_el_bien_y_titulo_adquisicion"": ""2,8% POR HERENCIA""}, {""clase_y_caracteristicas"": ""ALMACÉN"", ""situacion"": ""Castropol (Asturias)"", ""fecha_adquisicion"": ""DICIEMBRE 2019"", ""derecho_sobre_el_bien_y_titulo_adquisicion"": ""24,99% POR HERENCIA""}, {""clase_y_caracteristicas"": ""SOLAR"", ""situacion"": ""Castropol (Asturias)"", ""fecha_adquisicion"": ""SEPTIEMBRE 2023"", ""derecho_sobre_el_bien_y_titulo_adquisicion"": ""25% POR HERENCIA""}, {""clase_y_caracteristicas"": ""VIVIENDA"", ""situacion"": ""MADRID"", ""fecha_adquisicion"": ""SEPTIEMBRE 2023"", ""derecho_sobre_el_bien_y_titulo_adquisicion"": ""12,50% POR HERENCIA""}]",[],[],"[{""descripcion"": ""CINCO CUENTAS CORRIENTES"", ""saldo"": ""149.534,89""}]",[],[],[],[],[],"[{""prestamos"": ""CRÉDITO HIPOTECARIO"", ""fecha_concesion"": ""1 JUNIO 2021"", ""importe_concedido"": ""142.500"", ""saldo_pendiente"": ""123.831,50""}]",,325,fotos_diputados\deputy_325.jpg,Logo_partidos\deputy_0325.jpg,hemiciclo\hemi_0325_3302.gif,javier-ortega-smith-molina,
deputy_326_assets_000307_000_e_0001290_20230816.json,MERITXELL BATET LAMAÑA,DIVORCIADA,,23-07-2023,16-08-2023,Diputado,BARCELONA,,,,,"[{""concepto"": ""Rendimientos del trabajo como Presidenta del Congreso de los Diputados"", ""euros"": null}]","[{""concepto"": ""Arrendamiento vivienda"", ""euros"": ""12.180€""}]",[],[],69799.0,"[{""clase_y_caracteristicas"": ""Vivienda"", ""situacion"": ""Barcelona"", ""fecha_adquisicion"": ""28-11-2004"", ""derecho_sobre_el_bien"": ""Pleno dominio"", ""titulo_adquisicion"": ""Compraventa""}]",[],[],"[{""tipo"": ""Cuenta Corriente"", ""saldo"": ""280.963,76€""}]",[],[],[],[],"[{""descripcion"": ""Plan de Previsión Social de las Cortes Generales"", ""valor"": ""21.049,58€""}, {""descripcion"": ""Plan de Pensiones"", ""valor"": ""33.723,18€""}]","[{""descripcion"": ""Préstamo hipotecario La Caixa"", ""fecha_concesion"": ""23-06-2008"", ""importe_concedido"": ""66.666 €"", ""saldo_pendiente"": ""14.636,04 €""}]","La cantidad relativa al préstamo hipotecario de La Caixa del que soy titular, corresponde al 33%",326,fotos_diputados\deputy_326.jpg,Logo_partidos\deputy_0326.jpg,,meritxell-batet-lamana,236710.04
deputy_326_assets_000307_002_e_0002046_20230929.json,Meritxell Batet Lamaña,,,,,Diputado,,,,,,[],[],[],[],,[],[],[],[],[],[],[],[],[],[],Me remito a mi última declaración presentada el 16 de agosto de 2023,326,fotos_diputados\deputy_326.jpg,Logo_partidos\deputy_0326.jpg,,meritxell-batet-lamana,236710.04
deputy_327_assets_000313_000_e_0001313_20230816.json,aina vidal sáez,soltera,,23 julio 2023,16 agosto 2023,Diputado,barcelona,https://www.facebook.com/aina.vidal,,,,[],[],[],[],28491.78,"[{""clase_y_caracteristicas"": ""piso"", ""situacion"": ""barcelona"", ""fecha_adquisicion"": ""20/10/2017"", ""derecho_sobre_el_bien"": ""propietaria al 50%"", ""titulo_adquisicion"": ""compraventa""}]",[],[],"[{""descripcion"": ""dos cuentas corrientes en entidad bancaria"", ""saldo"": ""11.286,90""}, {""descripcion"": ""dos cuentas corrientes en entidad bancaria"", ""saldo"": ""817,93""}]",[],[],[],[],[],"[{""descripcion"": ""hipoteca por vivienda principal al 50%"", ""acreedor"": ""BBVA"", ""fecha_concesion"": ""20/10/2017"", ""importe_concedido"": ""159.200"", ""saldo_pendiente"": ""137.739.51""}]",,327,fotos_diputados\deputy_327.jpg,Logo_partidos\deputy_0327.jpg,hemiciclo\hemi_0327_2202.gif,aina-vidal-saez,131059.88
deputy_328_assets_000318_000_e_0001338_20230816.json,Gerardo Pisarello Prados,soltero,,23 de julio 2023,16 agosto 2023,Diputado,Barcelona,https://www.facebook.com/GerardoPisarelloPrados/,https://www.instagram.com/g_pisarellop/,https://twitter.com/G_Pisarello,,[],[],[],[],34631.88,"[{""clase_y_caracteristicas"": ""piso"", ""situacion"": ""Barcelona"", ""fecha_adquisicion"": ""01/08/2022"", ""derecho_sobre_el_bien"": ""propiedad el 90%"", ""titulo_adquisicion"": ""compraventa""}]",[],[],"[{""tipo"": ""Cuenta Corriente"", ""saldo"": 56604.87}, {""tipo"": ""Cuenta Corriente"", ""saldo"": 1525.9}, {""tipo"": ""Cuenta a plazo"", ""saldo"": 10000.0}]",[],[],[],[],[],"[{""descripcion"": ""hipoteca por vivienda principal al 50%"", ""acreedor"": ""Caja de Ingenieros"", ""fecha_concesion"": ""20/10/2021"", ""importe_concedido"": 175000.0, ""saldo_pendiente"": 161437.47}]",,328,fotos_diputados\deputy_328.jpg,Logo_partidos\deputy_0328.jpg,hemiciclo\hemi_0328_6.gif,gerardo-pisarello-prados,136819.2
deputy_329_assets_000322_000_e_0001352_20230816.json,ELOI BADIA CASAS,SOLTERO,,23 DE JULIO DE 2023,16 DE AGOSTO DE 2023,Diputado,BARCELONA,,https://www.instagram.com/eloi_badia/,https://twitter.com/eloibadia,,"[{""concepto"": ""SUELDO COMO CONCEJAL DEL AYUNTAMIENTO DE BARCELONA"", ""euros"": 84532}]",[],[],[],22946.32,"[{""clase_y_caracteristicas"": ""VIVIENDA"", ""situacion"": ""GIRONA"", ""fecha_adquisicion"": ""DICIEMBRE 2020"", ""derecho_sobre_el_bien"": ""COMPRAVENTA Y PLENO DOMINIO AL 50%""}]",[],[],"[{""saldo"": 21000}]",[],[],[],[],[],"[{""prestamo"": ""HIPOTECA DEL BBVA"", ""fecha_concesion"": ""03/11/2020"", ""importe_concedido"": 244000, ""saldo_pendiente"": 215408.37}]",LA HIPOTECA ES AL 50% CON MI PAREJA,329,fotos_diputados\deputy_329.jpg,Logo_partidos\deputy_0329.jpg,hemiciclo\hemi_0329_2404.gif,eloi-badia-casas,91261.66
deputy_330_assets_000326_000_e_0001367_20230816.json,GALA PIN FERRANDO,SOLTERA,,23/07/23,16/08/2023,Diputado,BÁRCELONA,,,,,"[{""concepto"": null, ""euros"": 17833.17}, {""concepto"": null, ""euros"": 17833.17}, {""concepto"": null, ""euros"": 17833.17}, {""concepto"": null, ""euros"": 17833.17}, {""concepto"": null, ""euros"": 17833.17}, {""concepto"": null, ""euros"": 17833.17}, {""concepto"": null, ""euros"": 17833.17}, {""concepto"": null, ""euros"": 17833.17}, {""concepto"": null, ""euros"": 17833.17}, {""concepto"": null, ""euros"": 17833.17}, {""concepto"": null, ""euros"": 17833.17}, {""concepto"": null, ""euros"": 17833.17}, {""concepto"": null, ""euros"": 17833.17}, {""concepto"": null, ""euros"": 17833.17}, {""concepto"": null, ""euros"": 17833.17}, {""concepto"": null, ""euros"": 17833.17}, {""concepto"": null, ""euros"": 17833.17}, {""concepto"": null, ""euros"": 17833.17}, {""concepto"": null, ""euros"": 17833.17}, {""concepto"": null, ""euros"": 17833.17}, {""concepto"": null, ""euros"": 17833.17}, {""concepto"": null, ""euros"": 17833.17}, {""concepto"": null, ""euros"": 17833.17}, {""concepto"": null, ""euros"": 17833.17}, {""concepto"": null, ""euros"": 17833.17}, {""concepto"": null, ""euros"": 17833.17}, {""concepto"": null, ""euros"": 17833.17}, {""concepto"": null, ""euros"": 17833.17}, {""concepto"": null, ""euros"": 17833.17}]",[],[],[],2064.53,[],[],[],"[{""tipo"": ""CUENTAS CORRIENTES"", ""saldo"": 19430}]",[],[],[],[],[],[],,330,fotos_diputados\deputy_330.jpg,Logo_partidos\deputy_0330.jpg,,gala-pin-ferrando,91261.66
deputy_330_assets_000326_001_e_0010608_20240206.json,GALA PIN FERRANDO,SOLTERA,,23/07/23,16/08/23,Diputado,Barcelona,,,,,[],[],[],[],,"[{""clase_y_caracteristicas"": ""VIVIENDA URBANA (PISO) DE 82m"", ""situacion"": ""Barcelona"", ""fecha_adquisicion"": ""02 de febrero de 2024"", ""derecho_sobre_el_bien"": ""100% PLENO DOMINIO"", ""titulo_adquisicion"": ""COMPRAVENTA""}]",[],[],[],[],[],[],[],[],"[{""descripcion"": ""PRESTAMO HIPOTECARIO CON IMAGIN DE CAIXABANK"", ""fecha_concesion"": ""02/02/2024"", ""importe_concedido"": 147000, ""saldo_pendiente"": 147000}]","Sin cambios en lo no especificado respecto de la declaracion inicial, presentada el 16 de agosto de 2023. En relacion con la compraventa de la vivienda especificada en el apartado correspondiente su precio ha sido de 210.000 euros y sera destinada a vivienda habitual.",330,fotos_diputados\deputy_330.jpg,Logo_partidos\deputy_0330.jpg,,gala-pin-ferrando,91261.66
deputy_330_assets_000326_002_e_0056351_20250213.json,GALA PIN FERRANDO,SOLTERA,,23/07/2023,16/08/2023,Diputado,BARCELONA,,,,,[],[],[],[],5201.89,[],[],[],"[{""saldo"": 36000}]",[],[],[],[],[],[],"Sin cambios en lo no especificado respecto de la modificación de la declaración inicial, presentada el 6 de febrero de 2024. Respecto a los depósitos en cuentas corrientes, 9.500 euros de lo señalado corresponden a una cuenta de mi hijo con aportaciones familiares.",330,fotos_diputados\deputy_330.jpg,Logo_partidos\deputy_0330.jpg,,gala-pin-ferrando,91261.66
deputy_331_assets_000351_000_e_0001785_20230919.json,CARINA MEJÍAS SÁNCHEZ,CASADA,GANANCIALES,23 de JULIO de 2023,16 de AGOSTO de 2023,Diputado,BARCELONA,,,https://twitter.com/carinamejias,,"[{""concepto"": ""RENDIMIENTO NETO POR ACTIVIDADES DE CONSULTORÍA JURÍDICA Y EMPRESARIAL"", ""euros"": ""45.789,61€/año según IRPF 2022""}]","[{""concepto"": ""RENDIMIENTOS DE CAPITAL INMOBILIARIO"", ""euros"": ""1.429,70 €""}]","[{""concepto"": ""RENDIMIENTOS DE CAPITAL MOBILIARIO"", ""euros"": ""820,49 €""}]","[{""concepto"": ""Plan de Previsión asegurado"", ""euros"": ""3.1113,77 €""}, {""concepto"": ""Universal vida y pensión"", ""euros"": ""1.700€""}]",10757.81,"[{""clase"": ""Vivienda"", ""situacion"": ""Barcelona"", ""fecha_adquisicion"": ""2007"", ""derecho"": ""Propiedad 50%"", ""titulo"": ""Hipoteca""}, {""clase"": ""Vivienda"", ""situacion"": ""Barcelona"", ""fecha_adquisicion"": ""2018"", ""derecho"": ""Propiedad 33%"", ""titulo"": ""Herencia""}, {""clase"": ""Apartamento"", ""situacion"": ""Castell d'Aro -Girona"", ""fecha_adquisicion"": ""2019"", ""derecho"": ""Propiedad 50%"", ""titulo"": ""Hipoteca""}, {""clase"": ""Apartamento"", ""situacion"": ""Aratores Huesca"", ""fecha_adquisicion"": ""2022"", ""derecho"": ""Propiedad 50%"", ""titulo"": ""Herencia""}]",[],[],"[{""tipo"": ""Cuentas corrientes"", ""saldo"": ""45.302,72 €""}, {""tipo"": ""Plan de pensiones"", ""saldo"": ""45.514,96 €""}, {""tipo"": ""Seguro Universal vida y pensión"", ""saldo"": ""27.259,88 €""}]","[{""descripcion"": ""ACCIONES SANTANDER"", ""valor"": ""2.989,91 €""}, {""descripcion"": ""ACCIONES TELEFÓNICA"", ""valor"": ""1.342,18 €""}]",[],[],"[{""fecha_adquisicion"": ""2018"", ""descripcion"": ""MERCEDES BENZ CLASE A 180 D""}]",[],"[{""descripcion"": ""HIPOTECA VIVIENDA HABITUAL"", ""fecha_concesion"": ""15/11/2007"", ""importe_concedido"": ""320.000 €"", ""saldo_pendiente"": ""138.648,41 €""}, {""descripcion"": ""HIPOTECA APARTAMENTO"", ""fecha_concesion"": ""21/05/2021"", ""importe_concedido"": ""140.000,00 €"", ""saldo_pendiente"": ""122.568,71 €""}]",,331,fotos_diputados\deputy_331.jpg,Logo_partidos\deputy_0331.jpg,hemiciclo\hemi_0331_2703.gif,carina-mejias-sanchez,91261.66
deputy_332_assets_000325_000_e_0001363_20230816.json,Julia Boada Danes,soltera,,23 julio 2023,16 agosto 2023,Diputado,Girona,,https://www.instagram.com/juliabd/,https://twitter.com/bdjulia,,"[{""concepto"": ""Percepción neta de tipo salarial como asesora del Partido Verde Europeo"", ""euros"": 46395.47}]",[],[],[],,[],[],[],"[{""tipo"": ""Depósitos en cuentas corrientes y de ahorro"", ""saldo"": 53445}]",[],[],[],[],[],[],La declaración de la renta del año 2022 la he hecho en Bélgica,332,fotos_diputados\deputy_332.jpg,Logo_partidos\deputy_0332.jpg,hemiciclo\hemi_0332_2302.gif,julia-boada-danes,91261.66
deputy_332_assets_000325_001_e_0001689_20230913.json,JÚLIA BOADA DANÉS,SOLTERA,,23 DE JULIO DE 2023,16 DE AGOSTO DE 2023,Diputado,GIRONA,,https://www.instagram.com/juliabd/,https://twitter.com/bdjulia,,[],[],[],[],12923.05,[],[],[],[],[],[],[],[],[],[],,332,fotos_diputados\deputy_332.jpg,Logo_partidos\deputy_0332.jpg,hemiciclo\hemi_0332_2302.gif,julia-boada-danes,91261.66
deputy_333_assets_000320_000_e_0001348_20230816.json,Sandra Fernández Herranz,Soltera,,23 de julio de 2023,16 de agosto de 2023,Diputado,Illes Balears,,,,,"[{""concepto"": ""Personal eventual adscrita funcionalmente a Servicio del Vicepresidente 2º del Parlament de les Illes Balears"", ""euros"": 36942.06}]",[],[],[],8402.75,[],[],[],"[{""tipo"": ""Cuenta corriente"", ""saldo"": 4230.4}]",[],[],[],"[{""fecha_adquisicion"": ""Diciembre 2015"", ""descripcion"": ""Fiat 500""}]","[{""tipo"": ""Plan de pensiones"", ""valor"": 4530.62}]",[],,333,fotos_diputados\deputy_333.jpg,Logo_partidos\deputy_0333.jpg,,sandra-fernandez-herranz,69548.36
deputy_334_assets_000319_000_e_0001347_20230816.json,ANA ALOS LÓPEZ,DIVORCIADA,,23 JULIO 2023,16 AGOSTO 2023,Diputado,HUESCA,,,,,"[{""procedencia"": ""GRUPO PARLAMENTARIO POPULAR SENADO"", ""concepto"": ""Percepciones netas de tipo salarial, sueldos, honorarios, aranceles y otras retribuciones"", ""euros"": ""26.025€""}]",[],[],[],32229.0,"[{""clase"": ""VIVIENDA"", ""situacion"": ""HUESCA"", ""fecha_adquisicion"": ""MARZO 2020"", ""derecho"": ""PLENO DOMINIO"", ""titulo"": ""COMPRAVENTA""}, {""clase"": ""TRASTERO"", ""situacion"": ""HUESCA"", ""fecha_adquisicion"": ""MARZO 2020"", ""derecho"": ""PLENO DOMINIO"", ""titulo"": ""COMPRAVENTA""}, {""clase"": ""PLAZA GARAJE"", ""situacion"": ""HUESCA"", ""fecha_adquisicion"": ""MARZO 2020"", ""derecho"": ""PLENO DOMINIO"", ""titulo"": ""COMPRAVENTA""}]",[],[],"[{""tipo"": ""CUENTA CORRIENTE"", ""saldo"": ""54.000 €""}]","[{""descripcion"": ""50% PARTICIPACIONES DE LA SOCIEDAD LUIS Y ALOS, S.L."", ""valor"": ""3.000€""}, {""descripcion"": ""25% PARTICIPACIONES DE LA SOCIEDAD AUTOLAVADOS HUESCA, S.L. (Sociedad inactiva y en trámite de disolución)"", ""valor"": ""266€""}, {""descripcion"": ""1 acción del Club de Tenis Osca de Huesca"", ""valor"": ""2.500€""}]",[],[],"[{""fecha_adquisicion"": ""Año 2022"", ""descripcion"": ""TURISMO OPEL ASTRA (Matriculado abril 2010)""}]","[{""descripcion"": ""ALLIANZ PENSIONS (Valor aportación)""}, {""descripcion"": ""PLAN DE AHORRO ALLIANZ (Valor actual)""}, {""descripcion"": ""FONDO VIDA PLUS (Valor actual)""}]","[{""descripcion"": ""PRESTAMO HIPOTECARIO CAIXABANK"", ""fecha_concesion"": ""5/3/2020"", ""importe_concedido"": ""148.000 €"", ""saldo_pendiente"": ""101.160,27 €""}, {""descripcion"": ""PRESTAMO HIPOTECARIO CAIXABANK"", ""fecha_concesion"": ""1/3/2002"", ""importe_concedido"": ""49.030 €"", ""saldo_pendiente"": ""8.652 €""}]",,334,fotos_diputados\deputy_334.jpg,Logo_partidos\deputy_0334.jpg,hemiciclo\hemi_0334_3410.gif,ana-alos-lopez,
deputy_335_assets_000343_000_e_0001452_20230817.json,MARIA TERESA RIBERA RODRIGUEZ,CASADA,GANANCIALES,23/07/2023,16/08/2023,Diputado,MADRID / CONGRESO DE LOS DIPUTADOS,,,,,"[{""concepto"": ""SUELDO"", ""euros"": 83636}]",[],[],[],24789.0,"[{""clase"": ""PISO"", ""situacion"": ""MADRID"", ""fecha_adquisicion"": ""2003"", ""derecho_y_titulo"": ""COMPRAVENTA COPROPIETARIA""}, {""clase"": ""PISO"", ""situacion"": ""BALEARES"", ""fecha_adquisicion"": ""2012"", ""derecho_y_titulo"": ""COMPRAVENTA COPROPIETARIA""}, {""clase"": ""GARAJE"", ""situacion"": ""MADRID"", ""fecha_adquisicion"": ""2003"", ""derecho_y_titulo"": ""COMPRAVENTA COPROPIETARIA""}, {""clase"": ""TRASTERO"", ""situacion"": ""BALEARES"", ""fecha_adquisicion"": ""2022"", ""derecho_y_titulo"": ""COMPRAVENTA COPROPIETARIA""}]",[],[],"[{""tipo"": ""CUENTAS CORRIENTES"", ""saldo"": 250000, ""nota"": ""50% GANANCIALES""}]",[],"[{""descripcion"": ""ACCIONES BBVA"", ""valor"": 1680}]",[],"[{""fecha_adquisicion"": ""2007"", ""descripcion"": ""PEUGEOT 307""}, {""fecha_adquisicion"": ""2011"", ""descripcion"": ""PEUGEOT 5008""}, {""fecha_adquisicion"": ""2023"", ""descripcion"": ""CLIO HIBRIDO""}]","[{""tipo"": ""PLAN DE PENSIONES"", ""valor"": 6733}]",[],,335,fotos_diputados\deputy_335.jpg,Logo_partidos\deputy_0335.jpg,,maria-teresa-ribera-rodriguez,
deputy_335_assets_000343_002_e_0008533_20240118.json,MARÍA TERESA RIBERA RODRÍGUEZ,CASADA,GANANCIALES,23/07/2023,16/08/2023,Diputado,MADRID,,,,,[],[],[],[],,[],[],[],[],[],[],[],[],[],[],Me remito en todos los apartados no cumplimentados a las declaraciones presentadas con anterioridad.,335,fotos_diputados\deputy_335.jpg,Logo_partidos\deputy_0335.jpg,,maria-teresa-ribera-rodriguez,
deputy_336_assets_000323_000_e_0001353_20230816.json,PEDRO CASARES HONTAÑON,SOLTERO,,23/06/2023,16/08/2023,Senador,CANTABRIA,,,,,"[{""procedencia"": ""RETRIBUCIONES UNIVERSIDAD DE CANTABRIA"", ""concepto"": ""Percepciones netas de tipo salarial, sueldos, honorarios, aranceles y otras retribuciones, cualquiera que sea su denominación."", ""euros"": 800.0}]",[],"[{""procedencia"": ""ARRENDAMIENTO DE LOCAL"", ""concepto"": ""Intereses o rendimientos de cuentas, depósitos y activos financieros"", ""euros"": 1584.66}]",[],14429.74,"[{""clase"": ""VIVIENDA"", ""situacion"": ""CANTABRIA"", ""fecha_adquisicion"": ""2011"", ""derecho"": ""PLENO DOMINIO"", ""titulo"": ""COMPRAVENTA""}, {""clase"": ""PLAZA DE APARCAMIENTO"", ""situacion"": ""CANTABRIA"", ""fecha_adquisicion"": ""2011"", ""derecho"": ""PLENO DOMINIO"", ""titulo"": ""COMPRAVENTA""}, {""clase"": ""VIVIENDA"", ""situacion"": ""CANTABRIA"", ""fecha_adquisicion"": ""2020"", ""derecho"": ""PLENO DOMINIO"", ""titulo"": ""COMPRAVENTA""}, {""clase"": ""VIVIENDA"", ""situacion"": ""CADIZ"", ""fecha_adquisicion"": ""2017"", ""derecho"": null, ""titulo"": ""COMPRAVENTA""}, {""clase"": ""LOCAL COMERCIAL"", ""situacion"": ""CANTABRIA"", ""fecha_adquisicion"": ""2009"", ""derecho"": null, ""titulo"": ""COMPRAVENTA""}]",[],[],"[{""tipo"": ""DEPÓSITOS EN CUENTAS CORRIENTES A FECHA ACTUAL"", ""saldo"": 50095}]",[],[],[],"[{""fecha_adquisicion"": ""2008"", ""descripcion"": ""FORD""}]","[{""descripcion"": ""MICROCRÉDITO PSOE"", ""valor"": 5000}]","[{""descripcion"": ""PRESTAMO HIPOTECARIO UNICAJA"", ""fecha_concesion"": ""2011"", ""importe_concedido"": 145300, ""saldo_pendiente"": 37500}, {""descripcion"": ""PRESTAMO HIPOTECARIO UNICAJA"", ""fecha_concesion"": ""2011"", ""importe_concedido"": 10367, ""saldo_pendiente"": 3622}, {""descripcion"": ""PRESTAMO HIPOTECARIO UNICAJA"", ""fecha_concesion"": ""2020"", ""importe_concedido"": 234000, ""saldo_pendiente"": 195041}]",,336,fotos_diputados\deputy_336.jpg,Logo_partidos\deputy_0336.jpg,,pedro-casares-hontanon,96378.82
deputy_336_assets_000323_001_e_0001656_20230911.json,PEDRO CASARES HONTAÑON,SOLTERO,,23/07/2023,16/08/2023,Diputado,CANTABRIA,,,,,[],[],[],"[{""concepto"": ""ARRENDAMIENTO VIVIENDA"", ""euros"": ""6.900 € ANUAL""}]",,[],[],[],[],[],[],[],[],[],[],"Modificación de la declaración de inicio de legislatura, por actualización de otras rentas o percepciones de cualquier clase correspondiente a un arrendamiento de vivienda",336,fotos_diputados\deputy_336.jpg,Logo_partidos\deputy_0336.jpg,,pedro-casares-hontanon,96378.82
deputy_337_assets_000317_000_e_0001333_20230816.json,MARIA JESUS MONTERO CUADRADO,CASADA,GANANCIALES,23/07/2023,16/08/2023,Diputado,SEVILLA,,,https://twitter.com/mjmonteroc,,"[{""concepto"": ""NOMINA COMO MINISTRA DE HACIENDA Y FUNCION PUBLICA (TRIENIOS INCLUIDOS)"", ""euros"": ""83.881,04""}]",[],"[{""concepto"": ""ALQUILER DE LOCAL"", ""euros"": ""1.125""}]",[],26118.26,"[{""clase"": ""VIVIENDA"", ""situacion"": ""SEVILLA"", ""fecha_adquisicion"": ""2006"", ""derecho"": ""50% PLENO DOMINIO"", ""titulo"": ""COMPRAVENTA""}, {""clase"": ""LOCAL"", ""situacion"": ""SEVILLA"", ""fecha_adquisicion"": ""2004"", ""derecho"": ""50% PLENO DOMINIO"", ""titulo"": ""COMPRAVENTA""}, {""clase"": ""VIVIENDA"", ""situacion"": ""SEVILLA"", ""fecha_adquisicion"": ""2004"", ""derecho"": ""50% PLENO DOMINIO"", ""titulo"": ""COMPRAVENTA""}, {""clase"": ""VIVIENDA"", ""situacion"": ""SEVILLA"", ""fecha_adquisicion"": ""2004"", ""derecho"": ""50% PLENO DOMINIO"", ""titulo"": ""COMPRAVENTA""}, {""clase"": ""GARAJE"", ""situacion"": ""SEVILLA"", ""fecha_adquisicion"": ""2006"", ""derecho"": ""50% PLENO DOMINIO"", ""titulo"": ""COMPRAVENTA""}]",[],[],"[{""entidad"": ""Banco de Sabadell S.A."", ""saldo"": ""42.539""}]",[],[],[],"[{""fecha_adquisicion"": ""2000"", ""descripcion"": ""NISSAN PRIMERA""}]","[{""descripcion"": ""MICROCRÉDITO"", ""valor"": ""3.000""}]","[{""prestamo"": ""Banco de Sabadell S.A."", ""fecha_concesion"": ""2004"", ""importe_concedido"": ""88.808"", ""saldo_pendiente"": ""40.067""}, {""prestamo"": ""Banco de Sabadell S.A."", ""fecha_concesion"": ""2006"", ""importe_concedido"": ""240.000"", ""saldo_pendiente"": ""48.330""}]",,337,fotos_diputados\deputy_337.jpg,Logo_partidos\deputy_0337.jpg,hemiciclo\hemi_0337_1102.gif,maria-jesus-montero-cuadrado,123994.7
deputy_338_assets_000329_000_e_0001380_20230816.json,TESLEM ANDALA UBBI,SOLTERA,,23 DE JULIO DE 2023,16 DE AGOSTO 2023,Diputado,MADRID,,https://www.instagram.com/teshsidi/,https://twitter.com/teshsidi,,"[{""concepto"": ""SALARIO NETO SANTANDER GLOBAL TECHNOLOGIES"", ""euros"": ""38.784,20""}]",[],[],[],,[],[],[],"[{""descripcion"": ""DOS CUENTAS CORRIENTES"", ""saldo"": ""890""}]",[],[],[],"[{""fecha_adquisicion"": ""28/02/2023"", ""descripcion"": ""TOYOTA AURIS""}]","[{""descripcion"": ""PLAN DE AHORROS GES SEGUROS"", ""valor"": null}]","[{""descripcion"": ""PRESTAMO PERSONAL COCHE"", ""fecha_concesion"": ""28/02/2022"", ""importe_concedido"": ""13.500"", ""saldo_pendiente"": ""9.391.93""}, {""descripcion"": ""PRESTAMO ESTUDIANTE"", ""fecha_concesion"": ""06/06/2022"", ""importe_concedido"": ""4.500"", ""saldo_pendiente"": ""2.716.84""}]",,338,fotos_diputados\deputy_338.jpg,Logo_partidos\deputy_0338.jpg,hemiciclo\hemi_0338_2303.gif,teslem-andala-ubbi,
deputy_339_assets_000328_000_e_0001376_20230816.json,Juan Luis Pedreño Molina,Divorciado,,23 Julio 2023,16 Agosto 2023,Diputado,MURCIA,,,https://twitter.com/juan_pedreno,,"[{""concepto"": ""Trienios por antigüedad funcionario de carrera"", ""euros"": ""4.481,96€""}]",[],[],[],15503.79,"[{""clase"": ""Piso"", ""situacion"": ""Murcia"", ""fecha_adquisicion"": ""27/06/2007"", ""derecho"": ""Pleno Dominio"", ""titulo_adquisicion"": ""Compraventa""}, {""clase"": ""Piso"", ""situacion"": ""Murcia"", ""fecha_adquisicion"": ""09/04/2010"", ""derecho"": ""Pleno Dominio"", ""titulo_adquisicion"": ""Compraventa""}]",[],[],"[{""tipo"": ""Depósitos en cuentas de ahorro"", ""saldo"": ""27.000€""}]",[],[],[],"[{""fecha_adquisicion"": ""2015"", ""descripcion"": ""Vehículo Hyundai ix35""}]",[],"[{""prestamo"": ""Bankinter"", ""fecha_concesion"": ""27/06/2007"", ""importe_concedido"": ""130.000"", ""saldo_pendiente"": ""35.875""}]",,339,fotos_diputados\deputy_339.jpg,Logo_partidos\deputy_0339.jpg,hemiciclo\hemi_0339_3709.gif,juan-luis-pedreno-molina,91261.66
deputy_340_assets_000321_000_e_0001350_20230816.json,MARÍA ESTHER LLAMAZARES DOMINGO,DIVORCIADA,,23 DE JULIO DE 2023,16 DE AGOSTO DE 2023,Diputado,ASTURIAS,,,,,"[{""procedencia"": ""RETRIBUCION COMO CONCEJALA DEL AYUNTAMIENTO DE AVILÉS"", ""concepto"": ""Percepciones netas de tipo salarial, sueldos, honorarios, aranceles y otras retribuciones"", ""euros"": 35957.46}, {""procedencia"": ""RETRIBUCION COMO EMPLEADA A TIEMPO PARCIAL EN LA EMPRESA PORRON ASESORES, C.B."", ""concepto"": ""Percepciones netas de tipo salarial, sueldos, honorarios, aranceles y otras retribuciones"", ""euros"": 2227.26}]",[],[],[],,"[{""clase_y_caracteristicas"": ""VIVIENDA"", ""situacion"": ""AVILÉS"", ""fecha_adquisicion"": ""1997"", ""derecho_sobre_el_bien"": ""MITAD EN PLENO DOMINIO"", ""titulo_adquisicion"": ""COMPRA-VENTA""}]",[],[],"[{""tipo"": ""CUENTAS CORRIENTES"", ""saldo"": 4935.41}]",[],"[{""descripcion"": ""100% CAPITAL SOCIAL DE LA MERCANTIL ALEFRES CONGRESOS, SLU"", ""valor"": 3010.0}]","[{""descripcion"": ""ALEFRES CONGRESOS, S.L.U. Sociedad sin actividad económica. Sociedad dada de BAJA actividad con fecha 31/05/2015.""}]","[{""fecha_adquisicion"": ""2010"", ""descripcion"": ""VEHÍCULO FIAT BRAVO COLOR BLANCO, ADQUIRIDO EN EL AÑO 2010.""}]",[],"[{""descripcion"": ""ABANCA (préstamo hipotecario)"", ""fecha_concesion"": ""28/01/2016"", ""importe_concedido"": 69800.0, ""saldo_pendiente"": 50834.92}]",,340,fotos_diputados\deputy_340.jpg,Logo_partidos\deputy_0340.jpg,hemiciclo\hemi_0340_2810.gif,maria-esther-llamazares-domingo,
deputy_341_assets_000331_000_e_0001386_20230816.json,María Eugenia Carballedo Berlanga,Soltera,,23 de julio de 2023,16 de agosto de 2023,Diputado,Madrid,,https://www.instagram.com/eugenia_carballedo/,https://twitter.com/ECarballedo,,"[{""concepto"": ""Presidenta de la Asamblea de Madrid"", ""euros"": 110200}]",[],[],[],30800.0,"[{""clase"": ""Piso"", ""situacion"": ""Madrid"", ""fecha_adquisicion"": ""2001"", ""derecho"": ""Propiedad 100%"", ""titulo_adquisicion"": ""Compraventa""}, {""clase"": ""Plaza de garaje"", ""situacion"": ""Madrid"", ""fecha_adquisicion"": ""2001"", ""derecho"": ""Propiedad 100%"", ""titulo_adquisicion"": ""Compraventa""}]",[],[],"[{""tipo"": ""Cuentas corrientes y depósitos"", ""saldo"": 472000}]",[],[],[],"[{""fecha_adquisicion"": ""2011"", ""descripcion"": ""BMW Serie 1""}]",[],[],,341,fotos_diputados\deputy_341.jpg,Logo_partidos\deputy_0341.jpg,hemiciclo\hemi_0341_2712.gif,maria-eugenia-carballedo-berlanga,
deputy_342_assets_000324_000_e_0001361_20230816.json,YOLANDA DÍAZ PÉREZ,CASADA,GANANCIAL,23 DE JULIO DE 2023,16 DE AGOSTO DE 2023,Diputado,MADRID,https://www.facebook.com/Yolanda-D%C3%ADaz-P%C3%A9rez-1388495761396359/,https://www.instagram.com/diaz_yolanda_/,,,"[{""procedencia"": ""MINISTRA DE TRABAJO Y ECONOMIA SOCIAL y VICEPRESIDENTA SEGUNDA DEL GOBIERNO"", ""concepto"": ""Percepciones netas de tipo salarial, sueldos, honorarios, aranceles y otras retribuciones"", ""euros"": 78202.72}]",[],[],[],24809.98,"[{""clase_y_caracteristicas"": ""DESPACHO"", ""situacion"": ""A CORUÑA"", ""fecha_adquisicion"": ""7 de agosto de 2003"", ""derecho_sobre_el_bien"": ""Propiedad ganancial"", ""titulo_adquisicion"": ""compraventa""}, {""clase_y_caracteristicas"": ""VIVIENDA"", ""situacion"": ""A CORUÑA"", ""fecha_adquisicion"": ""25 de noviembre de 2003"", ""derecho_sobre_el_bien"": ""Propiedad ganancial"", ""titulo_adquisicion"": null}]",[],[],"[{""tipo"": ""CUENTA CORRIENTE GANANCIAL AL 50%"", ""saldo"": 33200.68}]",[],[],[],"[{""fecha_adquisicion"": ""24 de octubre de 2014"", ""descripcion"": ""VOLKSWAGEN GOLF (50% ganancial)""}, {""fecha_adquisicion"": ""23 de agosto de 2013"", ""descripcion"": ""VOLKSWAGEN TOURAN (50% ganancial)""}]",[],"[{""descripcion"": ""PRESTAMO HIPOTECARIO EN BANCO SANTANDER (50% GANANCIAL)"", ""fecha_concesion"": ""25 de noviembre de 2003"", ""importe_concedido"": 168284, ""saldo_pendiente"": 39553.44}]",,342,fotos_diputados\deputy_342.jpg,Logo_partidos\deputy_0342.jpg,hemiciclo\hemi_0342_1103.gif,yolanda-diaz-perez,101439.66
deputy_343_assets_000330_000_e_0001381_20230816.json,NOELIA NÚÑEZ GONZÁLEZ,SOLTERA,,23 DE JULIO DEL 2023,16 DE AGOSTO DEL 2023,Diputado,MADRID,,,,,"[{""concepto"": ""DEDICACIÓN EXCLUSIVA EN EL AYUNTAMIENTO DE FUENLABRADA COMO CONCEJAL-PORTAVOZ"", ""euros"": 67144.98}, {""concepto"": ""INDEMNIZACIÓN COMO DIPUTADA Y PORTAVOZ ADJUNTA EN LA ASAMBLEA DE MADRID"", ""euros"": 27726.58}]",[],[],[],31033.42,[],[],[],"[{""tipo"": ""CUENTA DE AHORRO"", ""entidad"": ""BANCO CAIXABANK"", ""saldo"": 14200}]","[{""descripcion"": ""18 TÍTULOS EN BANCO SANTANDER CON VALOR A FECHA DE 16 DE AGOSTO DEL 2023"", ""valor"": 64.08}]",[],[],"[{""fecha_adquisicion"": ""MARZO DE 2023"", ""descripcion"": ""AUDI A3 SPORTBACK""}]",[],[],,343,fotos_diputados\deputy_343.jpg,Logo_partidos\deputy_0343.jpg,,noelia-nunez-gonzalez,84799.12
deputy_344_assets_000337_000_e_0001408_20230816.json,MARÍA JOSÉ RODRÍGUEZ DE MILLÁN PARRO,SOLTERA,,23/07/23,16/08/2023,Diputado,,,,https://twitter.com/Pepa_Millan,,"[{""concepto"": ""ABONO GRUPO PARLAMENTARIO VOX EN ANDALUCÍA"", ""euros"": 10919.94}]",[],[],[],13152.67,[],[],[],"[{""tipo"": ""CUENTA CORRIENTE"", ""saldo"": 462.07}]",[],[],[],[],[],[],,344,fotos_diputados\deputy_344.jpg,Logo_partidos\deputy_0344.jpg,hemiciclo\hemi_0344_3202.gif,maria-jose-rodriguez-millan-parro,
deputy_345_assets_000336_000_e_0001402_20230816.json,CARLOS HERNÁNDEZ QUERO,SOLTERO,NINGUNO,23/07/2023,16/08/2023,Diputado,,,,https://twitter.com/CarlosHQuero,,"[{""concepto"": ""Rendimientos del trabajo"", ""euros"": 28261.64}]",[],[],[],5248.92,"[{""clase"": ""PISO"", ""situacion"": ""MADRID"", ""fecha_adquisicion"": ""2021"", ""derecho"": ""62,357%, EN PLENO DOMINIO POR TÍTULO DE COMPRAVENTA""}]",[],[],"[{""tipo"": ""DEPÓSITOS EN CUENTAS CORRIENTES"", ""saldo"": 5680.52, ""fecha"": ""09/08/2023""}]","[{""descripcion"": ""PARTICIPACIONES EN BAR-LIBRERÍA CASAMATA SL (VALOR TEÓRICO CONTABLE)"", ""valor"": 5000}]",[],[],"[{""fecha_adquisicion"": ""2019"", ""descripcion"": ""TURISMO""}]",[],"[{""descripcion"": ""HIPOTECA PARA COMPRA DE VIVIENDA CON BBVA"", ""fecha_concesion"": ""02/11/2021"", ""importe_concedido"": 248000, ""saldo_pendiente"": 241193.42}]",,345,fotos_diputados\deputy_345.jpg,Logo_partidos\deputy_0345.jpg,hemiciclo\hemi_0345_3502.gif,carlos-hernandez-quero,91261.66
deputy_346_assets_000332_000_e_0001389_20230816.json,ALBERTO NÚÑEZ FEIJÓO,SOLTERO,,23/7/2023,16/8/2023,Diputado,,,,https://twitter.com/NunezFeijoo,,"[{""procedencia"": ""XUNTA DE GALICIA"", ""concepto"": ""Percepciones netas de tipo salarial"", ""euros"": 21686.55}, {""procedencia"": ""PARLAMENTO DE GALICIA"", ""concepto"": ""Percepciones netas de tipo salarial"", ""euros"": 1770.25}, {""procedencia"": ""PARTIDO POPULAR (GASTOS DE REPRESENTACIÓN)"", ""concepto"": ""Percepciones netas de tipo salarial"", ""euros"": 39260.0}, {""procedencia"": ""GRUPO PARLAMENTARIO POPULAR EN EL SENADO (PRESIDENTE)"", ""concepto"": ""Percepciones netas de tipo salarial"", ""euros"": 31850.0}]","[{""procedencia"": null, ""concepto"": ""DIVIDENDOS Y PARTIDORES"", ""euros"": 2112.58}]","[{""procedencia"": null, ""concepto"": ""INTERESES"", ""euros"": 5.08}]","[{""procedencia"": null, ""concepto"": ""RENDIMIENTOS BIENES INMUEBLES"", ""euros"": 5584.4}]",64872.64,"[{""clase"": ""VIVIENDA"", ""situacion"": ""MADRID"", ""fecha_adquisicion"": ""31/12/2001"", ""derecho"": ""PLENO DOMINIO"", ""titulo"": ""COMPRAVENTA""}, {""clase"": ""VIVIENDA"", ""situacion"": ""VIGO (PONTEVEDRA)"", ""fecha_adquisicion"": ""1/2/2001"", ""derecho"": ""PLENO DOMINIO"", ""titulo"": ""COMPRAVENTA""}, {""clase"": ""PLAZA GARAJE"", ""situacion"": ""VIGO (PONTEVEDRA)"", ""fecha_adquisicion"": ""1/2/2001"", ""derecho"": ""PLENO DOMINIO"", ""titulo"": ""COMPRAVENTA""}, {""clase"": ""VIVIENDA"", ""situacion"": ""A CORUÑA"", ""fecha_adquisicion"": ""11/8/2023"", ""derecho"": ""PLENO DOMINIO"", ""titulo"": ""COMPRAVENTA""}, {""clase"": ""PLAZA GARAJE"", ""situacion"": ""A CORUÑA"", ""fecha_adquisicion"": ""11/8/2023"", ""derecho"": ""PLENO DOMINIO"", ""titulo"": ""COMPRAVENTA""}]","[{""clase"": ""FINCA RÚSTICA"", ""situacion"": ""AMES (A CORUÑA)"", ""fecha_adquisicion"": ""30/6/1992"", ""derecho"": ""PLENO DOMINIO"", ""titulo"": ""COMPRAVENTA""}]",[],"[{""tipo"": ""CUENTA CORRIENTE"", ""saldo"": 37627.24, ""fecha"": ""14/8/2023""}]","[{""descripcion"": ""100 ACCIONES TELEFÓNICA"", ""valor"": 363.4, ""fecha_valoracion"": ""14/8/2023""}, {""descripcion"": ""4000 ACCIONES INDITEX"", ""valor"": 133200.0, ""fecha_valoracion"": ""14/8/2023""}]",[],[],[],"[{""descripcion"": ""FONDO INVERSIÓN ABANCA"", ""valor"": 403425.29}, {""descripcion"": ""PLAN PENSIONES"", ""valor"": 195163.16}]",[],,346,fotos_diputados\deputy_346.jpg,Logo_partidos\deputy_0346.jpg,hemiciclo\hemi_0346_3210.gif,alberto-nunez-feijoo,59200.82
deputy_347_assets_000334_000_e_0001397_20230816.json,MARTA VARELA PAZOS,CASADA,GANANCIALES,23/7/2023,16/8/2023,Diputado,MADRID,,,,,"[{""procedencia"": ""XUNTA DE GALICIA"", ""concepto"": ""Percepciones netas de tipo salarial, sueldos, honorarios, aranceles y otras retribuciones"", ""euros"": 15941.37}, {""procedencia"": ""SOCIEDADE GALEGA DO MEDIO AMBIENTE (SOGAMA)"", ""concepto"": ""Percepciones netas de tipo salarial, sueldos, honorarios, aranceles y otras retribuciones"", ""euros"": 331.5}, {""procedencia"": ""PARTIDO POPULAR"", ""concepto"": ""Percepciones netas de tipo salarial, sueldos, honorarios, aranceles y otras retribuciones"", ""euros"": 45503.5}]","[{""procedencia"": null, ""concepto"": ""Dividendos y participación en beneficios de sociedades"", ""euros"": 1.65}]","[{""procedencia"": null, ""concepto"": ""Ganancias patrimoniales"", ""euros"": 50214.93}, {""procedencia"": null, ""concepto"": ""Rendimientos bienes inmuebles"", ""euros"": 10800.0}]",[],36159.11,"[{""clase"": ""VIVIENDA"", ""situacion"": ""SANTIAGO (A CORUÑA)"", ""fecha_adquisicion"": ""DICIEMBRE 2012"", ""derecho"": ""GANANCIAL (50%)"", ""titulo"": ""COMPRAVENTA""}, {""clase"": ""VIVIENDA"", ""situacion"": ""SANTIAGO (A CORUÑA)"", ""fecha_adquisicion"": ""OCTUBRE 2020"", ""derecho"": ""GANANCIAL (50%)"", ""titulo"": ""COMPRAVENTA""}]",[],[],"[{""tipo"": ""CUENTAS CORRIENTES"", ""saldo"": 7493.45, ""fecha"": ""15/8/2023""}]",[],"[{""descripcion"": ""PARTICIPACIÓN CAIXA RURAL GALEGA"", ""valor"": 60.0}]",[],"[{""fecha_adquisicion"": ""OCTUBRE 2019"", ""descripcion"": ""HYUNDAI FASTBACK""}]",[],[],,347,fotos_diputados\deputy_347.jpg,Logo_partidos\deputy_0347.jpg,hemiciclo\hemi_0347_3415.gif,marta-varela-pazos,91261.66
deputy_348_assets_000341_000_e_0001417_20230816.json,AURORA NACARINO-BRABO JIMÉNEZ,SOLTERA,,23/07/23,16/08/23,Diputado,MADRID,,,,,"[{""procedencia"": ""EDITORA EN GRUPO PLANETA"", ""concepto"": ""Percepciones netas de tipo salarial, sueldos, honorarios, aranceles y otras retribuciones"", ""euros"": 43845.45}]",[],[],[],10188.11,"[{""clase_y_caracteristicas"": ""VIVIENDA"", ""situacion"": ""MADRID"", ""fecha_adquisicion"": ""2009"", ""derecho_sobre_el_bien"": ""8.33% NUDA PROPIEDAD HERENCIA""}]",[],[],"[{""tipo"": ""CUENTA CORRIENTE"", ""saldo"": 14923.7}]",[],[],[],"[{""fecha_adquisicion"": ""2023"", ""descripcion"": ""AUDI Q3""}]",[],"[{""descripcion"": ""PRESTAMO"", ""fecha_concesion"": ""2023"", ""importe_concedido"": 35679.42, ""saldo_pendiente"": 35420}]",,348,fotos_diputados\deputy_348.jpg,Logo_partidos\deputy_0348.jpg,hemiciclo\hemi_0348_2715.gif,aurora-nacarino-brabo-jimenez,76049.12
deputy_349_assets_000340_000_e_0001415_20230816.json,FRANCISCO JOSÉ CONDE LÓPÉZ,CASADO,GANANCIALES,23 DE JULIO DE 2023,16 DE AGOSTO DE 2023,Diputado,LUGO,,https://www.instagram.com/franciscocondelopez/,,,"[{""procedencia"": ""RETRIBUCIÓN BRUTA COMO CONSEJERO DE LA XUNTA DE GALICIA"", ""concepto"": ""RETRIBUCIÓN BRUTA COMO CONSEJERO DE LA XUNTA DE GALICIA"", ""euros"": 70806.48}, {""procedencia"": ""DIETAS POR ASISTENCIA AL CONSEJO DE DIRECCIÓN DEL INSTITUTO GALEGO DE PROMOCIÓN ECONÓMICA"", ""concepto"": ""DIETAS POR ASISTENCIA AL CONSEJO DE DIRECCIÓN DEL INSTITUTO GALEGO DE PROMOCIÓN ECONÓMICA"", ""euros"": 5445.83}, {""procedencia"": ""DIETAS POR ASISTENCIA AL CONSEJO DE ADMINISTRACIÓN DE XES GALICIA"", ""concepto"": ""DIETAS POR ASISTENCIA AL CONSEJO DE ADMINISTRACIÓN DE XES GALICIA"", ""euros"": 5180.11}]",[],[],[],23379.56,"[{""clase"": ""PISO"", ""caracteristicas"": """", ""situacion"": ""MADRID"", ""fecha_adquisicion"": ""2015"", ""derecho"": ""50% PROPIEDAD"", ""titulo_adquisicion"": ""COMPRAVENTA""}]",[],[],"[{""descripcion"": ""DOS CUENTAS CORRIENTES EN ENTIDADES BANCARIAS (EN SOCIEDAD DE GANANCIALES)"", ""saldo"": 8491.43}]",[],[],[],"[{""fecha_adquisicion"": ""2009"", ""descripcion"": ""VOLKSWAGEN TOURAN""}]","[{""descripcion"": ""PLAN DE PENSIONES"", ""valor"": 25096.61}]","[{""descripcion"": ""PRESTAMO HIPOTECARIO EVO"", ""fecha_concesion"": ""2015"", ""importe_concedido"": 260000, ""saldo_pendiente"": 198175.09}]",,349,fotos_diputados\deputy_349.jpg,Logo_partidos\deputy_0349.jpg,hemiciclo\hemi_0349_3404.gif,francisco-jose-conde-lopez,97457.92
deputy_350_assets_000342_000_e_0001420_20230816.json,PABLO HISPAN IGLESIAS DE USSEL,DIVORCIADO,,23 DE JULIO DE 2023,,Diputado,GRANADA,,,https://twitter.com/HispanPablo,,[],[],[],[],40117.93,"[{""tipo"": ""PISO"", ""situacion"": ""MADRID"", ""fecha_adquisicion"": ""2022"", ""derecho"": ""HERENCIA (12% DE LA PROPIEDAD)""}]",[],[],"[{""tipo"": ""CUENTAS CORRIENTES"", ""saldo"": 600000}]","[{""descripcion"": ""33% DE UNA COMUNIDAD DE BIENES"", ""valor"": 300000}]",[],[],"[{""fecha_adquisicion"": ""2011"", ""descripcion"": ""W VIGUAN""}]","[{""descripcion"": ""PLANES DE PENSIONES"", ""valor"": 40000}]",[],,350,fotos_diputados\deputy_350.jpg,Logo_partidos\deputy_0350.jpg,hemiciclo\hemi_0350_3513.gif,pablo-hispan-iglesias-ussel,
deputy_351_assets_000352_000_e_0002620_20231017.json,MIRIAN GUARDIOLA SALMERON,Divorciada,,23.07.2023,18.09.2023,Diputado,,,,,,"[{""concepto"": ""Renta salarial"", ""euros"": 3678.42}]",[],[],[],14466.13,"[{""clase_y_caracteristicas"": ""Vivienda, piso y garaje (urbana)"", ""situacion"": ""Cieza, Murcia"", ""fecha_adquisicion"": ""2009"", ""derecho_sobre_el_bien"": ""Pleno dominio 50 por ciento en compraventa""}]",[],[],"[{""saldo"": 70000}]",[],[],[],[],[],"[{""prestamo"": ""Préstamo hipotecario BBVA"", ""fecha_concesion"": ""28.07.2009"", ""importe_concedido"": 101612, ""saldo_pendiente"": 64027.92}]",,351,fotos_diputados\deputy_351.jpg,Logo_partidos\deputy_0351.jpg,hemiciclo\hemi_0351_3409.gif,mirian-guardiola-salmeron,91261.66
deputy_352_assets_000350_000_e_0001781_20230919.json,Ignasi Conesa Coma,Casado,Separacion de bienes,23 de julio de 2023,19 de septiembre de 2023,Diputado,Barcelona,,,,,"[{""concepto"": ""Salario"", ""euros"": 60907.51}, {""concepto"": ""Trienios"", ""euros"": 247.95}]",[],[],[],14762.56,"[{""clase"": ""piso"", ""situacion"": ""Barcelona"", ""fecha_adquisicion"": ""1992"", ""derecho_y_titulo"": ""separación de bienes/compraventa""}, {""clase"": ""piso"", ""situacion"": ""Tarragona"", ""fecha_adquisicion"": ""2014"", ""derecho_y_titulo"": ""separación de bienes/compraventa""}, {""clase"": ""plaza aparcamiento"", ""situacion"": ""Barcelona"", ""fecha_adquisicion"": ""1992"", ""derecho_y_titulo"": ""separación de bienes/compraventa""}, {""clase"": ""plaza aparcamiento"", ""situacion"": ""Barcelona"", ""fecha_adquisicion"": ""2007"", ""derecho_y_titulo"": ""separación de bienes/compraventa""}, {""clase"": ""plaza aparcamiento"", ""situacion"": ""Tarragona"", ""fecha_adquisicion"": ""2014"", ""derecho_y_titulo"": ""separación de bienes/compraventa""}, {""clase"": ""Trastero"", ""situacion"": ""Tarragona"", ""fecha_adquisicion"": ""2014"", ""derecho_y_titulo"": ""separación de bienes/compraventa""}]",[],[],"[{""tipo"": ""cuentas corrientes y fondo inversion"", ""saldo"": 61769.29}]",[],[],[],"[{""fecha_adquisicion"": ""2021"", ""descripcion"": ""Mercedes GLA200D""}]","[{""descripcion"": ""Microcrédito al PSOE"", ""valor"": 5000}]","[{""descripcion"": ""Crédito hipotecario Caixa Bank"", ""fecha_concesion"": ""2014"", ""importe_concedido"": 120000, ""saldo_pendiente"": 83089.52}]",,352,fotos_diputados\deputy_352.jpg,Logo_partidos\deputy_0352.jpg,hemiciclo\hemi_0352_4706.gif,ignasi-conesa-coma,91261.66
deputy_353_assets_000353_000_e_0004931_20231128.json,JOSE LOSADA FERNÁNDEZ,CASADO,GANANCIALES,23/07/2023,28/11/2023,Diputado,SEVILLA,,https://www.instagram.com/pepelosada/,https://twitter.com/pepelosadaf,,"[{""concepto"": ""LAS PROPIAS DE MI CONDICIÓN DE DIPUTADO HASTA MAYO DE 2.023"", ""euros"": null}, {""concepto"": ""RETRIBUCIONES PROPIAS DE MAESTRO FUNCIONARIO DE LA JUNTA DE ANDALUCIA (JULIO - NOVIEMBRE 2.023)"", ""euros"": ""3.716,94 € brutos/mes""}]",[],[],"[{""concepto"": ""Explotación agrícola familiar"", ""euros"": ""3.464,62""}, {""concepto"": ""Subvención reglada PAC agricultura"", ""euros"": ""3.254,49""}]",15756.62,"[{""clase_y_caracteristicas"": ""VIVIENDA"", ""situacion"": ""SEVILLA"", ""fecha_adquisicion"": ""01/07/1996"", ""derecho_sobre_el_bien"": ""GANANCIAL"", ""titulo_adquisicion"": ""COMPRAVENTA""}]",[],[],"[{""descripcion"": ""Tres cuentas corrientes en diferentes entidades bancarias"", ""saldo"": ""45.239""}]",[],[],[],"[{""fecha_adquisicion"": ""2016"", ""descripcion"": ""Vehículo Nissan Qashqai Doi""}, {""fecha_adquisicion"": ""2019"", ""descripcion"": ""Vehículo Susuki Swift 1,3""}]","[{""descripcion"": ""Plan de Pensiones"", ""valor"": ""13.260,76""}]",[],,353,fotos_diputados\deputy_353.jpg,Logo_partidos\deputy_0353.jpg,hemiciclo\hemi_0353_1818.gif,jose-losada-fernandez,91261.66
deputy_353_assets_000353_001_e_0054218_20250122.json,JOSÉ LOSADA FERNÁNDEZ,Casado,Gananciales,23/07/2023,28/11/2023,Diputado,SEVILLA,,https://www.instagram.com/pepelosada/,https://twitter.com/pepelosadaf,,[],[],[],[],,[],[],[],[],[],[],[],"[{""fecha_adquisicion"": ""2024"", ""descripcion"": ""Vehículo Audi Q3""}]",[],"[{""descripcion"": ""PRESTAMO ADQUISICIÓN VEHÍCULO LA CAIXA"", ""fecha_concesion"": ""21/10/2024"", ""importe_concedido"": 20000, ""saldo_pendiente"": null}]",POR ADQUISICIÓN DE VEHÍCULO SEGUNDA MANO,353,fotos_diputados\deputy_353.jpg,Logo_partidos\deputy_0353.jpg,hemiciclo\hemi_0353_1818.gif,jose-losada-fernandez,91261.66
deputy_354_assets_000354_000_e_0004933_20231128.json,JUAN ANTONIO LORENZO CAZORLA,CASADO,GANANCIALES,23 JULIO 2023,28 NOVIEMBRE 2023,Diputado,ALMERIA,,,https://twitter.com/j_antoniol_c,,"[{""procedencia"": ""NOMINA PARLAMENTO DE ANDALUCIA"", ""concepto"": ""Percepciones netas de tipo salarial, sueldos, honorarios, aranceles y otras retribuciones"", ""euros"": 60201}]",[],[],[],15539.68,"[{""clase_y_caracteristicas"": ""VIVIENDA, PISO 90 M2 CON GARAJE"", ""situacion"": ""ALMERIA"", ""fecha_adquisicion"": ""AÑO 2019"", ""derecho_sobre_el_bien"": ""COMPRAVENTA, GANANCIAL""}, {""clase_y_caracteristicas"": ""VIVIENDA, PISO 150 M2 CON GARAJE"", ""situacion"": ""SERON (ALMERIA)"", ""fecha_adquisicion"": ""AÑO 1993"", ""derecho_sobre_el_bien"": ""HERENCIA, GANANCIAL""}]","[{""clase_y_caracteristicas"": ""ALMACEN AGRICOLA"", ""situacion"": ""SERON (ALMERIA)"", ""fecha_adquisicion"": ""AÑO 2009"", ""derecho_sobre_el_bien"": ""COMPRAVENTA, GANANCIAL""}]",[],"[{""descripcion"": ""AHORRO, CUENTA CORRIENTE, CUENTA COMUN CON MI PAREJA"", ""saldo"": 35900}]",[],[],[],"[{""fecha_adquisicion"": ""AÑO 2011"", ""descripcion"": ""VEHICULO. TOYOTA LAND CRUISER""}, {""fecha_adquisicion"": ""AÑO 2020"", ""descripcion"": ""VEHICULO. MINI ONE""}, {""fecha_adquisicion"": ""AÑO 2023"", ""descripcion"": ""VEHICULO. MERCEDES GLC""}]",[],[],,354,fotos_diputados\deputy_354.jpg,Logo_partidos\deputy_0354.jpg,hemiciclo\hemi_0354_1612.gif,juan-antonio-lorenzo-cazorla,91261.66
deputy_355_assets_000355_000_e_0005732_20231205.json,Javier Rodríguez Palacios,Pareja de Hecho,Separación de bienes,23 de julio de 2023,5 de diciembre de 2023,Diputado,Madrid,,,https://twitter.com/javiRpalacios,,"[{""concepto"": ""Salario de Alcalde Presidente del Excelentísimo Ayuntamiento de Alcalá de Henares (IRPF 2022)"", ""euros"": ""72.060,14""}]","[{""concepto"": ""Rendimientos de capital (IRPF 2022)"", ""euros"": ""924,18""}]","[{""concepto"": ""Rendimientos de capital (IRPF 2022)"", ""euros"": ""924,18""}]",[],15238.04,"[{""clase_y_caracteristicas"": ""Vivienda habitual"", ""situacion"": ""Alcalá de Henares (Madrid)"", ""fecha_adquisicion"": ""2003"", ""derecho_sobre_el_bien"": ""Pleno dominio por compraventa a un particular""}]",[],[],"[{""tipo"": ""Cuenta a la vista"", ""saldo"": ""65.359,70"", ""fecha"": ""30/11/2023""}]","[{""descripcion"": ""Cartera Gestionada por entidad de crédito"", ""valor"": ""129.941,17"", ""fecha"": ""27/11/2023""}, {""descripcion"": ""Fondo de inversión"", ""valor"": ""9.801,48"", ""fecha"": ""27/11/2023""}, {""descripcion"": ""Planes de pensiones con entidad de crédito"", ""valor"": ""90.894,24"", ""fecha"": ""27/11/2023""}, {""descripcion"": ""Renta variable acciones"", ""valor"": ""26.346,64"", ""fecha"": ""27/11/2023""}, {""descripcion"": ""Renta Fija emisiones entidad de crédito"", ""valor"": ""99.250,00"", ""fecha"": ""27/11/2023""}]",[],[],"[{""fecha_adquisicion"": ""2008"", ""descripcion"": ""vehículo automóvil turismo""}]",[],"[{""prestamo"": ""Préstamo hipotecario sobre vivienda habitual"", ""fecha_concesion"": ""2002"", ""importe_concedido"": ""138.233"", ""saldo_pendiente"": ""20.074,32"", ""fecha_saldo"": ""a noviembre 2023""}]",,355,fotos_diputados\deputy_355.jpg,Logo_partidos\deputy_0355.jpg,hemiciclo\hemi_0355_1404.gif,javier-rodriguez-palacios,76049.12
deputy_356_assets_000366_000_e_0006667_20231220.json,HANA JALLOUL MURO,Casada,gananciales,23 de Julio 2023,5 diciembre 2023,Diputado,MADRID,,,,,"[{""procedencia"": ""Universidad Carlos 3 de Madrid. uc3m"", ""concepto"": ""Percepciones netas de tipo salarial"", ""euros"": 354.0}, {""procedencia"": ""Diputada Asamblea de Madrid 2021-2023"", ""concepto"": ""Percepciones netas de tipo salarial"", ""euros"": 3734.64}]",[],[],"[{""procedencia"": ""Arrendamiento de vivienda"", ""concepto"": ""Arrendamiento de vivienda"", ""euros"": 950.0}, {""procedencia"": null, ""concepto"": null, ""euros"": 9047.8}]",9047.8,[],[],[],"[{""descripcion"": ""Tres cuentas corrientes en la misma entidad bancaria"", ""saldo"": 7000.0}]",[],[],[],[],"[{""descripcion"": ""BBVA SEGUROS"", ""valor"": 50000.0}]","[{""descripcion"": ""PRESTAMO PERSONAL BBVA"", ""fecha_concesion"": ""01-04-2019"", ""importe_concedido"": 33500.0, ""saldo_pendiente"": 19000.0}]",,356,fotos_diputados\deputy_356.jpg,Logo_partidos\deputy_0356.jpg,,hana-jalloul-muro,131129.3
deputy_356_assets_000366_002_e_0031368_20240621.json,HANA JALLOUL MURO,CASADA,GANANCIALES,23 JULIO 2023,5 DICIEMBRE 2023,Diputado,MADRID,,,,,[],[],[],"[{""concepto"": ""Arrendamiento de vivienda"", ""euros"": ""950,00 mensual""}]",18850.02,[],[],[],"[{""tipo"": ""Tres cuentas corrientes en la misma entidad bancaria"", ""saldo"": ""7.000""}]",[],[],[],[],"[{""descripcion"": ""BBVA SEGUROS"", ""valor"": ""50.000""}]","[{""prestamo"": ""PRESTAMO PERSONAL BBVA"", ""fecha_concesion"": ""01/04/2019"", ""importe_concedido"": ""20.500"", ""saldo_pendiente"": ""8.863""}, {""prestamo"": ""RESTAMO PERSONAL BBVA"", ""fecha_concesion"": ""04/05/2021"", ""importe_concedido"": ""6.000"", ""saldo_pendiente"": ""4.269,76""}, {""prestamo"": ""RESTAMO PERSONAL BBVA"", ""fecha_concesion"": ""29/08/2022"", ""importe_concedido"": ""7.000"", ""saldo_pendiente"": ""5.902,03""}]",,356,fotos_diputados\deputy_356.jpg,Logo_partidos\deputy_0356.jpg,,hana-jalloul-muro,131129.3
deputy_357_assets_000359_000_e_0006621_20231219.json,VICTOR JULIAN GUTIERREZ SANTIAGO,SOLTERO,,23 de julio de 2023,5 de diciembre de 2023,Diputado,Madrid,,,,,"[{""concepto"": ""Secretario políticas LGTBI de la Comisión Ejecutiva Federal del PSOE"", ""euros"": 49845.8}, {""concepto"": ""Allianz: Conferencia Visibilidad LGTBI en la Empresa"", ""euros"": 2275.0}, {""concepto"": ""Asociación de Gestores del Deporte de Extremadura: Conferencia visibilidad LGTBI"", ""euros"": 425.0}, {""concepto"": ""Onza Entertainment SL (Pasapalabra)"", ""euros"": 1842.72}]",[],[],[],25232.35,[],[],[],"[{""tipo"": ""Cuentas corrientes"", ""saldo"": 44130.0, ""fecha"": ""29/12/2023""}, {""tipo"": ""Fondo de inversión"", ""saldo"": 17188.27, ""fecha"": ""29/12/2023""}]",[],[],[],"[{""fecha_adquisicion"": ""Febrero 2011"", ""descripcion"": ""Vehículo de mi propiedad Honda Civic 1.8 I Vtec""}]",[],[],,357,fotos_diputados\deputy_357.jpg,Logo_partidos\deputy_0357.jpg,hemiciclo\hemi_0357_1305.gif,victor-julian-gutierrez-santiago,
deputy_358_assets_000365_000_e_0006665_20231220.json,Alba Soldevilla Novials,Soltera,,23/07/2023,,Diputado,,https://www.facebook.com/alba.soldevillanovials,https://www.instagram.com/alba.solnov/,https://twitter.com/albasn,,"[{""descripcion"": ""Sueldo neto"", ""concepto"": ""Percepciones netas de tipo salarial, sueldos, honorarios, aranceles y otras retribuciones"", ""euros"": 31989.18}]",[],[],[],6734.47,[],[],[],"[{""descripcion"": ""Cuentas corrientes y de ahorro en Caixabank e ING"", ""saldo"": 26773.75, ""fecha_saldo"": ""08/12/2023""}]","[{""descripcion"": ""Pagarés Grifols"", ""valor"": 11538.48}, {""descripcion"": ""Microcrédits PSC"", ""valor"": 6250}]",[],[],"[{""fecha_adquisicion"": ""Febrero 2012"", ""descripcion"": ""Vehículo Dacia Sandero de segunda mano""}]",[],[],,358,fotos_diputados\deputy_358.jpg,Logo_partidos\deputy_0358.jpg,hemiciclo\hemi_0358_4605.gif,alba-soldevilla-novials,91261.66
deputy_359_assets_000362_000_e_0006659_20231220.json,ASUNCIÓN ESTHER RODRÍGUEZ SUÁREZ,SOLTERA,,23 julio 2023,12 diciembre 2023,Diputado,SANTA CRUZ DE TENERIFE,,,,,"[{""concepto"": ""Sueldos"", ""euros"": 29672.22}]",[],[],[],4248.41,"[{""clase"": ""PISO"", ""situacion"": ""S/C. TENERIFE"", ""fecha_adquisicion"": ""2004 OCTUBRE"", ""derecho"": ""Pleno dominio"", ""titulo_adquisicion"": ""compra venta""}]",[],[],"[{""entidad"": ""BBVA"", ""tipo"": ""Cuentas de ahorro"", ""participacion"": ""50%"", ""saldo"": 14095.76}, {""entidad"": ""Caixabank"", ""tipo"": ""Cuentas de ahorro"", ""participacion"": ""50%"", ""saldo"": 11024.92}]",[],[],[],"[{""fecha_adquisicion"": ""julio 2009"", ""descripcion"": ""Nissan Qashqai""}]",[],"[{""descripcion"": ""Prestamo hipotecario CAIXABANK"", ""fecha_concesion"": ""20 oct 2024"", ""importe_concedido"": 59600.0, ""saldo_pendiente"": 3452.44}]",,359,fotos_diputados\deputy_359.jpg,Logo_partidos\deputy_0359.jpg,hemiciclo\hemi_0359_4701.gif,asuncion-esther-rodriguez-suarez,
deputy_360_assets_000367_000_e_0006669_20231220.json,ZAIDA CANTERA DE CASTRO,CASADA,SEPARACIÓN DE BIENES,23 DE JULIO DE 2023,12 DICIEMBRE DE 2023,Diputado,MADRID,,,,,[],[],[],[],12490.74,"[{""clase"": ""VIVIENDA HABITUAL (PISO)"", ""situacion"": ""MADRID"", ""fecha_adquisicion"": ""FEB2018"", ""derecho"": ""50% GANACIALES""}, {""clase"": ""GARAJE"", ""situacion"": ""MADRID"", ""fecha_adquisicion"": ""FEB2018"", ""derecho"": ""50% GANACIALES""}, {""clase"": ""TRASTERO"", ""situacion"": ""MADRID"", ""fecha_adquisicion"": ""FEB2018"", ""derecho"": ""50% GANACIALES""}, {""clase"": ""VIVIENDA (RURAL)"", ""situacion"": ""MADRID"", ""fecha_adquisicion"": ""2022"", ""derecho"": ""50% NUDA PROPIEDAD HERENCIA""}, {""clase"": ""VIVIENDA"", ""situacion"": ""MADRID"", ""fecha_adquisicion"": ""2023"", ""derecho"": ""100% HERENCIA""}]",[],[],"[{""nombre"": ""CUENTA PLAN AHORRO FÁCIL"", ""saldo"": ""14.705.00€"", ""porcentaje"": ""50%""}, {""nombre"": ""CUENTA OK PLUS"", ""saldo"": ""2.048.00€"", ""porcentaje"": ""50%""}, {""nombre"": ""CUENTA NÓMINA"", ""saldo"": ""200€"", ""porcentaje"": null}, {""nombre"": ""CUENTA NO CUENTA"", ""saldo"": ""100€"", ""porcentaje"": ""50%""}]",[],[],[],"[{""fecha_adquisicion"": ""2008"", ""descripcion"": ""PEUGEOT 308""}]","[{""descripcion"": ""MICROCRÉDITO PSOE"", ""valor"": ""1000""}, {""descripcion"": ""MICROCRÉDITO PSOE"", ""valor"": ""500""}]",[],,360,fotos_diputados\deputy_360.jpg,Logo_partidos\deputy_0360.jpg,,zaida-cantera-castro,
deputy_360_assets_000367_002_e_0075702_20250711.json,Zaida Cantera de Castro,Casada,Separación de bienes,23 julio 2023,12 diciembre 2023,Diputado,Madrid,,,,,[],[],[],[],,[],[],[],"[{""tipo"": ""PLAN DE AHORRO FÁCIL"", ""saldo"": 21705.4, ""porcentaje"": 50}, {""tipo"": ""CUENTA AHORRO"", ""saldo"": 3240.26, ""porcentaje"": 50}, {""tipo"": ""CUENTA NÓMINA"", ""saldo"": 1200, ""porcentaje"": null}, {""tipo"": ""CUENTA NO CUENTA"", ""saldo"": 120.93, ""porcentaje"": 50}]",[],[],[],[],[],[],Me remito en todos los apartados no cumplimentados a las declaraciones presentadas con anterioridad.,360,fotos_diputados\deputy_360.jpg,Logo_partidos\deputy_0360.jpg,,zaida-cantera-castro,
deputy_361_assets_000363_000_e_0006661_20231220.json,MARÍA ISABEL MORENO FERNÁNDEZ,SOLTERA,,23 julio 23,12 diciembre 2023,Diputado,CÁDIZ,,,,,"[{""procedencia"": ""Diputación de Cádiz"", ""concepto"": ""Percepciones netas de tipo salarial, sueldos, honorarios, aranceles y otras retribuciones"", ""euros"": 42173.29}, {""procedencia"": ""Junta de Andalucía"", ""concepto"": ""Percepciones netas de tipo salarial, sueldos, honorarios, aranceles y otras retribuciones"", ""euros"": 54456.88}, {""procedencia"": ""Instituto Nacional de la Seguridad Social"", ""concepto"": ""Percepciones netas de tipo salarial, sueldos, honorarios, aranceles y otras retribuciones"", ""euros"": 7034.44}]",[],[],"[{""concepto"": ""OTRAS rentas o percepciones de cualquier clase"", ""euros"": 7752.14}]",7752.14,"[{""clase"": ""Vivienda"", ""situacion"": ""Cádiz"", ""fecha_adquisicion"": ""2008"", ""derecho"": ""50% compra venta""}]",[],[],"[{""tipo"": ""CUENTA CORRIENTE EN CAIXABANK"", ""saldo"": 6322.45}]",[],[],[],"[{""fecha_adquisicion"": ""Noviembre 2022"", ""descripcion"": ""Land Rover Evoque""}]",[],"[{""prestamo"": ""Hipotecario CAIXABANK"", ""fecha_concesion"": ""2008"", ""importe_concedido"": 100000, ""saldo_pendiente"": 30300.06}]",,361,fotos_diputados\deputy_361.jpg,Logo_partidos\deputy_0361.jpg,hemiciclo\hemi_0361_1816.gif,maria-isabel-moreno-fernandez,92982.19
deputy_362_assets_000358_000_e_0006619_20231219.json,VICTOR JAVIER RUIZ DE DIEGO,CASADO,Separación de Bienes (NOTARIAL),23 de julio de 2023,12 diciembre de 2023,Senador,ZARAGOZA,https://www.facebook.com/VictorRuizdeDiego,https://www.instagram.com/victorruizdediego/,https://twitter.com/RuizdeDiego3000,,"[{""procedencia"": ""AYUNTAMIENTO DE CALATAYUD (Zaragoza)"", ""concepto"": ""Dietas Asistencia como Concejal"", ""euros"": 8000}, {""procedencia"": ""ABOGACÍA"", ""concepto"": ""Ejercicio libre"", ""euros"": 9000}]","[{""procedencia"": ""CAJA RURAL ARAGÓN (BANTIERRA)"", ""concepto"": ""Participación capital social"", ""euros"": 3.0}]","[{""procedencia"": ""IBERCAJA y BANTIERRA"", ""concepto"": ""Intereses Cuentas"", ""euros"": 400}]",[],17474.88,"[{""clase"": ""PISO"", ""situacion"": ""ZARAGOZA"", ""fecha_adquisicion"": ""2009"", ""derecho"": ""Pleno dominio"", ""titulo_adquisicion"": ""COMPRAVENTA""}, {""clase"": ""PISO"", ""situacion"": ""ZARAGOZA"", ""fecha_adquisicion"": ""1994"", ""derecho"": ""Pleno dominio"", ""titulo_adquisicion"": ""COMPRAVENTA""}, {""clase"": ""LOCAL COMERCIAL"", ""situacion"": ""ZARAGOZA"", ""fecha_adquisicion"": ""2000"", ""derecho"": ""1/2 Pleno dominio"", ""titulo_adquisicion"": ""COMPRAVENTA""}, {""clase"": ""PISO"", ""situacion"": ""ZARAGOZA"", ""fecha_adquisicion"": ""1998"", ""derecho"": ""1/2 Nuda Propiedad"", ""titulo_adquisicion"": ""HERENCIA""}]",[],[],"[{""descripcion"": ""3 CUENTAS CORRIENTES EN DIFERENTES ENTIDADES (IBERCAJA y BANTIERRA)"", ""saldo"": 100000.0}]","[{""descripcion"": ""ACCIÓN CAJA RURAL ARAGÓN (BANTIERRA)"", ""valor"": 60.0}]","[{""descripcion"": ""5% Sociedad ASESORÍA EXTRA, S.L."", ""valor"": 150.0}]",[],"[{""fecha_adquisicion"": ""14/08/2014"", ""descripcion"": ""RENAULT MEGANE SCÉNIC""}]","[{""descripcion"": ""PLAN DE PENSIONES IBERCAJA"", ""valor"": 17000.0}, {""descripcion"": ""MUTUALIDAD ABOGACÍA"", ""valor"": 16800.0}, {""descripcion"": ""MICROCRÉDITO AL PSOE"", ""valor"": 500.0}]","[{""descripcion"": ""PRESTAMO HIPOTECARIO VIVIENDA (IBERCAJA)"", ""fecha_concesion"": ""15/05/2009"", ""importe_concedido"": 203000.0, ""saldo_pendiente"": 125000.0}]",,362,fotos_diputados\deputy_362.jpg,Logo_partidos\deputy_0362.jpg,hemiciclo\hemi_0362_4604.gif,victor-javier-ruiz-diego,
deputy_362_assets_000358_001_e_0041818_20240925.json,VICTOR JAVIER RUIZ DE DIEGO,Casado,Separación de Bienes (Notarial),23 de julio de 2023,12 de diciembre de 2023,Diputado,,https://www.facebook.com/VictorRuizdeDiego,https://www.instagram.com/victorruizdediego/,https://twitter.com/RuizdeDiego3000,,"[{""procedencia"": ""SENADO"", ""concepto"": ""Hasta 16/8/2023"", ""euros"": ""Ya declarado en la web del SENADO""}, {""procedencia"": ""CONGRESO DIPUTADOS"", ""concepto"": ""desde 12/12/2023 a 31/12/2023"", ""euros"": ""Ya declarado en la web del Congreso""}, {""procedencia"": ""AYUNTAMIENTO DE CALATAYUD"", ""concepto"": ""Hasta cambio de Corporación en 2023"", ""euros"": ""4.000,00""}, {""procedencia"": ""ABOGACÍA"", ""concepto"": ""Ejercicio libre"", ""euros"": ""6.000,00""}]","[{""procedencia"": ""CAJA RURAL DE ARAGÓN (BANTIERRA)"", ""concepto"": ""Participación capital social"", ""euros"": ""3,00""}]","[{""procedencia"": ""IBERCAJA y BANTIERRA"", ""concepto"": ""Intereses Cuentas"", ""euros"": ""1.000""}]",[],7250.3,"[{""clase"": ""PISO"", ""situacion"": ""ZARAGOZA"", ""fecha_adquisicion"": ""2009"", ""derecho"": ""100 Pleno dominio"", ""titulo_adquisicion"": ""COMPRAVENTA""}, {""clase"": ""PISO"", ""situacion"": ""ZARAGOZA"", ""fecha_adquisicion"": ""1994"", ""derecho"": ""100 Pleno dominio"", ""titulo_adquisicion"": ""COMPRAVENTA""}, {""clase"": ""LOCAL COMERCIAL"", ""situacion"": ""ZARAGOZA"", ""fecha_adquisicion"": ""2000"", ""derecho"": ""50% Pleno dominio"", ""titulo_adquisicion"": ""COMPRAVENTA""}, {""clase"": ""PISO"", ""situacion"": ""ZARAGOZA"", ""fecha_adquisicion"": ""2024"", ""derecho"": ""50% Pleno dominio"", ""titulo_adquisicion"": ""HERENCIA""}, {""clase"": ""PISO"", ""situacion"": ""ZARAGOZA"", ""fecha_adquisicion"": ""2024"", ""derecho"": ""50% Pleno dominio"", ""titulo_adquisicion"": ""HERENCIA""}, {""clase"": ""LOCAL y CORRAL CERRADO"", ""situacion"": ""ZARAGOZA"", ""fecha_adquisicion"": ""2024"", ""derecho"": ""12,50% Pleno dominio"", ""titulo_adquisicion"": ""HERENCIA""}]",[],[],"[{""descripcion"": ""3 CUENTAS CORRIENTES EN DIFERENTES ENTIDADES (IBERCAJA y BANTIERRA)"", ""saldo"": ""120.000,00""}, {""descripcion"": ""1 CUENTA CORRIENTE EN IBERCAJA (DERIVADA DE HERENCIA)"", ""saldo"": ""220.000,00""}]","[{""descripcion"": ""ACCION CAJA RURAL ARAGON (BANTIERRA)"", ""valor"": ""60,00""}]","[{""descripcion"": ""5% Sociedad ASESORIA EXTRA, S. L."", ""valor"": ""150,00""}]",[],"[{""fecha_adquisicion"": ""10/8/2024"", ""descripcion"": ""RENAULT CAPTUR""}]","[{""descripcion"": ""PLAN PENSIONES IBERCAJA"", ""valor"": null}, {""descripcion"": ""MUTUALIDAD ABOGACÍA"", ""valor"": ""17.100,00""}, {""descripcion"": ""MICROCRÉDITO AL PSOE"", ""valor"": ""16.900,00""}]","[{""descripcion"": ""PRESTAMO HIPOTECARIO VIVIENDA HABITUAL (IBERCAJA)"", ""fecha_concesion"": ""15/05/2009"", ""importe_concedido"": ""203.000,00"", ""saldo_pendiente"": ""120.000""}]",La presente declaración se realiza: - Para actualizar datos IRPF 2023. - Para comunicar adquisición de un vehículo (por venta del anterior). - Comunicar la actualización de mis bienes como consecuencia de herencia.,362,fotos_diputados\deputy_362.jpg,Logo_partidos\deputy_0362.jpg,hemiciclo\hemi_0362_4604.gif,victor-javier-ruiz-diego,
deputy_363_assets_000361_000_e_0006625_20231219.json,ALBERTO MAYORAL DE LAMO,CASADO,SEPARACIÓN DE BIENES,23/07/23,12/12/23,Diputado,CÓRDOBA,,,https://twitter.com/AlbMayoral,,"[{""concepto"": ""SALARIO ASISTENTE GRUPO PARLAMENTARIO SOCIALISTA HASTA DICIEMBRE 2023"", ""euros"": 1562.88}, {""concepto"": ""SALARIO COORDINADOR SECRETARÍA GENERAL GRUPO PARLAMENTARIO SOCIALISTA HASTA SEPTIEMBRE 2023"", ""euros"": 3104.67}]",[],[],[],,"[{""clase_y_caracteristicas"": ""PISO +2 APARCAMIENTOS + 2 TRASTEROS"", ""situacion"": ""CÓRDOBA"", ""fecha_adquisicion"": ""11/2016"", ""derecho_sobre_el_bien"": ""PLENO DOMINIO COMPRAVENTA""}]",[],[],"[{""descripcion"": ""3 CUENTAS CORRIENTES + PLAN DE PENSIONES"", ""saldo"": 5802.82}]",[],[],[],"[{""fecha_adquisicion"": ""7/2022"", ""descripcion"": ""VEHÍCULO""}]",[],"[{""prestamo"": ""PRÉSTAMO HIPOTECARIO CAIXABANK"", ""fecha_concesion"": ""23/11/2016"", ""importe_concedido"": 123000, ""saldo_pendiente"": 94619.23}, {""prestamo"": ""PRÉSTAMO VEHÍCULO VOLKSWAGEN FINACIAL SERVICES"", ""fecha_concesion"": ""31/07/2022"", ""importe_concedido"": 14000, ""saldo_pendiente"": 10160}, {""prestamo"": ""CARTA DE DEUDA CONVISUR 12000 €"", ""fecha_concesion"": null, ""importe_concedido"": null, ""saldo_pendiente"": null}]",,363,fotos_diputados\deputy_363.jpg,Logo_partidos\deputy_0363.jpg,hemiciclo\hemi_0363_1613.gif,alberto-mayoral-lamo,
deputy_364_assets_000360_000_e_0006623_20231219.json,VÍCTOR CAMINO MIÑANA,SOLTERO,,23 DE JULIO DE 2023,12 DE DICIEMBRE DE 2023,Diputado,VALÈNCIA,,https://www.instagram.com/victorcaminovlc/,https://twitter.com/VictorCaminoVlc,,"[{""concepto"": ""RENDIMIENTO DEL TRABAJO 2022"", ""euros"": ""33.180,29""}]",[],[],[],6828.1,[],[],[],"[{""saldo"": ""44.292,01""}]",[],[],[],[],[],[],,364,fotos_diputados\deputy_364.jpg,Logo_partidos\deputy_0364.jpg,hemiciclo\hemi_0364_1401.gif,victor-camino-minana,91261.66
deputy_365_assets_000364_000_e_0006663_20231220.json,CRISTINA LÓPEZ ZAMORA,SOLTERA,,23 JULIO 2023,12 DICIEMBRE 2023,Diputado,CIUDAD REAL,,,https://twitter.com/crislopezzamora,,"[{""procedencia"": ""JCCM - DELEGADA PROVINCIAL DSO CR"", ""concepto"": ""NÓMINA NOVIEMBRE"", ""euros"": 3400.36}]",[],[],[],11077.34,"[{""clase"": ""PISO CON PLAZA DE GARAJE Y TRASTERO"", ""situacion"": ""CIUDAD REAL"", ""fecha_adquisicion"": ""2010"", ""derecho"": ""PLENO DOMINIO"", ""titulo_adquisicion"": ""COMPRAVENTA""}]",[],[],"[{""tipo"": ""CUENTA CORRIENTE"", ""saldo"": 74181.59}]",[],[],[],"[{""fecha_adquisicion"": ""2007"", ""descripcion"": ""SEAT IBIZA""}]","[{""descripcion"": ""SEGURO DE VIDA"", ""valor"": 71000}, {""descripcion"": ""PRÉSTAMO ENTRE FAMILIARES (PRÉSTAMO INICIAL 22.000EUROS, PENDIENTE 20.000)"", ""valor"": 20000}]","[{""descripcion"": ""PRÉSTAMO HIPOTECARIO"", ""fecha_concesion"": ""2010"", ""importe_concedido"": 91783.86, ""saldo_pendiente"": 50471.65}]",,365,fotos_diputados\deputy_365.jpg,Logo_partidos\deputy_0365.jpg,hemiciclo\hemi_0365_4805.gif,cristina-lopez-zamora,85645.7
deputy_366_assets_000356_000_e_0006531_20231219.json,JESÚS MAYORAL PÉREZ,Soltero,,23/7/2023,19/12/2023,Diputado,Toledo,,,,,"[{""concepto"": ""Sueldo anual Alcaldía Casarrubios del Monte"", ""euros"": 52404.66}]",[],"[{""concepto"": ""Intereses y rendimientos de cuentas"", ""euros"": 6259.1}]",[],13336.9,[],[],[],"[{""tipo"": ""Plazo fijo"", ""saldo"": 25000}, {""tipo"": ""Cuenta corriente"", ""saldo"": 9263.82}, {""tipo"": ""Fondo de inversión"", ""saldo"": 204225}]",[],"[{""descripcion"": ""Participaciones en acciones de Euro Caja Rural"", ""valor"": 50000, ""fecha"": ""15/12/2023""}]",[],[],[],[],,366,fotos_diputados\deputy_366.jpg,Logo_partidos\deputy_0366.jpg,hemiciclo\hemi_0366_4802.gif,jesus-mayoral-perez,85645.7
deputy_367_assets_000357_000_e_0006617_20231219.json,EMILIA ALMODÓVAR SÁNCHEZ,CASADA,GANANCIALES,23 julio 2023,19 diciembre 2023,Diputado,CÁCERES,,,,,"[{""concepto"": ""SALARIO"", ""euros"": 27334.36}]",[],[],[],3775.94,"[{""clase_y_caracteristicas"": ""SOLAR URBANO"", ""situacion"": ""CÁCERES"", ""fecha_adquisicion"": ""SEPTIEMBRE 2021"", ""derecho_sobre_el_bien"": ""50%"", ""titulo_adquisicion"": ""COMPRAVENTA""}, {""clase_y_caracteristicas"": ""PISO"", ""situacion"": ""BADAJOZ"", ""fecha_adquisicion"": ""JUNIO 2009"", ""derecho_sobre_el_bien"": ""100%"", ""titulo_adquisicion"": ""COMPRAVENTA""}]",[],[],"[{""tipo"": ""CUENTAS CORRIENTES/ AHORRO"", ""saldo"": 8000}]",[],[],[],[],[],"[{""descripcion_y_acreedor"": ""PRÉSTAMO HIPOTECARIO CAIXABANK"", ""fecha_concesion"": ""4-01-2007"", ""importe_concedido"": 57332.72, ""saldo_pendiente"": 32204.08}]",,367,fotos_diputados\deputy_367.jpg,Logo_partidos\deputy_0367.jpg,hemiciclo\hemi_0367_4601.gif,emilia-almodovar-sanchez,91261.66
deputy_368_assets_000370_000_e_0008500_20240118.json,MARÍA TORRES TEJADA,CASADA,GANANCIAL,23/07/2023,09/01/2024,Diputado,,https://www.facebook.com/profile.php?id=1388028726,https://www.instagram.com/maria_torres_tejada/,https://twitter.com/MariaTorresTej,,"[{""procedencia"": ""DIPUTACIÓN PROVINCIAL DE JAÉN"", ""concepto"": null, ""euros"": 14507.55}, {""procedencia"": ""AYUNTAMIENTO DE BAILÉN"", ""concepto"": null, ""euros"": 10463.02}]",[],[],[],0.0,"[{""clase_y_caracteristicas"": ""VIVIENDA Y TRASTERO"", ""situacion"": ""JAEN"", ""fecha_adquisicion"": ""2016"", ""derecho_sobre_el_bien"": ""GANANCIAL"", ""titulo_adquisicion"": ""COMPRAVENTA""}, {""clase_y_caracteristicas"": ""COCHERA"", ""situacion"": ""JAEN"", ""fecha_adquisicion"": ""2016"", ""derecho_sobre_el_bien"": ""GANANCIAL"", ""titulo_adquisicion"": ""COMPRAVENTA""}, {""clase_y_caracteristicas"": ""COCHERA"", ""situacion"": ""JAEN"", ""fecha_adquisicion"": ""2017"", ""derecho_sobre_el_bien"": ""GANANCIAL"", ""titulo_adquisicion"": ""COMPRAVENTA""}]",[],[],"[{""tipo"": ""Cuenta Corriente"", ""saldo"": 59331.73}]",[],[],[],"[{""fecha_adquisicion"": ""2008"", ""descripcion"": ""VEHÍCULO FORD FOCUS""}]","[{""descripcion"": ""MUTUALIDAD DE LA ABOGACÍA"", ""valor"": 1127.46}]",[],"En el apartado de rentas percibidas por el parlamentario, las percepciones netas consignadas corresponden a retribuciones salariales percibidas en el ejercicio 2023. La cantidad pagada por IRPF corresponde a la Declaración de IRPF de 2022",368,fotos_diputados\deputy_368.jpg,Logo_partidos\deputy_0368.jpg,hemiciclo\hemi_0368_2820.gif,maria-torres-tejada,85645.7
deputy_369_assets_000368_000_e_0007832_20240109.json,JOSEP PARÉ AREGALL,SOLTERO,,23 DE JULIO DE 2023,9 DE ENERO DE 2024,Diputado,,https://www.facebook.com/jparegall,https://www.instagram.com/jparegall/,https://twitter.com/jparegall,,"[{""procedencia"": ""URBASER SA"", ""concepto"": ""SALARIO BRUTO ANUAL"", ""euros"": 22537.06}, {""procedencia"": ""AJUNTAMENT DE CENTELLES"", ""concepto"": ""SALARIO BRUTO ANUAL"", ""euros"": 52543.04}, {""procedencia"": ""LOCALRET"", ""concepto"": ""SALARIO BRUTO ANUAL"", ""euros"": 884.0}, {""procedencia"": ""IPSORY SL"", ""concepto"": null, ""euros"": 300.0}]","[{""procedencia"": null, ""concepto"": ""DIVIDENDOS RENTA VARIABLE"", ""euros"": 1782.36}]",[],[],21401.38,"[{""clase"": ""VIVIENDA HABITUAL"", ""situacion"": ""CENTELLES"", ""fecha_adquisicion"": ""2021"", ""derecho"": ""PLENO DOMINIO COMPRAVENTA 55% DECLARANTE""}, {""clase"": ""TERRENO"", ""situacion"": ""CENTELLES"", ""fecha_adquisicion"": ""2009"", ""derecho"": ""PLENO DOMINIO COMPRAVENTA 50% DECLARANTE""}]",[],[],"[{""tipo"": ""CUENTA CORRIENTE"", ""saldo"": 7300.0, ""fecha"": ""8 de enero de 2024""}]","[{""descripcion"": ""SEGUROS DE AHORRO E INVERSIÓN A 8 DE ENERO DE 2024"", ""valor"": 1831.0}, {""descripcion"": ""FONDOS DE INVERSIÓN A 8 DE ENERO DE 2024"", ""valor"": 21495.0}, {""descripcion"": ""PLANES DE PENSIONES"", ""valor"": 26230.0}, {""descripcion"": ""RENTA VARIABLE"", ""valor"": 51785.0}]",[],[],[],[],"[{""descripcion"": ""Préstamo Hipotecario (50%)"", ""fecha_concesion"": ""2021"", ""importe_concedido"": 207000.0, ""saldo_pendiente"": 192557.0}, {""descripcion"": ""Hipoteca abierta (50%)"", ""fecha_concesion"": ""2009"", ""importe_concedido"": 124500.0, ""saldo_pendiente"": 47117.0}, {""descripcion"": ""Préstamo (50%)"", ""fecha_concesion"": ""2022"", ""importe_concedido"": 45000.0, ""saldo_pendiente"": 38041.0}]",,369,fotos_diputados\deputy_369.jpg,Logo_partidos\deputy_0369.jpg,hemiciclo\hemi_0369_4703.gif,josep-pare-aregall,16350.0
deputy_370_assets_000369_000_e_0008387_20240116.json,MARTA BLANCA GRACIA BLANCO,SOLTERA,,23/07/2023,16/01/2024,Diputado,ZARAGOZA,,,,,"[{""concepto"": ""SALARIO"", ""euros"": 52272.48}, {""concepto"": ""PENSIÓN VIUDEDAD"", ""euros"": 5898.02}]",[],"[{""concepto"": ""rendimientos de depósitos"", ""euros"": 19.61}]",[],,"[{""clase"": ""PISO"", ""situacion"": ""LA ALMUNIA (ZARAGOZA)"", ""fecha_adquisicion"": ""05/08/2021"", ""derecho"": ""25% HERENCIA PLENO DOMINIO""}, {""clase"": ""PARCELA URBANA"", ""situacion"": ""LA ALMUNIA (ZARAGOZA)"", ""fecha_adquisicion"": ""05/08/2021"", ""derecho"": ""50 % HERENCIA PLENO DOMINIO""}]","[{""clase"": ""PARCELA RÚSTICA"", ""situacion"": ""GALLOCANTA (ZARAGOZA)"", ""fecha_adquisicion"": ""02/03/2007"", ""derecho"": ""Suscripción de participaciones de LA S.L.TITULAR (DELICIAS)""}]",[],"[{""tipo"": ""CUENTA CORRIENTE"", ""saldo"": 26727}, {""tipo"": ""LIBRETA DE AHORRO"", ""saldo"": 26727}]",[],"[{""descripcion"": ""PARTICIPACIONES EN DELICIAS FORESTALES LA PEÑUELA, S.L. VALOR DE LA APORTACIÓN SEGÚN ESCRITURA DE CONSTITUCIÓN DE LA SOCIEDAD"", ""valor"": 4637}]",[],"[{""fecha_adquisicion"": ""05/08/2021"", ""descripcion"": ""CITROEN C3""}, {""fecha_adquisicion"": ""19/11/2013"", ""descripcion"": ""HONDA CRV""}]",[],"[{""prestamo"": ""Hipoteca (Avalista). Acreedor. Titular fallecido (Pareja de hecho de la declarante) IBERCAJA"", ""fecha_concesion"": ""30/07/2008"", ""importe_concedido"": 224603, ""saldo_pendiente"": 108000}]",,370,fotos_diputados\deputy_370.jpg,Logo_partidos\deputy_0370.jpg,hemiciclo\hemi_0370_4603.gif,marta-blanca-gracia-blanco,85645.7
deputy_371_assets_000371_000_e_0008921_20240123.json,ROCIO AGUIRRE GIL DE BIEDMA,SOLTERA,,23-7-2023,16-01-2024,Diputado,MADRID,,,,,"[{""concepto"": ""Ingresos como agente de la propiedad inmobiliaria 2022"", ""euros"": ""104.400,64€""}]",[],"[{""concepto"": ""Rendimiento bien inmueble"", ""euros"": ""12.600€""}]",[],33170.34,"[{""clase"": ""Vivienda"", ""situacion"": ""Madrid"", ""fecha_adquisicion"": ""2017"", ""derecho"": ""100% Pleno dominio. Compraventa""}, {""clase"": ""Vivienda"", ""situacion"": ""Madrid"", ""fecha_adquisicion"": ""1988"", ""derecho"": ""10% pleno dominio. Cesión Onerosa""}]","[{""clase"": ""Parcela"", ""situacion"": ""Cádiz"", ""fecha_adquisicion"": ""2016"", ""derecho"": ""100% pleno dominio. Compraventa""}]",[],"[{""tipo"": ""C/C"", ""saldo"": ""1.708,33 €""}]",[],"[{""descripcion"": ""32,71% EXPOBIKE SOLUTIONS S.L"", ""valor"": ""981,41€""}]",[],"[{""fecha_adquisicion"": ""2009"", ""descripcion"": ""Toyota Auris""}, {""fecha_adquisicion"": ""2023"", ""descripcion"": ""Mobile Home Sun roller""}]","[{""valor"": ""13.616€"", ""descripcion"": ""Fondo de Pensiones""}]","[{""descripcion"": ""Prestamo hipotecario Bankinter"", ""fecha_concesion"": ""3-7-2017"", ""importe_concedido"": ""130.000 €"", ""saldo_pendiente"": ""91.277 €""}]",,371,fotos_diputados\deputy_371.jpg,Logo_partidos\deputy_0371.jpg,hemiciclo\hemi_0371_2707.gif,rocio-aguirre-gil-biedma,
deputy_372_assets_000372_000_e_0009914_20240130.json,Candela López Tagliafico,Soltera,,23/07/2023,30/01/2004,Diputado,Barcelona,,https://instagram.com/candelalopezt,https://twitter.com/candelalopezt,,"[{""concepto"": ""Nómina Diputación de Barcelona - a partir de julio 23"", ""euros"": ""31.500 €""}, {""concepto"": ""Dietas Ayuntamiento de Castelldefels - Todos el año"", ""euros"": ""16.800€""}, {""concepto"": ""Nómina Ministerio de Universidad - Mitad de mes de mayo y mitad de mes de junio '23"", ""euros"": ""5.500€""}]",[],[],"[{""concepto"": ""Prestación por permiso de Maternidad - Seguridad Social"", ""euros"": ""13.940,67""}]",32551.92,[],[],[],"[{""descripcion"": ""Cuenta Sabadell - Saldo medio"", ""saldo"": ""60.000 €""}, {""descripcion"": ""Cuenta Caixa Banc 50% - saldo medio"", ""saldo"": ""1.000 €""}]",[],[],[],"[{""fecha_adquisicion"": ""2020"", ""descripcion"": ""Renault Megane""}]",[],[],,372,fotos_diputados\deputy_372.jpg,Logo_partidos\deputy_0372.jpg,hemiciclo\hemi_0372_2403.gif,candela-lopez-tagliafico,85645.7
deputy_373_assets_000373_000_e_0010136_20240131.json,JOSÉ ENRIQUE NÚÑEZ GUIJARRO,CASADO,SEPARACIÓN DE BIENES,23/07/2023,30/01/2024,Diputado,,,,,,"[{""concepto"": ""RENDIMIENTOS DE TRABAJO DE LA ASAMBLEA DE MADRID"", ""euros"": ""29.542 €""}, {""concepto"": ""RENDIMIENTO DE TRABAJO DE LA UNIVERSIDAD COMPLUTENSE DE MADRID"", ""euros"": ""63.990€""}]",[],[],[],42261.92,"[{""clase"": ""PISO"", ""situacion"": ""MADRID"", ""fecha_adquisicion"": ""10/11/2003"", ""derecho"": ""50% PLENO DOMINIO COMPRAVENTA""}, {""clase"": ""PLAZA DE GARAJE"", ""situacion"": ""MADRID"", ""fecha_adquisicion"": ""10/11/2003"", ""derecho"": ""50% PLENO DOMINIO COMPRAVENTA""}]",[],[],"[{""tipo"": ""CUENTA CORRIENTE 50%"", ""saldo"": ""2.700 €""}, {""tipo"": ""CUENTA CORRIENTE 50%"", ""saldo"": ""8.500 €""}]",[],[],[],[],"[{""descripcion"": ""PLAN DE PENSIONES"", ""valor"": ""15.087 €""}]","[{""descripcion"": ""PRESTAMO HIPOTECARIO AL 50%"", ""fecha_concesion"": ""10/11/2003"", ""importe_concedido"": ""480.000 €"", ""saldo_pendiente"": ""105.448 €""}, {""descripcion"": ""PRESTAMO FAMILIAR"", ""fecha_concesion"": ""OCTUBRE/2017"", ""importe_concedido"": ""24.200 €"", ""saldo_pendiente"": ""18.500 €""}]","DEL PRESTAMO HIPOTECARIO SE CONSIGNA LA CANTIDAD TOTAL DEL MISMO, SIENDO TITULAR SOLAMENTE AL 50%.",373,fotos_diputados\deputy_373.jpg,Logo_partidos\deputy_0373.jpg,hemiciclo\hemi_0373_3510.gif,jose-enrique-nunez-guijarro,76049.12
deputy_374_assets_000375_000_e_0010821_20240207.json,EDURNE URIARTE BENGOECHEA,DIVORCIADA,,23/07/2023,30/01/2024,Diputado,MADRID,,,https://twitter.com/edurneuriarte,,"[{""concepto"": ""TRIENIOS COMO CATEDRÁTICA DE UNIVERDAD REFERENTE A LA DECLARACION DE LA RENTA DE 2022"", ""euros"": ""7.091,39€""}, {""concepto"": ""RETRIBUCIONES DINERARIAS POR COLABORACIONES CON MEDIOS DE COMUNICACIÓN, CONFERENCIAS Y LIBROS REFERENTE A LA DECLARACION DE LA RENTA DE 2022"", ""euros"": ""7.800,39€""}]",[],[],[],21598.11,"[{""clase_y_caracteristicas"": ""VIVIENDA UNIFAMILIAR"", ""situacion"": ""VIZCAYA"", ""fecha_de_adquisicion"": ""FECHA DE CONSTRUCCIÓN: 1994"", ""derecho_sobre_el_bien"": ""100% PLENO DOMINIO""}]",[],[],"[{""tipo"": ""SALDO CUENTAS CORRIENTES"", ""saldo"": ""23.200 €""}, {""tipo"": ""PLAN DE PENSIONES"", ""saldo"": ""6.966,31€""}]",[],[],[],"[{""fecha_de_adquisicion"": ""2015"", ""descripcion"": ""FIAT 500""}]",[],"[{""descripcion_y_acreedor"": ""PRESTAMO HIPOTECARIO (SALDO PENDIENTE A ENERO 2024)"", ""fecha_concesion"": ""18/02/2002"", ""importe_concedido"": ""240.405€"", ""saldo_pendiente"": ""11.313,16 €""}]",LA VIVIENDA UNIFAMILIAR ESTÁ CONSTRUIDA EN UN TERRENO DONADO POR MIS PADRES.,374,fotos_diputados\deputy_374.jpg,Logo_partidos\deputy_0374.jpg,hemiciclo\hemi_0374_2714.gif,edurne-uriarte-bengoechea,82245.38
deputy_375_assets_000374_000_e_0010624_20240206.json,JOSÉ MANUEL LAGO PEÑAS,CASADO,GANANCIALES,23 DE JULIO DE 2024,6 DE FEBRERO DE 2024,Diputado,A CORUÑA,,,,,"[{""procedencia"": ""MINISTERIO DE TRABAJO Y ECONOMÍA SOCIAL"", ""concepto"": ""Percepciones netas de tipo salarial, sueldos, honorarios, aranceles y otras retribuciones"", ""euros"": 79630.65}, {""procedencia"": ""CONSEJO DE ADMINISTRACIÓN DE NAVANTIA"", ""concepto"": ""Percepciones netas de tipo salarial, sueldos, honorarios, aranceles y otras retribuciones"", ""euros"": 11993.96}]",[],[],[],30688.79,"[{""clase"": ""PISO CON TRASTERO Y PLAZA DE GARAJE"", ""situacion"": ""A CORUÑA"", ""fecha_adquisicion"": ""1992"", ""derecho"": ""50%"", ""titulo_adquisicion"": ""COMPRAVENTA""}]","[{""clase"": ""CASA"", ""situacion"": ""O INCIO"", ""fecha_adquisicion"": ""2011"", ""derecho"": ""50%"", ""titulo_adquisicion"": ""COMPRAVENTA""}, {""clase"": ""CASA"", ""situacion"": ""O INCIO"", ""fecha_adquisicion"": ""2022"", ""derecho"": ""50%"", ""titulo_adquisicion"": ""COMPRAVENTA""}]",[],"[{""tipo"": ""CUENTA CORRIENTE Y CUENTA DE AHORRO"", ""saldo"": 137329}]",[],[],[],"[{""fecha_adquisicion"": ""2016"", ""descripcion"": ""BMW TOURER (50%)""}]","[{""descripcion"": ""PLAN COLECTIVO CRTVG"", ""valor"": 1747.99}]",[],,375,fotos_diputados\deputy_375.jpg,Logo_partidos\deputy_0375.jpg,hemiciclo\hemi_0375_2307.gif,jose-manuel-lago-penas,91261.66
deputy_376_assets_000376_000_e_0012168_20240220.json,OLVIDO DE LA ROSA BAENA,PAREJA DE HECHO,,23 de julio de 2023,20/02/2024,Diputado,,,,https://twitter.com/olvidodlrosa,,"[{""concepto"": ""NÓMINA COMO DIRECTORA RESIDENCIA EL BALCÓN DE LA ZUBIA"", ""euros"": ""2.200 €""}, {""concepto"": ""NÓMINA COMO VICEPRESIDENTA E LA EXCMA DIPUTACIÓN DE GRANADA"", ""euros"": ""68.427,32€""}]",[],[],"[{""concepto"": ""ALQUILER ATICO TRASTERO MENSUAL"", ""euros"": ""450€""}, {""concepto"": ""ALQUILER PISO MENSUAL 50% DE LA CANTIDAD APORTADA"", ""euros"": ""470€""}]",16849.44,"[{""clase_y_caracteristicas"": ""ATICO TRASTERO"", ""situacion"": ""GRANADA"", ""fecha_adquisicion"": ""10/2018"", ""derecho_sobre_el_bien"": ""PLENO DOMINIO HERENCIA""}, {""clase_y_caracteristicas"": ""PISO"", ""situacion"": ""GRANADA"", ""fecha_adquisicion"": ""03/2009"", ""derecho_sobre_el_bien"": ""PLENO DOMINIO COMPRAVENTA 50%""}, {""clase_y_caracteristicas"": ""CASA PAREADA"", ""situacion"": ""GRANADA"", ""fecha_adquisicion"": ""11/2018"", ""derecho_sobre_el_bien"": ""PLENO DOMINIO COMPRAVENTA 50%""}, {""clase_y_caracteristicas"": ""SOLAR DE 251 METROS"", ""situacion"": ""GRANADA"", ""fecha_adquisicion"": ""10/2018"", ""derecho_sobre_el_bien"": ""PLENO DOMINIO HERENCIA 16,66%""}]","[{""clase_y_caracteristicas"": ""HAZA DE TIERRA DE RIEGO"", ""situacion"": ""GRANADA"", ""fecha_adquisicion"": ""10/2018"", ""derecho_sobre_el_bien"": ""PLENO DOMINIO HERENCIA(16.66%)""}, {""clase_y_caracteristicas"": ""HAZA DE TIERRA DE RIEGO"", ""situacion"": ""GRANADA"", ""fecha_adquisicion"": ""10/2018"", ""derecho_sobre_el_bien"": ""PLENO DOMINIO HERENCIA(16.66%)""}, {""clase_y_caracteristicas"": ""HAZA DE TIERRA DE RIEGO"", ""situacion"": ""GRANADA"", ""fecha_adquisicion"": ""10/2018"", ""derecho_sobre_el_bien"": ""PLENO DOMINIO HERENCIA(16.66%)""}]",[],"[{""tipo"": ""CUENTAS CORRIENTES"", ""saldo"": ""46.269.46 €""}]",[],"[{""descripcion"": ""PHARMAMEL S-L PARTICIPACIONES"", ""valor"": ""1.000 €""}]",[],"[{""fecha_adquisicion"": ""2018"", ""descripcion"": ""TOYOTA VERSO 130 ADVANCE 7P""}]","[{""tipo"": ""SEGURO DE VIDA"", ""valor"": ""4.904,70 €""}]","[{""descripcion"": ""HIPOTECA PISO 50% CAIXA"", ""fecha_concesion"": ""2009"", ""importe_concedido"": ""105.000 €"", ""saldo_pendiente"": ""57.814,42 €""}, {""descripcion"": ""HIPOTECA VIVIENDA 50% CAIXA"", ""fecha_concesion"": ""2018"", ""importe_concedido"": ""193.000 €"", ""saldo_pendiente"": ""111.569,82 €""}]",,376,fotos_diputados\deputy_376.jpg,Logo_partidos\deputy_0376.jpg,hemiciclo\hemi_0376_1814.gif,olvido-la-rosa-baena,
deputy_376_assets_000376_001_e_0053187_20241230.json,OLVIDO DE LA ROSA BAENA,SOLTERA,,23/07/2023,20/02/2024,Diputado,GRANADA,,,https://twitter.com/olvidodlrosa,,[],[],[],"[{""concepto"": ""ALQUILER ATICO TRASTERO MENSUAL"", ""euros"": ""450 EUROS""}, {""concepto"": ""ALQUILER PISO MENSUAL 50% HASTA 30 JUNIO 2024"", ""euros"": ""470 EUROS""}]",10298.02,"[{""clase"": ""ATICO TRASTERO"", ""situacion"": ""GRANADA"", ""fecha_adquisicion"": ""10/2018"", ""derecho"": ""PLENO DOMINIO"", ""titulo_adquisicion"": ""HERENCIA""}, {""clase"": ""PISO"", ""situacion"": ""GRANADA"", ""fecha_adquisicion"": ""03/2009"", ""derecho"": ""PLENO DOMINIO"", ""titulo_adquisicion"": ""COMPRAVENTA""}, {""clase"": ""SOLAR DE 251 METROS"", ""situacion"": ""GRANADA"", ""fecha_adquisicion"": ""10/2018"", ""derecho"": ""PLENO DOMINIO 16.66%"", ""titulo_adquisicion"": ""HERENCIA""}]",[],[],"[{""tipo"": ""CUENTAS CORRIENTES"", ""saldo"": ""37.033,12 EUROS""}]",[],[],[],[],"[{""descripcion"": ""SEGURO DE VIDA"", ""valor"": ""7.459,86 EUROS""}]","[{""descripcion"": ""HIPOTECA PISO 100%"", ""fecha_concesion"": ""03/2009"", ""importe_concedido"": ""105.000"", ""saldo_pendiente"": ""35.007,07""}]",PRESENTO MODIFICACION DE LA DECLARACIÓN INICIAL POR VENTA DE VIVIENDA Y MODIFICACION DE ESTADO CIVIL.,376,fotos_diputados\deputy_376.jpg,Logo_partidos\deputy_0376.jpg,hemiciclo\hemi_0376_1814.gif,olvido-la-rosa-baena,
deputy_377_assets_000377_000_e_0016001_20240312.json,PATRICIA OTERO RODRIGUEZ,SOLTERA,,23/07/2023,12/03/2024,Diputado,LUGO,,,,,"[{""concepto"": ""NÓMINA PARLAMENTO DE GALICIA"", ""euros"": ""58.819,22€""}]",[],[],[],9853.68,[],[],[],"[{""tipo"": ""CUENTA CORRIENTE"", ""saldo"": ""4.593,85€""}]",[],[],[],"[{""fecha_adquisicion"": ""28/10/2021"", ""descripcion"": ""COCHE. AUDI Q3 SPORTBACK""}]",[],"[{""prestamo"": ""CONTRATO FINANCIACIÓN VOLKSWAGEN BANK, GMB S.E, EN FECHA 22/10/2021 ( OPCIÓN FUTURO 4 AÑOS)"", ""fecha_concesion"": null, ""importe_concedido"": null, ""saldo_pendiente"": null}]",,377,fotos_diputados\deputy_377.jpg,Logo_partidos\deputy_0377.jpg,hemiciclo\hemi_0377_1604.gif,patricia-otero-rodriguez,91261.66
deputy_378_assets_000379_000_e_0020418_20240410.json,Carmelo Barrio Baroja,Casado,Gananciales,23 de julio de 2023,19 de marzo de 2024,Diputado,Álava,,,https://twitter.com/barriobaroja,,"[{""concepto"": ""Parlamentario Vasco Portavoz (hasta febrero de 2024)"", ""euros"": 91768.28}]",[],[],[],25699.06,"[{""clase_y_caracteristicas"": ""Un piso"", ""situacion"": ""Álava"", ""fecha_adquisicion"": ""2023"", ""derecho_sobre_el_bien"": ""1/3 propiedad"", ""titulo_adquisicion"": ""Herencia""}, {""clase_y_caracteristicas"": ""Dos plazas de aparcamiento"", ""situacion"": ""Álava"", ""fecha_adquisicion"": ""2023"", ""derecho_sobre_el_bien"": ""1/3 propiedad"", ""titulo_adquisicion"": ""Herencia""}]",[],"[{""clase_y_caracteristicas"": ""1/36 parte de Sociedad Cultural Recreativa (gastronómica)"", ""situacion"": ""Álava"", ""fecha_adquisicion"": ""1999"", ""derecho_sobre_el_bien"": ""propiedad 1/36"", ""titulo_adquisicion"": """"}]","[{""saldo"": 29300}, {""saldo"": 10100}, {""saldo"": 10100}, {""saldo"": 10100}, {""saldo"": 10100}]","[{""descripcion"": ""CUENTA DE VALORES"", ""valor"": 21750}]","[{""descripcion"": ""GEROKOA EPSV"", ""valor"": 22000}]",[],"[{""fecha_adquisicion"": ""JUNIO 2000"", ""descripcion"": ""AUDI 4 1.8""}]","[{""descripcion"": ""KG GA RENDIMIENTO ESTÁNDAR"", ""valor"": 10334}]",[],Renta datos del ejercicio 2022 (declaración en 2023). Fondo y Valores (2023 herencia),378,fotos_diputados\deputy_378.jpg,Logo_partidos\deputy_0378.jpg,hemiciclo\hemi_0378_5706.gif,carmelo-barrio-baroja,91261.66
deputy_379_assets_000378_000_e_0020011_20240409.json,PAULA MARÍA FERNÁNDEZ PENA,DIVORCIADA,,23 JULIO 2023,9 ABRIL 2024,Diputado,PONTEVEDRA,,,,,"[{""concepto"": ""SALARIO CONCELLO DE SILLEDA"", ""euros"": 9259.54}, {""concepto"": ""SALARIO DIPUTACIÓN PROVINCIAL DE PORTEVEDRA"", ""euros"": 28946.61}, {""concepto"": ""ASISTENCIAS ORGANOS COLEGIADOS CONCELLO DE SIDELLA"", ""euros"": 7348.5}]",[],[],[],19045.73,"[{""clase_y_caracteristicas"": ""PISO CON PLAZA DE GARAJE (11.11%)"", ""situacion"": ""PONTEVEDRA"", ""derecho_sobre_el_bien"": ""NUDA PROPIEDAD HERENCIA""}, {""clase_y_caracteristicas"": ""PARCELA URBANA (11.11%)"", ""situacion"": ""PONTEVEDRA"", ""derecho_sobre_el_bien"": ""NUDA PROPIEDAD HERENCIA""}]","[{""clase_y_caracteristicas"": ""FINCA RUSTICA (11.11%)"", ""situacion"": ""PONTEVEDRA"", ""derecho_sobre_el_bien"": ""NUDA PROPIEDAD HERENCIA""}, {""clase_y_caracteristicas"": ""FINCA RUSTICA (3.7%)"", ""situacion"": ""PONTEVEDRA"", ""derecho_sobre_el_bien"": ""NUDA PROPIEDAD HERENCIA""}, {""clase_y_caracteristicas"": ""FINCA RUSTICA (2.77%)"", ""situacion"": ""PONTEVEDRA"", ""derecho_sobre_el_bien"": ""NUDA PROPIEDAD HERENCIA""}]",[],"[{""saldo"": 61861.78}]","[{""descripcion"": ""450 ACCIONES FERNANDEZ SARMIENTO S.A. (RECIBIDAS POR HERENCIA)"", ""valor"": 69786.32}]",[],[],"[{""fecha_adquisicion"": ""2020"", ""descripcion"": ""MINI ONE CABRIO""}]",[],[],,379,fotos_diputados\deputy_379.jpg,Logo_partidos\deputy_0379.jpg,,paula-maria-fernandez-pena,
deputy_380_assets_000380_000_e_0022508_20240423.json,Maria Montserrat García Chavarría,casada,gananciales,23 julio 2023,23 abril 2024,,,,,https://twitter.com/Montsechavar,,[],[],[],[],11763.34,"[{""clase_y_caracteristicas"": ""vivienda"", ""situacion"": ""A Coruña"", ""fecha_adquisicion"": ""1996"", ""derecho_sobre_el_bien"": ""Ganancial""}]",[],[],"[{""tipo"": ""c/corrientes"", ""saldo"": 27156.88}]",[],"[{""descripcion"": ""Acciones Banco Santander"", ""valor"": 1292.74}]",[],"[{""fecha_adquisicion"": ""2011"", ""descripcion"": ""caravana""}, {""fecha_adquisicion"": ""2015"", ""descripcion"": ""Audi A 6""}, {""fecha_adquisicion"": ""2019"", ""descripcion"": ""M. GLA""}]","[{""descripcion"": ""Planes Previsión y Pensiones"", ""valor"": 20008.69}, {""descripcion"": ""Microcrédito PSOE"", ""valor"": 500}]","[{""descripcion"": ""Préstamo personal B. Santander"", ""fecha_concesion"": ""2021"", ""importe_concedido"": 20000, ""saldo_pendiente"": 13042}]",,380,fotos_diputados\deputy_380.jpg,Logo_partidos\deputy_0380.jpg,hemiciclo\hemi_0380_1708.gif,maria-montserrat-garcia-chavarria,82749.52
deputy_381_assets_000381_000_e_0029253_20240611.json,Pedro Guillermo Hita Téllez,Casado,Gananciales,23 de julio de 2023,11 de junio de 2024,Senador,,,,,,"[{""concepto"": ""Salario de Alcalde Presidente del Excelentísimo Ayuntamiento de Arganda del Rey, Concejal Portavoz del Grupo Municipal Socialista y dietas por asistencia a plenos y órganos colegiados."", ""euros"": 64296.56}, {""concepto"": ""Retribuciones como funcionario de Ministerio de Hacienda."", ""euros"": 21686.67}]",[],[],[],22147.84,"[{""clase_y_caracteristicas"": ""Vivienda habitual"", ""situacion"": ""Arganda del Rey (Madrid)"", ""fecha_adquisicion"": ""1998"", ""derecho_sobre_el_bien"": ""Compra vivienda nueva a promotor.""}]",[],[],"[{""tipo"": ""Cuenta a la vista"", ""fecha"": ""3/6/2024"", ""saldo"": 25802.94}]",[],[],[],"[{""fecha_adquisicion"": ""1998"", ""descripcion"": ""Vehículo automóvil turismo Renault Clio""}, {""fecha_adquisicion"": ""2008"", ""descripcion"": ""Vehículo automóvil turismo Renault Scenic""}, {""fecha_adquisicion"": ""2023"", ""descripcion"": ""Vehículo automóvil turismo (renting) Nissan Qashqai""}]","[{""descripcion"": ""Plan de pensiones"", ""valor"": 1882.99}]","[{""prestamo"": ""Préstamo personal- BBVA"", ""fecha_concesion"": ""2018"", ""importe_concedido"": 50000, ""saldo_pendiente"": 17843.6}, {""prestamo"": ""Préstamo personal- BBVA"", ""fecha_concesion"": ""2024"", ""importe_concedido"": 20000, ""saldo_pendiente"": 19891.9}]",,381,fotos_diputados\deputy_381.jpg,Logo_partidos\deputy_0381.jpg,hemiciclo\hemi_0381_1310.gif,pedro-guillermo-hita-tellez,68985.42
deputy_382_assets_000383_000_e_0031711_20240625.json,JUAN ANDRÉS BAYÓN ROLO,SOLTERO,,23/07/2023,11/06/2024,Diputado,PONTEVEDRA,,,,,"[{""concepto"": ""Rendimientos del trabajo"", ""euros"": 24316.6}]",[],[],[],3203.92,[],[],[],"[{""tipo"": ""CUENTA DE AHORROS"", ""saldo"": 10000}]",[],[],[],[],[],[],,382,fotos_diputados\deputy_382.jpg,Logo_partidos\deputy_0382.jpg,hemiciclo\hemi_0382_2818.gif,juan-andres-bayon-rolo,85645.7
deputy_383_assets_000382_000_e_0030900_20240618.json,MARÍA ELISA VEDRINA CONESA,,,,,,,https://www.facebook.com/elisa.vedrina,https://www.instagram.com/elisavedrina/,https://x.com/EVedrina,,[],[],[],[],4844.79,"[{""tipo"": ""VIVIENDA"", ""ubicacion"": ""TARRAGONA"", ""fecha_adquisicion"": ""2000"", ""derecho"": ""50% PROPIEDAD"", ""titulo_adquisicion"": ""COMPRAVENTA""}, {""tipo"": ""VIVIENDA"", ""ubicacion"": ""TARRAGONA"", ""fecha_adquisicion"": ""2004"", ""derecho"": ""50% PROPIEDAD"", ""titulo_adquisicion"": ""COMPRAVENTA""}, {""tipo"": ""PLAZA APARCAMIENTO"", ""ubicacion"": ""TARRAGONA"", ""fecha_adquisicion"": ""2000"", ""derecho"": ""50% PROPIEDAD"", ""titulo_adquisicion"": ""COMPRAVENTA""}, {""tipo"": ""PLAZA APARCAMIENTO"", ""ubicacion"": ""TARRAGONA"", ""fecha_adquisicion"": ""2004"", ""derecho"": ""50% PROPIEDAD"", ""titulo_adquisicion"": ""COMPRAVENTA""}, {""tipo"": ""PLAZA APARCAMIENTO"", ""ubicacion"": ""TARRAGONA"", ""fecha_adquisicion"": ""2006"", ""derecho"": ""50% PROPIEDAD"", ""titulo_adquisicion"": ""COMPRAVENTA""}, {""tipo"": ""TRASTERO"", ""ubicacion"": ""TARRAGONA"", ""fecha_adquisicion"": ""2004"", ""derecho"": ""50% PROPIEDAD"", ""titulo_adquisicion"": ""COMPRAVENTA""}]",[],[],"[{""saldo"": 245217.84}]",[],[],[],[],[],"[{""descripcion"": ""PRESTAMO HIPOTECARIO (BANCO SABADELL)"", ""fecha_concesion"": ""06/04/2004"", ""importe_concedido"": 36100, ""saldo_pendiente"": 9023.53}]",,383,fotos_diputados\deputy_383.jpg,Logo_partidos\deputy_0383.jpg,hemiciclo\hemi_0383_2816.gif,maria-elisa-vedrina-conesa,85645.7
deputy_384_assets_000384_000_e_0031941_20240626.json,Josefa MARÍA SAINZ MARTÍN,casada,separación de bienes,23 julio 2023,25 junio 2024,Diputado,MADRID,,,,,"[{""concepto"": ""Pensión de Jubilación"", ""euros"": 44023.98}, {""concepto"": ""Ayuntamiento de Madrid"", ""euros"": 3817.55}]","[{""concepto"": ""Piso propiedad de la Comunidad del edificio en el domiciliario particular"", ""euros"": 118.62}]","[{""concepto"": ""Ventas de fondos Bancos"", ""euros"": 44.25}]","[{""concepto"": ""CEDRO"", ""euros"": 127.68}, {""concepto"": ""ISCIII"", ""euros"": 200.0}, {""concepto"": ""ICOMEN"", ""euros"": 447.0}]",5093.46,"[{""clase"": ""Piso"", ""situacion"": ""Madrid"", ""fecha_adquisicion"": ""2010"", ""derecho"": ""Pleno dominio"", ""titulo"": ""Compraventa 100%""}, {""clase"": ""Plaza de garaje"", ""situacion"": ""Madrid"", ""fecha_adquisicion"": ""2010"", ""derecho"": ""Pleno dominio"", ""titulo"": ""Compraventa 100%""}, {""clase"": ""Piso"", ""situacion"": ""Madrid"", ""fecha_adquisicion"": ""2004"", ""derecho"": ""Pleno dominio 50%"", ""titulo"": null}, {""clase"": ""Piso"", ""situacion"": ""Matalascañas (Huelva)"", ""fecha_adquisicion"": ""1990"", ""derecho"": ""Pleno dominio"", ""titulo"": ""Compraventa 100%""}]",[],"[{""clase"": ""Piso de la comunidad"", ""situacion"": ""Madrid"", ""fecha_adquisicion"": ""2020"", ""derecho"": ""Participaciones de Comunidad"", ""titulo"": null}]","[{""tipo"": ""Depositos en cuentas corrientes y de ahorro en bancos"", ""saldo"": 184882.57}]",[],[],[],[],"[{""descripcion"": ""Activos financieros en Caixabank"", ""valor"": 81113.55}, {""descripcion"": ""Planes de Pensiones de Previsión y APP en Caixabank"", ""valor"": 49186.22}]",[],,384,fotos_diputados\deputy_384.jpg,Logo_partidos\deputy_0384.jpg,hemiciclo\hemi_0384_1815.gif,josefa-maria-sainz-martin,
deputy_385_assets_000385_000_e_0033920_20240711.json,CRISTINA MORENO BORRÁS,CASADA,GANANCIALES,23/07/2023,04/07/2024,Diputado,,,,https://x.com/cristinamborras,,"[{""concepto"": ""RENDIMIENTO NETO COMO SECRETARIA AUTONOMICA DE LA G.V.A."", ""euros"": ""41.809,99""}]",[],[],[],,"[{""clase_y_caracteristicas"": ""VIVIENDA"", ""situacion"": ""VALENCIA"", ""fecha_adquisicion"": ""1998"", ""derecho_sobre_el_bien"": ""PROPIEDAD 50%"", ""titulo_adquisicion"": ""COMPRA VENTA""}, {""clase_y_caracteristicas"": ""VIVIENDA"", ""situacion"": ""VALENCIA"", ""fecha_adquisicion"": ""2006"", ""derecho_sobre_el_bien"": ""33%"", ""titulo_adquisicion"": ""COMPRA VENTA""}]",[],[],"[{""tipo"": ""CUENTA CORRIENTE GANANCIALES"", ""saldo"": ""88.288,60""}]",[],[],[],"[{""fecha_adquisicion"": ""2015"", ""descripcion"": ""AUTOMOVIL VOLKSWAGEN TIGUAN""}, {""fecha_adquisicion"": ""2007"", ""descripcion"": ""MOTOCICLETA YAMAHA""}]","[{""descripcion"": ""SEGURO VIDA"", ""valor"": ""30.000 €""}]","[{""descripcion"": ""PRESTAMO HIPOTECARIO CAJAMAR"", ""fecha_concesion"": ""2004"", ""importe_concedido"": ""80.000 €"", ""saldo_pendiente"": ""8.344,80 €""}, {""descripcion"": ""PRESTAMO HIPOTECARIO CAIXABANK (INDICADO TOTAL - CORRESPONDE 33%)"", ""fecha_concesion"": ""2006"", ""importe_concedido"": ""85.000 €"", ""saldo_pendiente"": ""39.852,99 €""}]",,385,fotos_diputados\deputy_385.jpg,Logo_partidos\deputy_0385.jpg,hemiciclo\hemi_0385_3806.gif,cristina-moreno-borras,85645.7
deputy_386_assets_000386_000_e_0034512_20240722.json,MARÍA MERCEDES OTERO GARCÍA,CASADA,GANANCIALES,23 JULIO 2023,22 JULIO 2024,Diputado,,,,,,"[{""procedencia"": ""SECRETARÍA VICEPRESIDENCIA JUNTA GENERAL DEL PRINCIPADO DE ASTURIAS"", ""concepto"": ""Percepciones netas de tipo salarial, sueldos, honorarios, aranceles y otras retribuciones"", ""euros"": 2092.01}]",[],[],[],8345.31,"[{""clase"": ""PISO"", ""situacion"": ""ASTURIAS"", ""fecha_adquisicion"": ""23-03-2003"", ""derecho"": ""NUDA PROPIEDAD"", ""titulo"": ""COMPRAVENTA""}, {""clase"": ""TRASTERO"", ""situacion"": ""ASTURIAS"", ""fecha_adquisicion"": ""23-03-2023"", ""derecho"": ""NUDA PROPIEDAD"", ""titulo"": ""COMPRAVENTA""}, {""clase"": ""PLAZA DE GARAJE"", ""situacion"": ""ASTURIAS"", ""fecha_adquisicion"": ""23-03-2023"", ""derecho"": ""NUDA PROPIEDAD"", ""titulo"": ""COMPRAVENTA""}]",[],[],"[{""tipo"": ""CUENTA DE AHORRO"", ""saldo"": 5680.9}, {""tipo"": ""PLAN DE PENSIONES"", ""saldo"": 3147.76}, {""tipo"": ""CUENTA CORRIENTE"", ""saldo"": 1268.12}]",[],[],[],"[{""fecha_adquisicion"": ""27-03-2005"", ""descripcion"": ""BMW-320""}, {""fecha_adquisicion"": ""15-03-2022"", ""descripcion"": ""CITROEN SXARA""}]",[],"[{""prestamo"": ""HIPOTECA UNICAJA"", ""fecha_concesion"": ""29-06-2007"", ""importe_concedido"": 87715.22, ""saldo_pendiente"": 26545.97}, {""prestamo"": ""PRESTAMO UNICAJA"", ""fecha_concesion"": ""07-09-2018"", ""importe_concedido"": 14500.0, ""saldo_pendiente"": 4918.88}, {""prestamo"": ""CAJA RURAL DE ASTURIAS"", ""fecha_concesion"": ""25-07-2021"", ""importe_concedido"": 18755.37, ""saldo_pendiente"": 10071.25}]",,386,fotos_diputados\deputy_386.jpg,Logo_partidos\deputy_0386.jpg,hemiciclo\hemi_0386_1812.gif,maria-mercedes-otero-garcia,85645.7
deputy_387_assets_000388_000_e_0038092_20240916.json,ORIOL ALMIRÓN RUIZ,Soltero,,23 julio 2023,10 septiembre 2024,Diputado,BARCELONA,,https://instagram.com/oriolalmiron,https://x.com/oriol_almiron,,"[{""procedencia"": ""Ayuntamiento de Ódena"", ""concepto"": ""Indemnizaciones asistencia a plenos"", ""euros"": 5952.21}]",[],[],[],119.05,"[{""clase_y_caracteristicas"": ""Parcela urbana con trastero"", ""situacion"": ""Barcelona"", ""fecha_adquisicion"": ""25/05/2023"", ""derecho_sobre_el_bien"": ""50,00% de Propiedad por compraventa""}]",[],[],"[{""tipo"": ""Cuentas de ahorro y corriente"", ""saldo"": 2938.7}]","[{""descripcion"": ""Acciones y participaciones en sociedades (valor en mercado 31/08/2024)"", ""valor"": 91.84}]",[],[],[],[],"[{""descripcion"": ""Préstamo en el ámbito familiar"", ""fecha_concesion"": ""25/08/2023"", ""importe_concedido"": 8000.0, ""saldo_pendiente"": 7600.0}, {""descripcion"": ""Préstamo en el ámbito familiar"", ""fecha_concesion"": ""25/08/2023"", ""importe_concedido"": 10000.0, ""saldo_pendiente"": 8000.0}]",,387,fotos_diputados\deputy_387.jpg,Logo_partidos\deputy_0387.jpg,hemiciclo\hemi_0387_1804.gif,oriol-almiron-ruiz,85645.7
deputy_388_assets_000387_000_e_0037563_20240910.json,ANDREA CANELO MATITO,SEPARADA,,23 de julio de 2023,10 de septiembre de 2024,Diputado,BARCELONA,,,https://x.com/andreacanelom,,"[{""procedencia"": ""AJUNTAMENT DE GRANOLLERS"", ""concepto"": ""Percepciones netas de tipo salarial, sueldos, honorarios, aranceles y otras retribuciones"", ""euros"": ""39.739,73€""}, {""procedencia"": ""CONSORCI PER A LA GESTIÓ DE RESIDUS DEL VALLÉS ORIENTAL"", ""concepto"": ""Percepciones netas de tipo salarial, sueldos, honorarios, aranceles y otras retribuciones"", ""euros"": ""816€""}]",[],[],[],12363.53,"[{""clase"": ""PISO"", ""caracteristicas"": null, ""situacion"": ""BARCELONA"", ""fecha_adquisicion"": ""2005"", ""derecho_sobre_el_bien"": ""PLENO DOMINIO"", ""titulo_adquisicion"": ""COMPRAVENTA""}, {""clase"": ""APARCAMIENTO"", ""caracteristicas"": null, ""situacion"": ""BARCELONA"", ""fecha_adquisicion"": ""2005"", ""derecho_sobre_el_bien"": ""PLENO DOMINIO"", ""titulo_adquisicion"": ""COMPRAVENTA""}]",[],[],"[{""entidad"": ""CAIXABANK"", ""saldo"": ""27.400€""}]",[],[],[],"[{""fecha_adquisicion"": ""2006"", ""descripcion"": ""SEAT ALTEA""}]",[],"[{""prestamo"": ""HIPOTECA CAIXABANK"", ""fecha_concesion"": ""13.09.2005"", ""importe_concedido"": ""240.000€"", ""saldo_pendiente"": ""90.933,16€""}]",,388,fotos_diputados\deputy_388.jpg,Logo_partidos\deputy_0388.jpg,hemiciclo\hemi_0388_1803.gif,andrea-canelo-matito,85645.7
deputy_389_assets_000392_000_e_0051602_20241212.json,Josep Pagès i Massó,Casado,Separación de bienes,23/07/2023,10/09/2024,Diputado,,,,https://x.com/jpagesm,,"[{""procedencia"": ""Ayuntamiento de Barcelona"", ""concepto"": ""percepciones en 2023 del Ayuntamiento de Barcelona"", ""euros"": 19665.09}]",[],[],"[{""concepto"": ""Rendas inmuebles arrendados"", ""euros"": 14928}]",17338.01,"[{""clase"": ""Piso"", ""situacion"": ""Barcelona"", ""fecha_adquisicion"": ""2005"", ""derecho"": ""Pleno dominio"", ""titulo_adquisicion"": ""Compraventa""}, {""clase"": ""Plaza párquing"", ""situacion"": ""Barcelona"", ""fecha_adquisicion"": ""2006"", ""derecho"": ""Pleno dominio"", ""titulo_adquisicion"": ""Compraventa""}, {""clase"": ""Piso"", ""situacion"": ""Tarragona"", ""fecha_adquisicion"": ""2007"", ""derecho"": ""Pleno dominio"", ""titulo_adquisicion"": ""Compraventa""}, {""clase"": ""Vivienda habitual"", ""situacion"": ""Barcelona"", ""fecha_adquisicion"": ""2013"", ""derecho"": ""50% del pleno dominio"", ""titulo_adquisicion"": ""Compraventa""}]",[],[],"[{""tipo"": ""Cuentas corrientes"", ""saldo"": 45335.08}, {""tipo"": ""Fondos de inversión"", ""saldo"": 18355.33}]",[],[],[],"[{""fecha_adquisicion"": ""2002"", ""descripcion"": ""Vehículo Audi A4""}]",[],"[{""descripcion"": ""Hipoteca piso Tarragona"", ""fecha_concesion"": ""28/09/2007"", ""importe_concedido"": 756000.0, ""saldo_pendiente"": 35584.45}, {""descripcion"": ""Hipoteca vivienda habitual (50% del pleno dominio)"", ""fecha_concesion"": ""08/02/2013"", ""importe_concedido"": 310750.0, ""saldo_pendiente"": 223801.59}]",,389,fotos_diputados\deputy_389.jpg,Logo_partidos\deputy_0389.jpg,hemiciclo\hemi_0389_1614.gif,josep-pages-i-masso,91261.66
deputy_390_assets_000389_000_e_0038930_20240919.json,Vicente Montávez Aguillaume,Casado,Separación de bienes,23 de julio de 2023,17 de septiembre de 2024,Diputado,Madrid,,,,,"[{""concepto"": ""Salario Ministerio de Política Territorial (2023)"", ""euros"": 76282.69}, {""concepto"": ""Cursos y conferencias Instituto Nacional de Administración Pública"", ""euros"": 2309.4}, {""concepto"": ""Cursos Instituto Ciencias Políticas y Sociales de Barcelona"", ""euros"": 400.0}]",[],[],[],21911.41,[],[],[],"[{""tipo"": ""Cuentas corrientes de ahorro y fondos"", ""saldo"": 71803.09}, {""tipo"": ""Cuenta corriente"", ""saldo"": 956.03}]",[],"[{""descripcion"": ""Acciones"", ""valor"": 1695.54}]",[],[],"[{""descripcion"": ""Fondo de pensiones"", ""valor"": 32643.38}]",[],,390,fotos_diputados\deputy_390.jpg,Logo_partidos\deputy_0390.jpg,hemiciclo\hemi_0390_1819.gif,vicente-montavez-aguillaume,76049.12
deputy_392_assets_000395_000_e_0056607_20250214.json,ETNA ESTREMS FAYOS,SOLTERA,SOLTERA,23/07/2023,08/10/2024,Diputado,,https://www.facebook.com/etna.estremsfayos/,https://www.instagram.com/etna82ef/,https://x.com/EtnaEF,,"[{""concepto"": ""Asistencias plenos Ajuntament de l'Escala"", ""euros"": ""5.000€ brutos""}]",[],[],[],3797.86,"[{""clase_y_caracteristicas"": ""Vivienda"", ""situacion"": ""Girona"", ""fecha_adquisicion"": ""2016"", ""derecho_sobre_el_bien"": ""Herencia, 25% de la propiedad""}, {""clase_y_caracteristicas"": ""Local Comercial"", ""situacion"": ""Girona"", ""fecha_adquisicion"": ""2016"", ""derecho_sobre_el_bien"": ""Herencia, 25% de la propiedad""}]",[],[],"[{""tipo"": ""Cuentas corrientes"", ""saldo"": ""16.955,96 €""}, {""tipo"": ""Plan de ahorro"", ""saldo"": ""8.678,74 €""}]",[],"[{""descripcion"": ""Solexpert 2013 SC"", ""valor"": ""114.100,95€""}, {""descripcion"": ""Solexpert 2013 SC - 25%"", ""valor"": null}]",[],"[{""fecha_adquisicion"": ""2015"", ""descripcion"": ""Honda Liberty 125cc""}, {""fecha_adquisicion"": ""2024"", ""descripcion"": ""Dacia duster""}]",[],"[{""prestamo"": ""Prestamo hipotecario"", ""fecha_concesion"": ""enero 2017"", ""importe_concedido"": ""262.906,41 €"", ""saldo_pendiente"": ""194.264,71 €""}]",,392,fotos_diputados\deputy_392.jpg,Logo_partidos\deputy_0392.jpg,hemiciclo\hemi_0392_2409.gif,etna-estrems-fayos,91261.66
deputy_393_assets_000390_000_e_0047082_20241105.json,ALDA RECAS MARTÍN,CASADA,GANANCIALES,23/07/2023,29/10/2024,,MADRID,,,https://x.com/aldarecas,,[],[],[],[],91.32,"[{""clase"": ""PISO"", ""situacion"": ""MADRID"", ""fecha_adquisicion"": ""2019"", ""derecho"": ""GANANCIAL COMPRAVENTA 50%""}]","[{""clase"": ""FINCA RÚSTICA"", ""situacion"": ""MADRID"", ""fecha_adquisicion"": ""2017"", ""derecho"": ""PLENO DOMINIO 100% COMPRAVENTA""}, {""clase"": ""FINCA RÚSTICA"", ""situacion"": ""MADRID"", ""fecha_adquisicion"": ""2017"", ""derecho"": ""PLENO DOMINIO 100% COMPRAVENTA""}]",[],"[{""tipo"": ""CUENTA CORRIENTE"", ""saldo"": 32000}, {""tipo"": ""CUENTA CORRIENTE"", ""saldo"": 32000}, {""tipo"": ""CUENTA AHORRO"", ""saldo"": 32000}, {""tipo"": ""CUENTA AHORRO"", ""saldo"": 32000}]",[],[],[],[],[],[],,393,fotos_diputados\deputy_393.jpg,Logo_partidos\deputy_0393.jpg,hemiciclo\hemi_0393_2408.gif,alda-recas-martin,82245.38
deputy_393_assets_000390_001_e_0058459_20250227.json,BLANCA ALDA RECAS MARTÍN,CASADA,GANANCIALES,23/07/2023,29/10/2024,Diputado,MADRID,,,,,"[{""concepto"": ""RENDIMIENTO NETO DEL TRABAJO"", ""euros"": 31297.23}]",[],"[{""concepto"": ""INTERESES DE CUENTAS, DEPÓSITOS Y DE ACTIVOS FINANCIEROS EN GENERAL"", ""euros"": 7.54}]",[],91.32,"[{""clase_y_caracteristicas"": ""PISO 70 m2"", ""situacion"": ""MADRID"", ""fecha_adquisicion"": ""2019"", ""derecho_sobre_el_bien"": ""GANANCIAS"", ""titulo_adquisicion"": ""COMPRAVENTA""}, {""clase_y_caracteristicas"": ""PISO 55m2"", ""situacion"": ""San Martín de Valdeiglesias MADRID"", ""fecha_adquisicion"": ""2024"", ""derecho_sobre_el_bien"": ""Herencia"", ""titulo_adquisicion"": ""50%""}]","[{""clase_y_caracteristicas"": ""FINCA RÚSTICA (2) 9000m2"", ""situacion"": ""San Martín de Valdeiglesias, Madrid"", ""fecha_adquisicion"": ""2017"", ""derecho_sobre_el_bien"": ""PLENO DOMINIO"", ""titulo_adquisicion"": ""COMPRAVENTA""}]",[],"[{""tipo"": ""CUENTA CORRIENTE"", ""saldo"": 32000}]",[],[],[],[],[],[],,393,fotos_diputados\deputy_393.jpg,Logo_partidos\deputy_0393.jpg,hemiciclo\hemi_0393_2408.gif,blanca-alda-recas-martin,
deputy_394_assets_000391_000_e_0051010_20241210.json,Jonay Quintero Hernández,Soltero,,23 de julio de 2023,10 de diciembre de 2024,Diputado,Santa Cruz de Tenerife,,,https://x.com/jonayquintero_,,"[{""concepto"": ""Rendimientos del trabajo"", ""euros"": ""35.934,18 €""}]",[],[],[],7908.12,[],[],[],"[{""tipo"": ""Cuentas corrientes"", ""saldo"": ""13.000 €""}]",[],[],[],"[{""fecha_adquisicion"": ""06/2023"", ""descripcion"": ""Volkswagen Polo""}]",[],[],,394,fotos_diputados\deputy_394.jpg,Logo_partidos\deputy_0394.jpg,hemiciclo\hemi_0394_1807.gif,jonay-quintero-hernandez,85645.7
deputy_395_assets_000393_000_e_0053437_20250109.json,RAUL CUEVAS LARROSA,SOLTERO,,23/07/2023,17/12/2024,Senador,ZARAGOZA,,,,,"[{""concepto"": ""DIPUTADO PROVINCIAL JULIO 2023- DICIEMBRE 2023 BOMBERO ENERO 2023- JULIO 2023 ASISTENCIA ALCALDE"", ""euros"": 36486}]",[],[],[],7538.0,"[{""clase"": ""PISO"", ""situacion"": ""ZARAGOZA"", ""fecha_adquisicion"": ""2024"", ""derecho"": ""100% PLENO DOMINIO COMPRAVENTA""}, {""clase"": ""GARAJE"", ""situacion"": ""ZARAGOZA"", ""fecha_adquisicion"": ""2024"", ""derecho"": ""100% PLENO DOMINIO COMPRAVENTA""}, {""clase"": ""GARAJE"", ""situacion"": ""ZARAGOZA"", ""fecha_adquisicion"": ""2024"", ""derecho"": ""100% PLENO DOMINIO COMPRAVENTA""}, {""clase"": ""2 TERRENOS URBANIZABLES"", ""situacion"": ""CODO (ZARAGOZA)"", ""fecha_adquisicion"": ""2024"", ""derecho"": ""100% PLENO DOMINIO COMPRAVENTA""}]",[],[],"[{""tipo"": ""CUENTAS CORRIENTES"", ""saldo"": 14300}, {""tipo"": ""MUTUALIDAD DE ARQUITECTOS"", ""saldo"": 15700}]",[],[],[],"[{""fecha_adquisicion"": ""2017"", ""descripcion"": ""CITROEN C4""}]",[],"[{""descripcion"": ""HIPOTECA CAJA RURAL"", ""fecha_concesion"": ""2024"", ""importe_concedido"": 120000, ""saldo_pendiente"": 118800}, {""descripcion"": ""PRESTAMO PERSONAL FAMILIAR"", ""fecha_concesion"": ""2024"", ""importe_concedido"": 20000, ""saldo_pendiente"": 20000}, {""descripcion"": ""PRESTAMO PERSONAL FAMILIAR"", ""fecha_concesion"": ""2024"", ""importe_concedido"": 25000, ""saldo_pendiente"": 25000}]",,395,fotos_diputados\deputy_395.jpg,Logo_partidos\deputy_0395.jpg,hemiciclo\hemi_0395_3705.gif,raul-cuevas-larrosa,86079.28
deputy_396_assets_000394_000_e_0056886_20250218.json,LUIS ANTONIO GÓMEZ PIÑA,CASADO,GANANCIALES,23/07/2023,11/02/2025,Diputado,PONTEVEDRA,,,,,"[{""concepto"": ""SALARIO COMO ALCALDE DEL AYUNTAMIENTO DE A CAÑIZA (BRUTO 2024)"", ""euros"": 53971.0}, {""concepto"": ""DIETAS Y KM POR GASTOS DE ACTIVIDAD DE ALCALDE (2024)"", ""euros"": 1152.97}]",[],[],[],12143.48,"[{""clase"": ""PISO (SIN GARAJE)"", ""situacion"": ""A CAÑIZA (PONTEVEDRA)"", ""fecha_adquisicion"": ""2022"", ""derecho"": ""50% PROPIETARIO GANANCIALES/COMPRAVENTA""}, {""clase"": ""GARAJE"", ""situacion"": ""A CAÑIZA (PONTEVEDRA)"", ""fecha_adquisicion"": ""2022"", ""derecho"": ""50% PROPIETARIO GANANCIALES/COMPRAVENTA""}, {""clase"": ""GARAJE"", ""situacion"": ""A CAÑIZA (PONTEVEDRA)"", ""fecha_adquisicion"": ""2022"", ""derecho"": ""50% PROPIETARIO GANANCIALES/COMPRAVENTA""}, {""clase"": ""PISO"", ""situacion"": ""VIGO (PONTEVEDRA)"", ""fecha_adquisicion"": ""2012"", ""derecho"": ""50% PROPIETARIO GANANCIALES/COMPRAVENTA""}, {""clase"": ""GARAJE"", ""situacion"": ""VIGO (PONTEVEDRA)"", ""fecha_adquisicion"": ""2012"", ""derecho"": ""50% PROPIETARIO GANANCIALES/COMPRAVENTA""}]","[{""clase"": ""LOCAL COMERCIAL"", ""situacion"": ""VIGO (PONTEVEDRA)"", ""fecha_adquisicion"": ""2005"", ""derecho"": ""PARTICIPACIÓN 1/3 VILAMIDE SL""}]",[],"[{""entidad"": ""BBVA, SABADELL E ING"", ""saldo"": 865.31}]",[],"[{""descripcion"": ""1/3 DE SOCIEDAD LIMITADA VILAMIDE SL"", ""valor"": 1010.0}]",[],"[{""fecha_adquisicion"": ""2020"", ""descripcion"": ""TURISMO VOLVO XC40""}, {""fecha_adquisicion"": ""2017"", ""descripcion"": ""TURISMO HIUNDAY I10""}]","[{""descripcion"": ""PLAN DE PENSIONES EN ING A FECHA FEBRERO 2025"", ""valor"": 35208.55}, {""descripcion"": ""PLAN DE PENSIONES BBVA PPA A FECHA ENERO 2025"", ""valor"": 23507.98}]","[{""descripcion"": ""HIPOTECA POR PISO EN ENTIDAD BANCARIA BBVA"", ""fecha_concesion"": ""OCTUBRE 2012"", ""importe_concedido"": 119848.9, ""saldo_pendiente"": 85754.13}, {""descripcion"": ""HIPOTECA POR PISO EN ENTIDAD BANCARIA BBVA"", ""fecha_concesion"": ""OCTUBRE 2012"", ""importe_concedido"": 29950.0, ""saldo_pendiente"": 22888.06}, {""descripcion"": ""HIPOTECA POR PISO EN ENTIDAD BANCARIA SABADELL"", ""fecha_concesion"": ""AGOSTO 2022"", ""importe_concedido"": 48800.0, ""saldo_pendiente"": 44638.58}, {""descripcion"": ""PRESTAMO ADQUISICIÓN VEHÍCULO CON CONCESIONARIO VOLVO"", ""fecha_concesion"": ""MARZO 2020"", ""importe_concedido"": 28906.5, ""saldo_pendiente"": 15530.24}, {""descripcion"": ""PRESTAMO PERSONAL CON ENTIDAD BANCARIA BBVA"", ""fecha_concesion"": ""OCTUBRE 2023"", ""importe_concedido"": 33200.0, ""saldo_pendiente"": 15123.5}]",,396,fotos_diputados\deputy_396.jpg,Logo_partidos\deputy_0396.jpg,hemiciclo\hemi_0396_1810.gif,luis-antonio-gomez-pina,91261.66
deputy_397_assets_000396_000_e_0057138_20250219.json,VIVIANE OGOU I CORBI,SOLTERA,,23/07/2023,11/02/2025,Senador,BARCELONA,,https://www.instagram.com/vivianeogou,https://x.com/vivianeogou,,"[{""concepto"": ""Por cuenta propia"", ""euros"": 4685.12}, {""concepto"": ""Arrels Fundació"", ""euros"": 12332.01}, {""concepto"": ""Prestación por desempleo"", ""euros"": 1552.39}, {""concepto"": ""Colectiu d'analistes socials"", ""euros"": 2533.9}]",[],[],[],2607.46,[],[],[],"[{""descripcion"": ""Cuenta corriente. Cuenta Sabadell (5%)"", ""saldo"": 91.66}, {""descripcion"": ""Cuenta corriente. Caixa Banc (100%)"", ""saldo"": 176.32}, {""descripcion"": ""Cuehta corriente. Caixa Banc (100%)"", ""saldo"": 879.23}]",[],[],[],[],[],"[{""descripcion"": ""Préstamo familiar (máster)"", ""fecha_concesion"": ""2020"", ""importe_concedido"": 6000, ""saldo_pendiente"": 5300}]",,397,fotos_diputados\deputy_397.jpg,Logo_partidos\deputy_0397.jpg,hemiciclo\hemi_0397_2507.gif,viviane-ogou-i-corbi,91261.66
deputy_398_assets_000398_000_e_0069775_20250527.json,MIKEL OTERO GABIRONDO,CASADO,GANANCIALES,23/07/2023,18/02/2025,Diputado,ARABA/ÁLAVA,,,https://x.com/otero_mikel,,"[{""concepto"": ""SALARIO COMO PARLAMENTARIO EN EL PARLAMENTO VASCO"", ""euros"": ""59,625,49""}]",[],[],[],22545.22,"[{""clase_y_caracteristicas"": ""VIVIENDA"", ""situacion"": ""Cuzcurrita de Río Tirón"", ""fecha_adquisicion"": ""1995"", ""derecho_sobre_el_bien"": ""COMPRA"", ""titulo_adquisicion"": ""PROPIEDAD 33%""}, {""clase_y_caracteristicas"": ""VIVIENDA"", ""situacion"": ""Cuzcurrita de Río Tirón"", ""fecha_adquisicion"": ""2021"", ""derecho_sobre_el_bien"": ""COMPRA"", ""titulo_adquisicion"": ""PROPIEDAD 50%""}]","[{""clase_y_caracteristicas"": ""TERRENO RÚSTICO"", ""situacion"": ""TIRGO"", ""fecha_adquisicion"": ""2024"", ""derecho_sobre_el_bien"": ""COMPRA"", ""titulo_adquisicion"": ""PROPIEDAD 33%""}]",[],"[{""tipo"": ""CUENTA CORRIENTE"", ""saldo"": ""6.000 EUROS""}]",[],[],[],"[{""fecha_adquisicion"": ""2025"", ""descripcion"": ""COCHE CITROEN C3""}]",[],"[{""prestamo"": ""PRESTAMO BANCARIO, KUTXABANK"", ""fecha_concesion"": ""2003"", ""importe_concedido"": ""66.000"", ""saldo_pendiente"": ""16.000""}, {""prestamo"": ""PRESTAMO BANCARIO, SANTANDER"", ""fecha_concesion"": ""2021"", ""importe_concedido"": ""60.000"", ""saldo_pendiente"": ""50.000""}]",,398,fotos_diputados\deputy_398.jpg,Logo_partidos\deputy_0398.jpg,hemiciclo\hemi_0398_2601.gif,mikel-otero-gabirondo,91261.66
deputy_399_assets_000397_000_e_0067526_20250508.json,MARIA NEREA RENTERIA LASANTA,DIVORCIADA,,23/07/2023,08/04/2025,Diputado,BIZKAIA,,,,,"[{""procedencia"": ""AYUNTAMIENTO DE ZARATAMO"", ""concepto"": ""CONCEJAL"", ""euros"": 705.6}, {""procedencia"": ""SERVICIO PUBLICO DE EMPLEO"", ""concepto"": null, ""euros"": 769.41}, {""procedencia"": ""DIPUTACION DE BIZKAIA"", ""concepto"": ""ASESORA"", ""euros"": 50204.82}]",[],[],[],23784.53,"[{""clase"": ""PISO"", ""caracteristicas"": null, ""situacion"": ""BASAURI, BIZKAIA"", ""fecha_adquisicion"": ""12/06/2019"", ""derecho"": ""PLENO DOMINIO"", ""titulo_adquisicion"": ""COMPRA VENTA""}, {""clase"": ""PLAZA DE GARAJE Y TRASTERO"", ""caracteristicas"": null, ""situacion"": ""BASAURI, BIZKAIA"", ""fecha_adquisicion"": ""12/06/2019"", ""derecho"": ""PLENO DOMINIO"", ""titulo_adquisicion"": ""COMPRA VENTA""}, {""clase"": ""PISO"", ""caracteristicas"": null, ""situacion"": ""CASTRO URDIALES, CANTABRIA"", ""fecha_adquisicion"": ""22/01/2021"", ""derecho"": ""PLENO DOMINIO"", ""titulo_adquisicion"": ""COMPRA VENTA""}, {""clase"": ""PLAZA DE GARAJE"", ""caracteristicas"": null, ""situacion"": ""CASTRO URDIALES, CANTABRIA"", ""fecha_adquisicion"": ""22/01/2021"", ""derecho"": ""PLENO DOMINIO"", ""titulo_adquisicion"": ""COMPRA VENTA""}]",[],[],"[{""tipo"": ""SALDO MEDIO"", ""saldo"": 25161}, {""tipo"": ""PLANES PENSIONES"", ""saldo"": 20700}, {""tipo"": ""SEGUROS AHORRO"", ""saldo"": 8656}, {""tipo"": ""AHORRO PLAZO"", ""saldo"": 2300}]",[],[],[],"[{""fecha_adquisicion"": ""JUNIO 2009"", ""descripcion"": ""VOLVO XC90""}, {""fecha_adquisicion"": ""AGOSTO 2022"", ""descripcion"": ""MOTO RIYA 125""}]","[{""tipo"": ""FONDO PENSIONES""}, {""tipo"": ""CARTERAS GESTIONADAS""}, {""tipo"": ""UNIT LINKED""}]","[{""tipo"": ""PRESTAMO HIPOTECARIO"", ""fecha_concesion"": ""12/06/2019"", ""importe_concedido"": 240000, ""saldo_pendiente"": 115166.16}, {""tipo"": ""PRESTAMO HIPOTECARIO"", ""fecha_concesion"": ""22/01/2021"", ""importe_concedido"": 125000, ""saldo_pendiente"": 102609.81}]",,399,fotos_diputados\deputy_399.jpg,Logo_partidos\deputy_0399.jpg,hemiciclo\hemi_0399_2309.gif,maria-nerea-renteria-lasanta,
deputy_400_assets_000399_000_e_0072247_20250611.json,GABRIEL BLANCO ARRÚE,SOLTERO,,23 de julio de 2023,10 de junio de 2025,Diputado,BIZKAIA,,,,,"[{""concepto"": ""Salario en prácticas TECH FRIENDLY SL"", ""euros"": 2025.0}, {""concepto"": ""Salario personal eventual Consejería de Vivienda y Agenda Urbana del Gobierno Vasco"", ""euros"": 32136.0}]",[],[],[],4234.32,[],[],[],"[{""tipo"": ""Cuentas corrientes"", ""saldo"": 1086.86}, {""tipo"": ""Cuentas corrientes"", ""saldo"": 28330.35}]",[],[],[],[],[],"[{""descripcion"": ""Prestamo universitario contraido con el Banco Santander"", ""fecha_concesion"": ""19/12/2017"", ""importe_concedido"": 34704.0, ""saldo_pendiente"": 16774.72}]",,400,fotos_diputados\deputy_400.jpg,Logo_partidos\deputy_0400.jpg,hemiciclo\hemi_0400_1820.gif,gabriel-blanco-arrue,85645.7
deputy_401_assets_000400_000_e_0073474_20250619.json,Iván Cacho Isla,Casado,Conquistas,23 de julio de 2023,18 de junio de 2025,Senador,,,,,,"[{""procedencia"": ""KYBSE"", ""concepto"": ""Retribución salarial como operario producción"", ""euros"": 43000}, {""procedencia"": ""AYUNTAMIENTO DE ANSOÁIN"", ""concepto"": ""Indemnización por asistencia a sesiones de la Corporación"", ""euros"": 4800}, {""procedencia"": ""SCPSA"", ""concepto"": ""Indemnización por asistencia a sesiones de los Órganos de Gobierno"", ""euros"": 1900}]",[],[],[],14003.93,"[{""clase"": ""PISO"", ""situacion"": ""NAVARRA"", ""fecha_adquisicion"": ""2000"", ""derecho"": ""50% DOMINIO PROPIO"", ""titulo"": ""COMPRAVENTA""}]",[],[],"[{""tipo"": ""CUENTA CORRIENTE"", ""saldo"": 50000}]",[],[],[],"[{""fecha_adquisicion"": ""2017"", ""descripcion"": ""Mazda CX-5 (Gananciales)""}, {""fecha_adquisicion"": ""2017"", ""descripcion"": ""Moto Piaggio (Gananciales)""}]","[{""descripcion"": ""Planes de pensiones"", ""valor"": 18000}, {""descripcion"": ""Fondos inversion"", ""valor"": 13000}]",[],,401,fotos_diputados\deputy_401.jpg,Logo_partidos\deputy_0401.jpg,hemiciclo\hemi_0401_1808.gif,ivan-cacho-isla,91261.66
