cod_parlamentario,name,deputy_photo,hemiciclo_image,facebook,instagram,twitter,website,url
1,Héctor Palencia Rubio,True,True,,https://www.instagram.com/hectorpalenciar/,https://twitter.com/HectorPalenciaR,,https://www.congreso.es/es/busqueda-de-diputados?p_p_id=diputadomodule&p_p_lifecycle=0&p_p_state=normal&p_p_mode=view&_diputadomodule_mostrarFicha=true&codParlamentario=1&idLegislatura=XV&mostrarAgenda=false
2,Tomás Cabezón Casas,True,True,,https://www.instagram.com/tomascabezoncasas/,https://twitter.com/tcabcas,,https://www.congreso.es/es/busqueda-de-diputados?p_p_id=diputadomodule&p_p_lifecycle=0&p_p_state=normal&p_p_mode=view&_diputadomodule_mostrarFicha=true&codParlamentario=2&idLegislatura=XV&mostrarAgenda=false
3,María Luisa Del Moral Leal,True,False,,,,,https://www.congreso.es/es/busqueda-de-diputados?p_p_id=diputadomodule&p_p_lifecycle=0&p_p_state=normal&p_p_mode=view&_diputadomodule_mostrarFicha=true&codParlamentario=3&idLegislatura=XV&mostrarAgenda=false
4,Francisco José Alcaraz Martos,True,True,,,https://twitter.com/fjosealcaraz,,https://www.congreso.es/es/busqueda-de-diputados?p_p_id=diputadomodule&p_p_lifecycle=0&p_p_state=normal&p_p_mode=view&_diputadomodule_mostrarFicha=true&codParlamentario=4&idLegislatura=XV&mostrarAgenda=false
5,María de las Nieves Ramírez Moreno,True,True,,,https://twitter.com/MNievesRamirez,,https://www.congreso.es/es/busqueda-de-diputados?p_p_id=diputadomodule&p_p_lifecycle=0&p_p_state=normal&p_p_mode=view&_diputadomodule_mostrarFicha=true&codParlamentario=5&idLegislatura=XV&mostrarAgenda=false
6,Susana Sumelzo Jordán,True,False,,,,,https://www.congreso.es/es/busqueda-de-diputados?p_p_id=diputadomodule&p_p_lifecycle=0&p_p_state=normal&p_p_mode=view&_diputadomodule_mostrarFicha=true&codParlamentario=6&idLegislatura=XV&mostrarAgenda=false
7,Agustín Conde Bajén,True,True,,,https://twitter.com/AgustinCondeB,,https://www.congreso.es/es/busqueda-de-diputados?p_p_id=diputadomodule&p_p_lifecycle=0&p_p_state=normal&p_p_mode=view&_diputadomodule_mostrarFicha=true&codParlamentario=7&idLegislatura=XV&mostrarAgenda=false
8,Isabel María Pérez Ortiz,True,True,,https://www.instagram.com/isabelperezmarbella/,https://twitter.com/23IsaPerez,,https://www.congreso.es/es/busqueda-de-diputados?p_p_id=diputadomodule&p_p_lifecycle=0&p_p_state=normal&p_p_mode=view&_diputadomodule_mostrarFicha=true&codParlamentario=8&idLegislatura=XV&mostrarAgenda=false
9,Juan Bravo Baena,True,True,,https://www.instagram.com/juan.bravo.baena/,https://twitter.com/juanBravoBaena,,https://www.congreso.es/es/busqueda-de-diputados?p_p_id=diputadomodule&p_p_lifecycle=0&p_p_state=normal&p_p_mode=view&_diputadomodule_mostrarFicha=true&codParlamentario=9&idLegislatura=XV&mostrarAgenda=false
10,Luis Carlos Sahuquillo García,True,True,,,https://twitter.com/lcsahuquillo,,https://www.congreso.es/es/busqueda-de-diputados?p_p_id=diputadomodule&p_p_lifecycle=0&p_p_state=normal&p_p_mode=view&_diputadomodule_mostrarFicha=true&codParlamentario=10&idLegislatura=XV&mostrarAgenda=false
11,Luis Alfonso Rey de las Heras,True,True,,,https://twitter.com/LuisReyHeras,,https://www.congreso.es/es/busqueda-de-diputados?p_p_id=diputadomodule&p_p_lifecycle=0&p_p_state=normal&p_p_mode=view&_diputadomodule_mostrarFicha=true&codParlamentario=11&idLegislatura=XV&mostrarAgenda=false
12,Carlos Rojas García,True,True,https://www.facebook.com/Carlos-Rojas-Garc%C3%ADa-166753193370543,,https://twitter.com/CarlosRojas_PPA,,https://www.congreso.es/es/busqueda-de-diputados?p_p_id=diputadomodule&p_p_lifecycle=0&p_p_state=normal&p_p_mode=view&_diputadomodule_mostrarFicha=true&codParlamentario=12&idLegislatura=XV&mostrarAgenda=false
13,Ana María Pastor Julián,True,False,,,,,https://www.congreso.es/es/busqueda-de-diputados?p_p_id=diputadomodule&p_p_lifecycle=0&p_p_state=normal&p_p_mode=view&_diputadomodule_mostrarFicha=true&codParlamentario=13&idLegislatura=XV&mostrarAgenda=false
14,Pedro Fernández Hernández,True,True,,,https://twitter.com/pedro_fhz,,https://www.congreso.es/es/busqueda-de-diputados?p_p_id=diputadomodule&p_p_lifecycle=0&p_p_state=normal&p_p_mode=view&_diputadomodule_mostrarFicha=true&codParlamentario=14&idLegislatura=XV&mostrarAgenda=false
15,María Carmen Castilla Álvarez,True,True,,,https://twitter.com/mc_castilla,,https://www.congreso.es/es/busqueda-de-diputados?p_p_id=diputadomodule&p_p_lifecycle=0&p_p_state=normal&p_p_mode=view&_diputadomodule_mostrarFicha=true&codParlamentario=15&idLegislatura=XV&mostrarAgenda=false
16,Daniel Pérez Osma,True,True,https://www.facebook.com/perez.osma,https://www.instagram.com/danpros89,https://twitter.com/danpros89,,https://www.congreso.es/es/busqueda-de-diputados?p_p_id=diputadomodule&p_p_lifecycle=0&p_p_state=normal&p_p_mode=view&_diputadomodule_mostrarFicha=true&codParlamentario=16&idLegislatura=XV&mostrarAgenda=false
17,Daniel Senderos Oraá,True,True,,,https://twitter.com/danielsenderos,,https://www.congreso.es/es/busqueda-de-diputados?p_p_id=diputadomodule&p_p_lifecycle=0&p_p_state=normal&p_p_mode=view&_diputadomodule_mostrarFicha=true&codParlamentario=17&idLegislatura=XV&mostrarAgenda=false
18,Juan Carlos Jerez Antequera,True,True,,,https://twitter.com/jc_jerez,,https://www.congreso.es/es/busqueda-de-diputados?p_p_id=diputadomodule&p_p_lifecycle=0&p_p_state=normal&p_p_mode=view&_diputadomodule_mostrarFicha=true&codParlamentario=18&idLegislatura=XV&mostrarAgenda=false
19,María Mercè Perea i Conillas,True,True,https://www.facebook.com/merce.perea2,,https://twitter.com/merceperea,http://merceperea.es/,https://www.congreso.es/es/busqueda-de-diputados?p_p_id=diputadomodule&p_p_lifecycle=0&p_p_state=normal&p_p_mode=view&_diputadomodule_mostrarFicha=true&codParlamentario=19&idLegislatura=XV&mostrarAgenda=false
20,Sonia Guerra López,True,False,,,,,https://www.congreso.es/es/busqueda-de-diputados?p_p_id=diputadomodule&p_p_lifecycle=0&p_p_state=normal&p_p_mode=view&_diputadomodule_mostrarFicha=true&codParlamentario=20&idLegislatura=XV&mostrarAgenda=false
21,Francisco Aranda Vargas,True,True,,,https://twitter.com/arandapaco,,https://www.congreso.es/es/busqueda-de-diputados?p_p_id=diputadomodule&p_p_lifecycle=0&p_p_state=normal&p_p_mode=view&_diputadomodule_mostrarFicha=true&codParlamentario=21&idLegislatura=XV&mostrarAgenda=false
22,Teresa Llorens Carbonell,True,False,,,,,https://www.congreso.es/es/busqueda-de-diputados?p_p_id=diputadomodule&p_p_lifecycle=0&p_p_state=normal&p_p_mode=view&_diputadomodule_mostrarFicha=true&codParlamentario=22&idLegislatura=XV&mostrarAgenda=false
23,Ferran Verdejo Vicente,True,True,,https://www.instagram.com/,https://twitter.com/Ferran_Verdejo,,https://www.congreso.es/es/busqueda-de-diputados?p_p_id=diputadomodule&p_p_lifecycle=0&p_p_state=normal&p_p_mode=view&_diputadomodule_mostrarFicha=true&codParlamentario=23&idLegislatura=XV&mostrarAgenda=false
24,David Serrada Pariente,True,True,,,https://twitter.com/dvserrada,,https://www.congreso.es/es/busqueda-de-diputados?p_p_id=diputadomodule&p_p_lifecycle=0&p_p_state=normal&p_p_mode=view&_diputadomodule_mostrarFicha=true&codParlamentario=24&idLegislatura=XV&mostrarAgenda=false
25,Manuel García Félix,True,True,,,,,https://www.congreso.es/es/busqueda-de-diputados?p_p_id=diputadomodule&p_p_lifecycle=0&p_p_state=normal&p_p_mode=view&_diputadomodule_mostrarFicha=true&codParlamentario=25&idLegislatura=XV&mostrarAgenda=false
26,Miguel Tellado Filgueira,True,True,,https://www.instagram.com/migueltellado,https://twitter.com/mtelladof,,https://www.congreso.es/es/busqueda-de-diputados?p_p_id=diputadomodule&p_p_lifecycle=0&p_p_state=normal&p_p_mode=view&_diputadomodule_mostrarFicha=true&codParlamentario=26&idLegislatura=XV&mostrarAgenda=false
27,Álvaro Pérez López,True,True,,,,,https://www.congreso.es/es/busqueda-de-diputados?p_p_id=diputadomodule&p_p_lifecycle=0&p_p_state=normal&p_p_mode=view&_diputadomodule_mostrarFicha=true&codParlamentario=27&idLegislatura=XV&mostrarAgenda=false
28,Ester Muñoz de la Iglesia,True,True,https://www.facebook.com/profile.php?id=778933925,,https://twitter.com/EsterMunoz85,,https://www.congreso.es/es/busqueda-de-diputados?p_p_id=diputadomodule&p_p_lifecycle=0&p_p_state=normal&p_p_mode=view&_diputadomodule_mostrarFicha=true&codParlamentario=28&idLegislatura=XV&mostrarAgenda=false
29,Antidio Fagúndez Campo,True,True,,,https://twitter.com/antidiof,,https://www.congreso.es/es/busqueda-de-diputados?p_p_id=diputadomodule&p_p_lifecycle=0&p_p_state=normal&p_p_mode=view&_diputadomodule_mostrarFicha=true&codParlamentario=29&idLegislatura=XV&mostrarAgenda=false
30,Silvia Franco González,True,True,https://www.facebook.com/silvia.francogonzalez.14,https://www.instagram.com/francogonzalezsilvia/,https://twitter.com/silviafranco0,,https://www.congreso.es/es/busqueda-de-diputados?p_p_id=diputadomodule&p_p_lifecycle=0&p_p_state=normal&p_p_mode=view&_diputadomodule_mostrarFicha=true&codParlamentario=30&idLegislatura=XV&mostrarAgenda=false
31,Andrea Fernández Benéitez,True,True,,,https://twitter.com/afernb,,https://www.congreso.es/es/busqueda-de-diputados?p_p_id=diputadomodule&p_p_lifecycle=0&p_p_state=normal&p_p_mode=view&_diputadomodule_mostrarFicha=true&codParlamentario=31&idLegislatura=XV&mostrarAgenda=false
32,Celso Luis Delgado Arce,True,True,,,https://twitter.com/CelsoDelgadoOU,http://www.celsodelgado.gal/,https://www.congreso.es/es/busqueda-de-diputados?p_p_id=diputadomodule&p_p_lifecycle=0&p_p_state=normal&p_p_mode=view&_diputadomodule_mostrarFicha=true&codParlamentario=32&idLegislatura=XV&mostrarAgenda=false
33,Noemí Santana Perera,True,True,https://www.facebook.com/noemipmp,https://www.instagram.com/noemipmp/,https://twitter.com/noepmp,,https://www.congreso.es/es/busqueda-de-diputados?p_p_id=diputadomodule&p_p_lifecycle=0&p_p_state=normal&p_p_mode=view&_diputadomodule_mostrarFicha=true&codParlamentario=33&idLegislatura=XV&mostrarAgenda=false
34,Elvira Velasco Morillo,True,True,,,https://twitter.com/Evelascomorillo,,https://www.congreso.es/es/busqueda-de-diputados?p_p_id=diputadomodule&p_p_lifecycle=0&p_p_state=normal&p_p_mode=view&_diputadomodule_mostrarFicha=true&codParlamentario=34&idLegislatura=XV&mostrarAgenda=false
35,José Zaragoza Alonso,True,True,https://www.facebook.com/JoseZaragozaAlonso,https://www.instagram.com/_josezaragoza_/,https://twitter.com/j_zaragoza_,,https://www.congreso.es/es/busqueda-de-diputados?p_p_id=diputadomodule&p_p_lifecycle=0&p_p_state=normal&p_p_mode=view&_diputadomodule_mostrarFicha=true&codParlamentario=35&idLegislatura=XV&mostrarAgenda=false
36,Pedro Luis Huguet Tous,True,False,,,,,https://www.congreso.es/es/busqueda-de-diputados?p_p_id=diputadomodule&p_p_lifecycle=0&p_p_state=normal&p_p_mode=view&_diputadomodule_mostrarFicha=true&codParlamentario=36&idLegislatura=XV&mostrarAgenda=false
37,Antonio Hernando Vera,True,False,,,,,https://www.congreso.es/es/busqueda-de-diputados?p_p_id=diputadomodule&p_p_lifecycle=0&p_p_state=normal&p_p_mode=view&_diputadomodule_mostrarFicha=true&codParlamentario=37&idLegislatura=XV&mostrarAgenda=false
38,Cristina Valido García,True,True,,,https://twitter.com/CristinaValido,,https://www.congreso.es/es/busqueda-de-diputados?p_p_id=diputadomodule&p_p_lifecycle=0&p_p_state=normal&p_p_mode=view&_diputadomodule_mostrarFicha=true&codParlamentario=38&idLegislatura=XV&mostrarAgenda=false
39,María Araceli Poblador Pacheco,True,True,,,https://twitter.com/aracelipoblador,,https://www.congreso.es/es/busqueda-de-diputados?p_p_id=diputadomodule&p_p_lifecycle=0&p_p_state=normal&p_p_mode=view&_diputadomodule_mostrarFicha=true&codParlamentario=39&idLegislatura=XV&mostrarAgenda=false
40,Juan Francisco Serrano Martínez,True,True,https://www.facebook.com/juanf.serranomartinez,,https://twitter.com/jfrserrano,,https://www.congreso.es/es/busqueda-de-diputados?p_p_id=diputadomodule&p_p_lifecycle=0&p_p_state=normal&p_p_mode=view&_diputadomodule_mostrarFicha=true&codParlamentario=40&idLegislatura=XV&mostrarAgenda=false
41,Beatriz Jiménez Linuesa,True,True,https://www.facebook.com/beatriz.jimenezlinuesa,https://www.instagram.com/bealinuesita/,https://twitter.com/Linuesita,,https://www.congreso.es/es/busqueda-de-diputados?p_p_id=diputadomodule&p_p_lifecycle=0&p_p_state=normal&p_p_mode=view&_diputadomodule_mostrarFicha=true&codParlamentario=41&idLegislatura=XV&mostrarAgenda=false
42,Irene Garrido Valenzuela,True,True,,,https://twitter.com/garridoirene1,,https://www.congreso.es/es/busqueda-de-diputados?p_p_id=diputadomodule&p_p_lifecycle=0&p_p_state=normal&p_p_mode=view&_diputadomodule_mostrarFicha=true&codParlamentario=42&idLegislatura=XV&mostrarAgenda=false
43,Bella Verano Domínguez,True,True,https://www.facebook.com/BellaVeranoH,https://www.instagram.com/bellaveranodominguez/,https://twitter.com/VeranoDominguez,,https://www.congreso.es/es/busqueda-de-diputados?p_p_id=diputadomodule&p_p_lifecycle=0&p_p_state=normal&p_p_mode=view&_diputadomodule_mostrarFicha=true&codParlamentario=43&idLegislatura=XV&mostrarAgenda=false
44,María del Socorro Cuesta Rodríguez,True,True,https://www.facebook.com/maria.cuestarodriguez.7/,https://www.instagram.com/mariacuesta73/,https://twitter.com/mariacuesta73,,https://www.congreso.es/es/busqueda-de-diputados?p_p_id=diputadomodule&p_p_lifecycle=0&p_p_state=normal&p_p_mode=view&_diputadomodule_mostrarFicha=true&codParlamentario=44&idLegislatura=XV&mostrarAgenda=false
45,Pablo Pérez Coronado,True,True,https://www.facebook.com/pablo.perezcoronado,https://www.instagram.com/pabloperez_sg/,https://twitter.com/pcoronado__,,https://www.congreso.es/es/busqueda-de-diputados?p_p_id=diputadomodule&p_p_lifecycle=0&p_p_state=normal&p_p_mode=view&_diputadomodule_mostrarFicha=true&codParlamentario=45&idLegislatura=XV&mostrarAgenda=false
46,Óscar Ramajo Prada,True,True,https://www.facebook.com/OscarRamajoPradaRamis,https://www.instagram.com/oscarramajopradaramis/,https://twitter.com/oscarramis,,https://www.congreso.es/es/busqueda-de-diputados?p_p_id=diputadomodule&p_p_lifecycle=0&p_p_state=normal&p_p_mode=view&_diputadomodule_mostrarFicha=true&codParlamentario=46&idLegislatura=XV&mostrarAgenda=false
47,Cristina Teniente Sánchez,True,True,,,,,https://www.congreso.es/es/busqueda-de-diputados?p_p_id=diputadomodule&p_p_lifecycle=0&p_p_state=normal&p_p_mode=view&_diputadomodule_mostrarFicha=true&codParlamentario=47&idLegislatura=XV&mostrarAgenda=false
48,Macarena Lorente Anaya,True,True,,https://www.instagram.com/macarenaloran,https://twitter.com/macarenaloran,,https://www.congreso.es/es/busqueda-de-diputados?p_p_id=diputadomodule&p_p_lifecycle=0&p_p_state=normal&p_p_mode=view&_diputadomodule_mostrarFicha=true&codParlamentario=48&idLegislatura=XV&mostrarAgenda=false
49,Maribel García López,True,True,,,https://twitter.com/belitagl,,https://www.congreso.es/es/busqueda-de-diputados?p_p_id=diputadomodule&p_p_lifecycle=0&p_p_state=normal&p_p_mode=view&_diputadomodule_mostrarFicha=true&codParlamentario=49&idLegislatura=XV&mostrarAgenda=false
50,Raúl Díaz Marín,True,True,,https://www.instagram.com/rauldiaz_,https://twitter.com/rauldiaz_,,https://www.congreso.es/es/busqueda-de-diputados?p_p_id=diputadomodule&p_p_lifecycle=0&p_p_state=normal&p_p_mode=view&_diputadomodule_mostrarFicha=true&codParlamentario=50&idLegislatura=XV&mostrarAgenda=false
51,Patricia Rodríguez Calleja,True,True,,,https://twitter.com/RodrguezCall,,https://www.congreso.es/es/busqueda-de-diputados?p_p_id=diputadomodule&p_p_lifecycle=0&p_p_state=normal&p_p_mode=view&_diputadomodule_mostrarFicha=true&codParlamentario=51&idLegislatura=XV&mostrarAgenda=false
52,Juan José Aizcorbe Torra,True,True,,,https://twitter.com/JuanjoAizcorbe,,https://www.congreso.es/es/busqueda-de-diputados?p_p_id=diputadomodule&p_p_lifecycle=0&p_p_state=normal&p_p_mode=view&_diputadomodule_mostrarFicha=true&codParlamentario=52&idLegislatura=XV&mostrarAgenda=false
53,José María Sánchez García,True,True,,,,,https://www.congreso.es/es/busqueda-de-diputados?p_p_id=diputadomodule&p_p_lifecycle=0&p_p_state=normal&p_p_mode=view&_diputadomodule_mostrarFicha=true&codParlamentario=53&idLegislatura=XV&mostrarAgenda=false
54,Artemi Rallo Lombarte,True,True,https://www.facebook.com/profile.php?id=100010712202757,,https://twitter.com/ralloartemi,,https://www.congreso.es/es/busqueda-de-diputados?p_p_id=diputadomodule&p_p_lifecycle=0&p_p_state=normal&p_p_mode=view&_diputadomodule_mostrarFicha=true&codParlamentario=54&idLegislatura=XV&mostrarAgenda=false
55,Carlos Javier Floriano Corrales,True,True,,https://www.instagram.com/carlosfloriano67,,,https://www.congreso.es/es/busqueda-de-diputados?p_p_id=diputadomodule&p_p_lifecycle=0&p_p_state=normal&p_p_mode=view&_diputadomodule_mostrarFicha=true&codParlamentario=55&idLegislatura=XV&mostrarAgenda=false
56,Luis Planas Puchades,True,False,,,,,https://www.congreso.es/es/busqueda-de-diputados?p_p_id=diputadomodule&p_p_lifecycle=0&p_p_state=normal&p_p_mode=view&_diputadomodule_mostrarFicha=true&codParlamentario=56&idLegislatura=XV&mostrarAgenda=false
57,Santos Cerdán León,True,False,,,,,https://www.congreso.es/es/busqueda-de-diputados?p_p_id=diputadomodule&p_p_lifecycle=0&p_p_state=normal&p_p_mode=view&_diputadomodule_mostrarFicha=true&codParlamentario=57&idLegislatura=XV&mostrarAgenda=false
58,Susana Ros Martínez,True,True,https://www.facebook.com/susanarosmartinez,https://www.instagram.com/ros_susana_/,https://twitter.com/susana_ros,,https://www.congreso.es/es/busqueda-de-diputados?p_p_id=diputadomodule&p_p_lifecycle=0&p_p_state=normal&p_p_mode=view&_diputadomodule_mostrarFicha=true&codParlamentario=58&idLegislatura=XV&mostrarAgenda=false
59,Antonio Román Jasanada,True,True,https://www.facebook.com/antonio.roman.3154284,,https://twitter.com/AntonioRomanJ,,https://www.congreso.es/es/busqueda-de-diputados?p_p_id=diputadomodule&p_p_lifecycle=0&p_p_state=normal&p_p_mode=view&_diputadomodule_mostrarFicha=true&codParlamentario=59&idLegislatura=XV&mostrarAgenda=false
60,María Lourdes Ramírez Martín,True,True,https://www.facebook.com/lourdes.ramirezmartin,https://www.instagram.com/m.lourdesramirez/,https://twitter.com/mlourdesramirez,,https://www.congreso.es/es/busqueda-de-diputados?p_p_id=diputadomodule&p_p_lifecycle=0&p_p_state=normal&p_p_mode=view&_diputadomodule_mostrarFicha=true&codParlamentario=60&idLegislatura=XV&mostrarAgenda=false
61,Pablo Sáez Alonso,True,True,,,https://twitter.com/PabloSaezAM,,https://www.congreso.es/es/busqueda-de-diputados?p_p_id=diputadomodule&p_p_lifecycle=0&p_p_state=normal&p_p_mode=view&_diputadomodule_mostrarFicha=true&codParlamentario=61&idLegislatura=XV&mostrarAgenda=false
62,Andreu Martín Martínez,True,True,https://www.facebook.com/andreu.martin,,https://twitter.com/andreu_martin,,https://www.congreso.es/es/busqueda-de-diputados?p_p_id=diputadomodule&p_p_lifecycle=0&p_p_state=normal&p_p_mode=view&_diputadomodule_mostrarFicha=true&codParlamentario=62&idLegislatura=XV&mostrarAgenda=false
63,María Luz Martínez Seijo,True,True,,https://www.instagram.com/martinezseijo,https://twitter.com/luzseijo,,https://www.congreso.es/es/busqueda-de-diputados?p_p_id=diputadomodule&p_p_lifecycle=0&p_p_state=normal&p_p_mode=view&_diputadomodule_mostrarFicha=true&codParlamentario=63&idLegislatura=XV&mostrarAgenda=false
64,José Luis Aceves Galindo,True,True,https://www.facebook.com/joseluisaceves,,https://twitter.com/JLAceves,,https://www.congreso.es/es/busqueda-de-diputados?p_p_id=diputadomodule&p_p_lifecycle=0&p_p_state=normal&p_p_mode=view&_diputadomodule_mostrarFicha=true&codParlamentario=64&idLegislatura=XV&mostrarAgenda=false
65,Carmen Fúnez de Gregorio,True,True,,,https://twitter.com/carmenfunezdg,,https://www.congreso.es/es/busqueda-de-diputados?p_p_id=diputadomodule&p_p_lifecycle=0&p_p_state=normal&p_p_mode=view&_diputadomodule_mostrarFicha=true&codParlamentario=65&idLegislatura=XV&mostrarAgenda=false
66,Esteban González Pons,True,False,,,,,https://www.congreso.es/es/busqueda-de-diputados?p_p_id=diputadomodule&p_p_lifecycle=0&p_p_state=normal&p_p_mode=view&_diputadomodule_mostrarFicha=true&codParlamentario=66&idLegislatura=XV&mostrarAgenda=false
67,Belén Hoyo Juliá,True,True,https://www.facebook.com/belen.hoyojulia,,https://twitter.com/BelenHoyo,,https://www.congreso.es/es/busqueda-de-diputados?p_p_id=diputadomodule&p_p_lifecycle=0&p_p_state=normal&p_p_mode=view&_diputadomodule_mostrarFicha=true&codParlamentario=67&idLegislatura=XV&mostrarAgenda=false
68,Juan Carlos Ruiz Boix,True,True,https://www.facebook.com/profile.php?id=100069073335094,https://www.instagram.com/juancarlosruizboix/,https://twitter.com/jcruizboix,,https://www.congreso.es/es/busqueda-de-diputados?p_p_id=diputadomodule&p_p_lifecycle=0&p_p_state=normal&p_p_mode=view&_diputadomodule_mostrarFicha=true&codParlamentario=68&idLegislatura=XV&mostrarAgenda=false
69,Sofía Acedo Reyes,True,True,https://www.facebook.com/sofia.acedoreyes,https://www.instagram.com/sofiaacedor/,https://twitter.com/SofiAcedo,,https://www.congreso.es/es/busqueda-de-diputados?p_p_id=diputadomodule&p_p_lifecycle=0&p_p_state=normal&p_p_mode=view&_diputadomodule_mostrarFicha=true&codParlamentario=69&idLegislatura=XV&mostrarAgenda=false
70,José Ramírez del Río,True,True,,,https://twitter.com/joseramirezdel2,,https://www.congreso.es/es/busqueda-de-diputados?p_p_id=diputadomodule&p_p_lifecycle=0&p_p_state=normal&p_p_mode=view&_diputadomodule_mostrarFicha=true&codParlamentario=70&idLegislatura=XV&mostrarAgenda=false
71,María Isabel Prieto Serrano,True,True,https://www.facebook.com/mariaisabel.prietoserrano/,https://www.instagram.com/iprietoserrano/,https://twitter.com/iprietoserrano,,https://www.congreso.es/es/busqueda-de-diputados?p_p_id=diputadomodule&p_p_lifecycle=0&p_p_state=normal&p_p_mode=view&_diputadomodule_mostrarFicha=true&codParlamentario=71&idLegislatura=XV&mostrarAgenda=false
72,María Carmen Sánchez Díaz,True,True,,,https://twitter.com/_mamensanchez,,https://www.congreso.es/es/busqueda-de-diputados?p_p_id=diputadomodule&p_p_lifecycle=0&p_p_state=normal&p_p_mode=view&_diputadomodule_mostrarFicha=true&codParlamentario=72&idLegislatura=XV&mostrarAgenda=false
73,Ángel López Maraver,True,True,,,https://twitter.com/A_LopezMaraver,,https://www.congreso.es/es/busqueda-de-diputados?p_p_id=diputadomodule&p_p_lifecycle=0&p_p_state=normal&p_p_mode=view&_diputadomodule_mostrarFicha=true&codParlamentario=73&idLegislatura=XV&mostrarAgenda=false
74,Pedro Ignacio Gallardo Barrena,True,True,https://www.facebook.com/gallardobarrena,https://www.instagram.com/pedrogallardobarrena/,https://twitter.com/pedrogallardo73,,https://www.congreso.es/es/busqueda-de-diputados?p_p_id=diputadomodule&p_p_lifecycle=0&p_p_state=normal&p_p_mode=view&_diputadomodule_mostrarFicha=true&codParlamentario=74&idLegislatura=XV&mostrarAgenda=false
75,Ana Cobo Carmona,True,True,,,https://twitter.com/anacobocar,,https://www.congreso.es/es/busqueda-de-diputados?p_p_id=diputadomodule&p_p_lifecycle=0&p_p_state=normal&p_p_mode=view&_diputadomodule_mostrarFicha=true&codParlamentario=75&idLegislatura=XV&mostrarAgenda=false
76,María del Mar Vázquez Jiménez,True,True,,,https://twitter.com/DelMar74602,,https://www.congreso.es/es/busqueda-de-diputados?p_p_id=diputadomodule&p_p_lifecycle=0&p_p_state=normal&p_p_mode=view&_diputadomodule_mostrarFicha=true&codParlamentario=76&idLegislatura=XV&mostrarAgenda=false
77,Jordi Salvador i Duch,True,True,https://www.facebook.com/jordisalvadorduch,,https://twitter.com/jsalvadorduch,,https://www.congreso.es/es/busqueda-de-diputados?p_p_id=diputadomodule&p_p_lifecycle=0&p_p_state=normal&p_p_mode=view&_diputadomodule_mostrarFicha=true&codParlamentario=77&idLegislatura=XV&mostrarAgenda=false
78,Juan Antonio Valero Morales,True,True,https://www.facebook.com/ToniValeroMorales/,https://www.instagram.com/tonivalero_,https://twitter.com/Toni_Valero,,https://www.congreso.es/es/busqueda-de-diputados?p_p_id=diputadomodule&p_p_lifecycle=0&p_p_state=normal&p_p_mode=view&_diputadomodule_mostrarFicha=true&codParlamentario=78&idLegislatura=XV&mostrarAgenda=false
79,Amador Marqués Atés,True,True,,,https://twitter.com/amrqs,,https://www.congreso.es/es/busqueda-de-diputados?p_p_id=diputadomodule&p_p_lifecycle=0&p_p_state=normal&p_p_mode=view&_diputadomodule_mostrarFicha=true&codParlamentario=79&idLegislatura=XV&mostrarAgenda=false
80,Montse Mínguez García,True,True,,,https://twitter.com/montseminguez,,https://www.congreso.es/es/busqueda-de-diputados?p_p_id=diputadomodule&p_p_lifecycle=0&p_p_state=normal&p_p_mode=view&_diputadomodule_mostrarFicha=true&codParlamentario=80&idLegislatura=XV&mostrarAgenda=false
81,Inés Plaza García,True,True,https://www.facebook.com/plazagarciaines,https://www.instagram.com/inesplazapsoe/,https://twitter.com/inesplazapsoe,,https://www.congreso.es/es/busqueda-de-diputados?p_p_id=diputadomodule&p_p_lifecycle=0&p_p_state=normal&p_p_mode=view&_diputadomodule_mostrarFicha=true&codParlamentario=81&idLegislatura=XV&mostrarAgenda=false
82,María Mercedes Fernández González,True,True,,,https://twitter.com/cherines_pp,,https://www.congreso.es/es/busqueda-de-diputados?p_p_id=diputadomodule&p_p_lifecycle=0&p_p_state=normal&p_p_mode=view&_diputadomodule_mostrarFicha=true&codParlamentario=82&idLegislatura=XV&mostrarAgenda=false
83,Raquel Sánchez Jiménez,True,False,,,,,https://www.congreso.es/es/busqueda-de-diputados?p_p_id=diputadomodule&p_p_lifecycle=0&p_p_state=normal&p_p_mode=view&_diputadomodule_mostrarFicha=true&codParlamentario=83&idLegislatura=XV&mostrarAgenda=false
84,Cristóbal Garre Murcia,True,True,https://www.facebook.com/cristobal.garremurcia,https://www.instagram.com/garreasesores/,https://twitter.com/crisgarre,,https://www.congreso.es/es/busqueda-de-diputados?p_p_id=diputadomodule&p_p_lifecycle=0&p_p_state=normal&p_p_mode=view&_diputadomodule_mostrarFicha=true&codParlamentario=84&idLegislatura=XV&mostrarAgenda=false
85,Mario Cortés Carballo,True,True,,,https://twitter.com/mariocortesc,,https://www.congreso.es/es/busqueda-de-diputados?p_p_id=diputadomodule&p_p_lifecycle=0&p_p_state=normal&p_p_mode=view&_diputadomodule_mostrarFicha=true&codParlamentario=85&idLegislatura=XV&mostrarAgenda=false
86,Esther Gil de Reboleño Lastortres,True,True,https://www.facebook.com/esthergilsumarcadiz,https://www.instagram.com/esthergilsumar/,https://twitter.com/esthergilsumar,,https://www.congreso.es/es/busqueda-de-diputados?p_p_id=diputadomodule&p_p_lifecycle=0&p_p_state=normal&p_p_mode=view&_diputadomodule_mostrarFicha=true&codParlamentario=86&idLegislatura=XV&mostrarAgenda=false
87,Lander Martínez Hierro,True,True,,https://www.instagram.com/lander_martinez_hierro/,https://twitter.com/LanderMartinez_,,https://www.congreso.es/es/busqueda-de-diputados?p_p_id=diputadomodule&p_p_lifecycle=0&p_p_state=normal&p_p_mode=view&_diputadomodule_mostrarFicha=true&codParlamentario=87&idLegislatura=XV&mostrarAgenda=false
88,Isabel Gema Pérez Recuerda,True,True,https://www.facebook.com/profile.php?id=100009568950186,https://www.instagram.com/gemaperezrecuerda/,https://twitter.com/GRecuerda,,https://www.congreso.es/es/busqueda-de-diputados?p_p_id=diputadomodule&p_p_lifecycle=0&p_p_state=normal&p_p_mode=view&_diputadomodule_mostrarFicha=true&codParlamentario=88&idLegislatura=XV&mostrarAgenda=false
89,Ricardo Tarno Blanco,True,True,,,https://twitter.com/RicardoTarno,,https://www.congreso.es/es/busqueda-de-diputados?p_p_id=diputadomodule&p_p_lifecycle=0&p_p_state=normal&p_p_mode=view&_diputadomodule_mostrarFicha=true&codParlamentario=89&idLegislatura=XV&mostrarAgenda=false
90,Óscar Puente Santiago,True,True,,,https://twitter.com/oscar_puente_,,https://www.congreso.es/es/busqueda-de-diputados?p_p_id=diputadomodule&p_p_lifecycle=0&p_p_state=normal&p_p_mode=view&_diputadomodule_mostrarFicha=true&codParlamentario=90&idLegislatura=XV&mostrarAgenda=false
91,Luisa Sanz Martínez,True,True,,,https://twitter.com/LuisaSanzMtnez,,https://www.congreso.es/es/busqueda-de-diputados?p_p_id=diputadomodule&p_p_lifecycle=0&p_p_state=normal&p_p_mode=view&_diputadomodule_mostrarFicha=true&codParlamentario=91&idLegislatura=XV&mostrarAgenda=false
92,Txema Guijarro García,True,True,,,https://twitter.com/TxemaGuijarro,,https://www.congreso.es/es/busqueda-de-diputados?p_p_id=diputadomodule&p_p_lifecycle=0&p_p_state=normal&p_p_mode=view&_diputadomodule_mostrarFicha=true&codParlamentario=92&idLegislatura=XV&mostrarAgenda=false
93,Álvaro Morales Álvarez,True,True,https://www.facebook.com/moralesalv,https://www.instagram.com/moralesalvarezalvaro/,https://twitter.com/morales__alv,,https://www.congreso.es/es/busqueda-de-diputados?p_p_id=diputadomodule&p_p_lifecycle=0&p_p_state=normal&p_p_mode=view&_diputadomodule_mostrarFicha=true&codParlamentario=93&idLegislatura=XV&mostrarAgenda=false
94,Arnau Ramírez Carner,True,True,https://www.facebook.com/arnau.ramirezcarner,https://www.instagram.com/arnauramirez/,https://twitter.com/arnauramirez,,https://www.congreso.es/es/busqueda-de-diputados?p_p_id=diputadomodule&p_p_lifecycle=0&p_p_state=normal&p_p_mode=view&_diputadomodule_mostrarFicha=true&codParlamentario=94&idLegislatura=XV&mostrarAgenda=false
95,Esther Peña Camarero,True,True,,,https://twitter.com/estherpcamarero,,https://www.congreso.es/es/busqueda-de-diputados?p_p_id=diputadomodule&p_p_lifecycle=0&p_p_state=normal&p_p_mode=view&_diputadomodule_mostrarFicha=true&codParlamentario=95&idLegislatura=XV&mostrarAgenda=false
96,Manuel Arribas Maroto,True,True,,,https://twitter.com/ArribasManuel,,https://www.congreso.es/es/busqueda-de-diputados?p_p_id=diputadomodule&p_p_lifecycle=0&p_p_state=normal&p_p_mode=view&_diputadomodule_mostrarFicha=true&codParlamentario=96&idLegislatura=XV&mostrarAgenda=false
97,Isabel Rodríguez García,True,False,,,,,https://www.congreso.es/es/busqueda-de-diputados?p_p_id=diputadomodule&p_p_lifecycle=0&p_p_state=normal&p_p_mode=view&_diputadomodule_mostrarFicha=true&codParlamentario=97&idLegislatura=XV&mostrarAgenda=false
98,Gonzalo Redondo Cárdenas,True,True,,,https://twitter.com/GONZALO_REDONDO,,https://www.congreso.es/es/busqueda-de-diputados?p_p_id=diputadomodule&p_p_lifecycle=0&p_p_state=normal&p_p_mode=view&_diputadomodule_mostrarFicha=true&codParlamentario=98&idLegislatura=XV&mostrarAgenda=false
99,Javier Merino Martínez,True,True,https://www.facebook.com/javier.merinomartinez.5,https://www.instagram.com/javiermerinomartinez/,https://twitter.com/javier_merino,,https://www.congreso.es/es/busqueda-de-diputados?p_p_id=diputadomodule&p_p_lifecycle=0&p_p_state=normal&p_p_mode=view&_diputadomodule_mostrarFicha=true&codParlamentario=99&idLegislatura=XV&mostrarAgenda=false
100,César Joaquín Ramos Esteban,True,True,https://www.facebook.com/cesarramosesteban,https://www.instagram.com/cesarjramos/,https://twitter.com/CesarJRamos,http://cesarramos.es,https://www.congreso.es/es/busqueda-de-diputados?p_p_id=diputadomodule&p_p_lifecycle=0&p_p_state=normal&p_p_mode=view&_diputadomodule_mostrarFicha=true&codParlamentario=100&idLegislatura=XV&mostrarAgenda=false
101,Santi Rodríguez Serra,True,True,https://www.facebook.com/santi.r.serra,https://www.instagram.com/santi_rodriguez_serra/,https://twitter.com/santirodriguez,http://www.nonomeslletres.com/,https://www.congreso.es/es/busqueda-de-diputados?p_p_id=diputadomodule&p_p_lifecycle=0&p_p_state=normal&p_p_mode=view&_diputadomodule_mostrarFicha=true&codParlamentario=101&idLegislatura=XV&mostrarAgenda=false
102,Antonio Martínez Gómez,True,True,https://www.facebook.com/AntonioMtnezGmz/,https://www.instagram.com/antoniomartgom/,,,https://www.congreso.es/es/busqueda-de-diputados?p_p_id=diputadomodule&p_p_lifecycle=0&p_p_state=normal&p_p_mode=view&_diputadomodule_mostrarFicha=true&codParlamentario=102&idLegislatura=XV&mostrarAgenda=false
103,Trinidad Carmen Argota Castro,True,True,,,https://twitter.com/CastroArgota,,https://www.congreso.es/es/busqueda-de-diputados?p_p_id=diputadomodule&p_p_lifecycle=0&p_p_state=normal&p_p_mode=view&_diputadomodule_mostrarFicha=true&codParlamentario=103&idLegislatura=XV&mostrarAgenda=false
104,David García Gomis,True,True,,https://www.instagram.com/voxdavidgarcia/,https://twitter.com/VoxDavidgarcia,,https://www.congreso.es/es/busqueda-de-diputados?p_p_id=diputadomodule&p_p_lifecycle=0&p_p_state=normal&p_p_mode=view&_diputadomodule_mostrarFicha=true&codParlamentario=104&idLegislatura=XV&mostrarAgenda=false
105,Adriana Maldonado López,True,True,,https://www.instagram.com/adrianamaldonadol/,https://twitter.com/_amaldonado_,,https://www.congreso.es/es/busqueda-de-diputados?p_p_id=diputadomodule&p_p_lifecycle=0&p_p_state=normal&p_p_mode=view&_diputadomodule_mostrarFicha=true&codParlamentario=105&idLegislatura=XV&mostrarAgenda=false
106,Carmen Andrés Añón,True,True,,,https://twitter.com/carmenandres_,,https://www.congreso.es/es/busqueda-de-diputados?p_p_id=diputadomodule&p_p_lifecycle=0&p_p_state=normal&p_p_mode=view&_diputadomodule_mostrarFicha=true&codParlamentario=106&idLegislatura=XV&mostrarAgenda=false
107,Félix De las Cuevas Cortés,True,True,https://www.facebook.com/felixdlascuevas,https://www.instagram.com/felixdlascuevas/,https://twitter.com/felixdlascuevas,,https://www.congreso.es/es/busqueda-de-diputados?p_p_id=diputadomodule&p_p_lifecycle=0&p_p_state=normal&p_p_mode=view&_diputadomodule_mostrarFicha=true&codParlamentario=107&idLegislatura=XV&mostrarAgenda=false
108,Alberto Fabra Part,True,True,,,https://twitter.com/_AlbertoFabra,,https://www.congreso.es/es/busqueda-de-diputados?p_p_id=diputadomodule&p_p_lifecycle=0&p_p_state=normal&p_p_mode=view&_diputadomodule_mostrarFicha=true&codParlamentario=108&idLegislatura=XV&mostrarAgenda=false
109,Óscar Clavell López,True,True,https://www.facebook.com/oscar.clavell.7,https://www.instagram.com/oscarclavell/,https://twitter.com/OscarClavell,,https://www.congreso.es/es/busqueda-de-diputados?p_p_id=diputadomodule&p_p_lifecycle=0&p_p_state=normal&p_p_mode=view&_diputadomodule_mostrarFicha=true&codParlamentario=109&idLegislatura=XV&mostrarAgenda=false
110,Marc Lamuà Estañol,True,True,https://www.facebook.com/marc.estanol,,https://twitter.com/MarcLamua,,https://www.congreso.es/es/busqueda-de-diputados?p_p_id=diputadomodule&p_p_lifecycle=0&p_p_state=normal&p_p_mode=view&_diputadomodule_mostrarFicha=true&codParlamentario=110&idLegislatura=XV&mostrarAgenda=false
111,Blanca Cercas Mena,True,True,,,https://twitter.com/Blanca_Cercas,,https://www.congreso.es/es/busqueda-de-diputados?p_p_id=diputadomodule&p_p_lifecycle=0&p_p_state=normal&p_p_mode=view&_diputadomodule_mostrarFicha=true&codParlamentario=111&idLegislatura=XV&mostrarAgenda=false
112,Rafaela Romero Pozo,True,True,,,https://twitter.com/rafaela_romero,,https://www.congreso.es/es/busqueda-de-diputados?p_p_id=diputadomodule&p_p_lifecycle=0&p_p_state=normal&p_p_mode=view&_diputadomodule_mostrarFicha=true&codParlamentario=112&idLegislatura=XV&mostrarAgenda=false
113,María Luisa García Gurrutxaga,True,True,,,https://twitter.com/Lui58105478,,https://www.congreso.es/es/busqueda-de-diputados?p_p_id=diputadomodule&p_p_lifecycle=0&p_p_state=normal&p_p_mode=view&_diputadomodule_mostrarFicha=true&codParlamentario=113&idLegislatura=XV&mostrarAgenda=false
114,María Guijarro Ceballos,True,False,,,,,https://www.congreso.es/es/busqueda-de-diputados?p_p_id=diputadomodule&p_p_lifecycle=0&p_p_state=normal&p_p_mode=view&_diputadomodule_mostrarFicha=true&codParlamentario=114&idLegislatura=XV&mostrarAgenda=false
115,Javier José Folch Blanc,True,True,,https://www.instagram.com/javier.folch,,,https://www.congreso.es/es/busqueda-de-diputados?p_p_id=diputadomodule&p_p_lifecycle=0&p_p_state=normal&p_p_mode=view&_diputadomodule_mostrarFicha=true&codParlamentario=115&idLegislatura=XV&mostrarAgenda=false
116,Elisa Garrido Jiménez,True,True,,,https://twitter.com/elisagarrido,,https://www.congreso.es/es/busqueda-de-diputados?p_p_id=diputadomodule&p_p_lifecycle=0&p_p_state=normal&p_p_mode=view&_diputadomodule_mostrarFicha=true&codParlamentario=116&idLegislatura=XV&mostrarAgenda=false
117,Ignacio Gil Lázaro,True,True,,,,,https://www.congreso.es/es/busqueda-de-diputados?p_p_id=diputadomodule&p_p_lifecycle=0&p_p_state=normal&p_p_mode=view&_diputadomodule_mostrarFicha=true&codParlamentario=117&idLegislatura=XV&mostrarAgenda=false
118,José Antonio Bermúdez de Castro Fernández,True,True,,,,,https://www.congreso.es/es/busqueda-de-diputados?p_p_id=diputadomodule&p_p_lifecycle=0&p_p_state=normal&p_p_mode=view&_diputadomodule_mostrarFicha=true&codParlamentario=118&idLegislatura=XV&mostrarAgenda=false
119,Violante Tomás Olivares,True,True,https://www.facebook.com/violante.tomasolivares,https://www.instagram.com/violante.tomas/,https://twitter.com/ViolanteTomas,,https://www.congreso.es/es/busqueda-de-diputados?p_p_id=diputadomodule&p_p_lifecycle=0&p_p_state=normal&p_p_mode=view&_diputadomodule_mostrarFicha=true&codParlamentario=119&idLegislatura=XV&mostrarAgenda=false
120,Patxi López Álvarez,True,True,https://www.facebook.com/PatxiLopez,https://www.instagram.com/patxilopez/,https://twitter.com/patxilopez,http://www.patxilopez.com/,https://www.congreso.es/es/busqueda-de-diputados?p_p_id=diputadomodule&p_p_lifecycle=0&p_p_state=normal&p_p_mode=view&_diputadomodule_mostrarFicha=true&codParlamentario=120&idLegislatura=XV&mostrarAgenda=false
121,Jacobo González,True,True,,https://www.instagram.com/cocorobatto,https://twitter.com/cocorobatto,,https://www.congreso.es/es/busqueda-de-diputados?p_p_id=diputadomodule&p_p_lifecycle=0&p_p_state=normal&p_p_mode=view&_diputadomodule_mostrarFicha=true&codParlamentario=121&idLegislatura=XV&mostrarAgenda=false
122,Rafael Cofiño Fernández,True,True,,,https://twitter.com/rcofinof,,https://www.congreso.es/es/busqueda-de-diputados?p_p_id=diputadomodule&p_p_lifecycle=0&p_p_state=normal&p_p_mode=view&_diputadomodule_mostrarFicha=true&codParlamentario=122&idLegislatura=XV&mostrarAgenda=false
123,Sergio Carlos Matos Castro,True,False,,,,,https://www.congreso.es/es/busqueda-de-diputados?p_p_id=diputadomodule&p_p_lifecycle=0&p_p_state=normal&p_p_mode=view&_diputadomodule_mostrarFicha=true&codParlamentario=123&idLegislatura=XV&mostrarAgenda=false
124,Emilio Jesús Del Valle Rodríguez,True,True,,,https://twitter.com/edelvallerod,,https://www.congreso.es/es/busqueda-de-diputados?p_p_id=diputadomodule&p_p_lifecycle=0&p_p_state=normal&p_p_mode=view&_diputadomodule_mostrarFicha=true&codParlamentario=124&idLegislatura=XV&mostrarAgenda=false
125,Enrique Fernando Santiago Romero,True,True,,,https://twitter.com/EnriqueSantiago,,https://www.congreso.es/es/busqueda-de-diputados?p_p_id=diputadomodule&p_p_lifecycle=0&p_p_state=normal&p_p_mode=view&_diputadomodule_mostrarFicha=true&codParlamentario=125&idLegislatura=XV&mostrarAgenda=false
126,Francisco José Salazar Rodríguez,True,False,,,,,https://www.congreso.es/es/busqueda-de-diputados?p_p_id=diputadomodule&p_p_lifecycle=0&p_p_state=normal&p_p_mode=view&_diputadomodule_mostrarFicha=true&codParlamentario=126&idLegislatura=XV&mostrarAgenda=false
127,José Luis Ábalos Meco,True,True,https://www.facebook.com/jose.l.meco,,https://twitter.com/abalosmeco,http://joseluisabalos.wordpress.com/,https://www.congreso.es/es/busqueda-de-diputados?p_p_id=diputadomodule&p_p_lifecycle=0&p_p_state=normal&p_p_mode=view&_diputadomodule_mostrarFicha=true&codParlamentario=127&idLegislatura=XV&mostrarAgenda=false
128,José Antonio Rodríguez Salas,True,True,https://www.facebook.com/JoseantonioJun/,https://www.instagram.com/joseantoniojun/,https://twitter.com/JoseantonioJun,,https://www.congreso.es/es/busqueda-de-diputados?p_p_id=diputadomodule&p_p_lifecycle=0&p_p_state=normal&p_p_mode=view&_diputadomodule_mostrarFicha=true&codParlamentario=128&idLegislatura=XV&mostrarAgenda=false
129,Modesto Pose Mesura,True,True,,,https://twitter.com/modestopose,,https://www.congreso.es/es/busqueda-de-diputados?p_p_id=diputadomodule&p_p_lifecycle=0&p_p_state=normal&p_p_mode=view&_diputadomodule_mostrarFicha=true&codParlamentario=129&idLegislatura=XV&mostrarAgenda=false
130,Herminio Rufino Sancho Íñiguez,True,True,https://www.facebook.com/herminio.sanchoiniquez,,https://twitter.com/sancho_herminio,,https://www.congreso.es/es/busqueda-de-diputados?p_p_id=diputadomodule&p_p_lifecycle=0&p_p_state=normal&p_p_mode=view&_diputadomodule_mostrarFicha=true&codParlamentario=130&idLegislatura=XV&mostrarAgenda=false
131,Juan Diego Requena Ruiz,True,True,https://www.facebook.com/JuanDiegoRequenaRuiz,https://www.instagram.com/juandiego_requena/,https://twitter.com/JDRequenaRuiz,,https://www.congreso.es/es/busqueda-de-diputados?p_p_id=diputadomodule&p_p_lifecycle=0&p_p_state=normal&p_p_mode=view&_diputadomodule_mostrarFicha=true&codParlamentario=131&idLegislatura=XV&mostrarAgenda=false
132,Joan Mesquida Mayans,True,True,https://www.facebook.com/jmesquidamayans,https://www.instagram.com/joanmesquidamayans,,,https://www.congreso.es/es/busqueda-de-diputados?p_p_id=diputadomodule&p_p_lifecycle=0&p_p_state=normal&p_p_mode=view&_diputadomodule_mostrarFicha=true&codParlamentario=132&idLegislatura=XV&mostrarAgenda=false
133,Ada Santana Aguilera,True,True,https://www.facebook.com/ada.santanaaguilera.9,https://www.instagram.com/ada_aguilera,https://twitter.com/adaSantana98,,https://www.congreso.es/es/busqueda-de-diputados?p_p_id=diputadomodule&p_p_lifecycle=0&p_p_state=normal&p_p_mode=view&_diputadomodule_mostrarFicha=true&codParlamentario=133&idLegislatura=XV&mostrarAgenda=false
134,Alicia Álvarez González,True,True,,,https://twitter.com/aliciaalvarezsc,,https://www.congreso.es/es/busqueda-de-diputados?p_p_id=diputadomodule&p_p_lifecycle=0&p_p_state=normal&p_p_mode=view&_diputadomodule_mostrarFicha=true&codParlamentario=134&idLegislatura=XV&mostrarAgenda=false
135,David Regades Fernández,True,False,,,,,https://www.congreso.es/es/busqueda-de-diputados?p_p_id=diputadomodule&p_p_lifecycle=0&p_p_state=normal&p_p_mode=view&_diputadomodule_mostrarFicha=true&codParlamentario=135&idLegislatura=XV&mostrarAgenda=false
136,Cristina Agüera Gago,True,True,,,https://twitter.com/CristinaAgueraG,,https://www.congreso.es/es/busqueda-de-diputados?p_p_id=diputadomodule&p_p_lifecycle=0&p_p_state=normal&p_p_mode=view&_diputadomodule_mostrarFicha=true&codParlamentario=136&idLegislatura=XV&mostrarAgenda=false
137,Isabel Iniesta Egido,True,True,https://www.facebook.com/isabelbelen.iniestaegido,,,,https://www.congreso.es/es/busqueda-de-diputados?p_p_id=diputadomodule&p_p_lifecycle=0&p_p_state=normal&p_p_mode=view&_diputadomodule_mostrarFicha=true&codParlamentario=137&idLegislatura=XV&mostrarAgenda=false
138,Emilio Sáez Cruz,True,True,,,https://twitter.com/emiliosaezcruz,,https://www.congreso.es/es/busqueda-de-diputados?p_p_id=diputadomodule&p_p_lifecycle=0&p_p_state=normal&p_p_mode=view&_diputadomodule_mostrarFicha=true&codParlamentario=138&idLegislatura=XV&mostrarAgenda=false
139,María Adrio Taracido,True,True,,,https://twitter.com/MariaAdrio1,,https://www.congreso.es/es/busqueda-de-diputados?p_p_id=diputadomodule&p_p_lifecycle=0&p_p_state=normal&p_p_mode=view&_diputadomodule_mostrarFicha=true&codParlamentario=139&idLegislatura=XV&mostrarAgenda=false
140,Alfonso Rodríguez Gómez de Celis,True,True,,https://www.instagram.com/gomezdcelis/,https://twitter.com/gomezdcelis,,https://www.congreso.es/es/busqueda-de-diputados?p_p_id=diputadomodule&p_p_lifecycle=0&p_p_state=normal&p_p_mode=view&_diputadomodule_mostrarFicha=true&codParlamentario=140&idLegislatura=XV&mostrarAgenda=false
141,Javier Noriega Gómez,True,True,,,https://twitter.com/javiernoriegago,,https://www.congreso.es/es/busqueda-de-diputados?p_p_id=diputadomodule&p_p_lifecycle=0&p_p_state=normal&p_p_mode=view&_diputadomodule_mostrarFicha=true&codParlamentario=141&idLegislatura=XV&mostrarAgenda=false
142,Luc Andre Diouf Dioh,True,True,https://www.facebook.com/lucandrediouf.dioh,https://www.instagram.com/lucandrediouf/,https://twitter.com/dioufluc,,https://www.congreso.es/es/busqueda-de-diputados?p_p_id=diputadomodule&p_p_lifecycle=0&p_p_state=normal&p_p_mode=view&_diputadomodule_mostrarFicha=true&codParlamentario=142&idLegislatura=XV&mostrarAgenda=false
143,Beatriz Álvarez Fanjul,True,True,,https://www.instagram.com/bea_fanjul/,https://twitter.com/bea_fanjul,,https://www.congreso.es/es/busqueda-de-diputados?p_p_id=diputadomodule&p_p_lifecycle=0&p_p_state=normal&p_p_mode=view&_diputadomodule_mostrarFicha=true&codParlamentario=143&idLegislatura=XV&mostrarAgenda=false
144,José Ramón Gómez Besteiro,True,False,,,,,https://www.congreso.es/es/busqueda-de-diputados?p_p_id=diputadomodule&p_p_lifecycle=0&p_p_state=normal&p_p_mode=view&_diputadomodule_mostrarFicha=true&codParlamentario=144&idLegislatura=XV&mostrarAgenda=false
145,Isabel María Borrego Cortés,True,True,,,https://twitter.com/borrego_corte,,https://www.congreso.es/es/busqueda-de-diputados?p_p_id=diputadomodule&p_p_lifecycle=0&p_p_state=normal&p_p_mode=view&_diputadomodule_mostrarFicha=true&codParlamentario=145&idLegislatura=XV&mostrarAgenda=false
146,Margarita Martín Rodríguez,True,True,,,https://twitter.com/MargaMartin_Ou,,https://www.congreso.es/es/busqueda-de-diputados?p_p_id=diputadomodule&p_p_lifecycle=0&p_p_state=normal&p_p_mode=view&_diputadomodule_mostrarFicha=true&codParlamentario=146&idLegislatura=XV&mostrarAgenda=false
147,Miquel Iceta i Llorens,True,False,,,,,https://www.congreso.es/es/busqueda-de-diputados?p_p_id=diputadomodule&p_p_lifecycle=0&p_p_state=normal&p_p_mode=view&_diputadomodule_mostrarFicha=true&codParlamentario=147&idLegislatura=XV&mostrarAgenda=false
148,Sergio Sayas López,True,True,,,https://twitter.com/sergiosayas,,https://www.congreso.es/es/busqueda-de-diputados?p_p_id=diputadomodule&p_p_lifecycle=0&p_p_state=normal&p_p_mode=view&_diputadomodule_mostrarFicha=true&codParlamentario=148&idLegislatura=XV&mostrarAgenda=false
149,Alberto Catalán Higueras,True,True,https://www.facebook.com/alberto.catalanhigueras,https://www.instagram.com/catahi/,https://twitter.com/albertocatalanh,,https://www.congreso.es/es/busqueda-de-diputados?p_p_id=diputadomodule&p_p_lifecycle=0&p_p_state=normal&p_p_mode=view&_diputadomodule_mostrarFicha=true&codParlamentario=149&idLegislatura=XV&mostrarAgenda=false
150,Pedro Samuel Martín García,True,True,,,,,https://www.congreso.es/es/busqueda-de-diputados?p_p_id=diputadomodule&p_p_lifecycle=0&p_p_state=normal&p_p_mode=view&_diputadomodule_mostrarFicha=true&codParlamentario=150&idLegislatura=XV&mostrarAgenda=false
151,María Jesús Moro Almaraz,True,True,,https://www.instagram.com/moroalma14,https://twitter.com/MoroMjesus,,https://www.congreso.es/es/busqueda-de-diputados?p_p_id=diputadomodule&p_p_lifecycle=0&p_p_state=normal&p_p_mode=view&_diputadomodule_mostrarFicha=true&codParlamentario=151&idLegislatura=XV&mostrarAgenda=false
152,Carlos Alberto Sánchez Ojeda,True,True,https://www.facebook.com/carlosalberto.sanchezojeda,https://www.instagram.com/carlosalbertosanchezojeda/,https://twitter.com/CarlosSanchezGC,,https://www.congreso.es/es/busqueda-de-diputados?p_p_id=diputadomodule&p_p_lifecycle=0&p_p_state=normal&p_p_mode=view&_diputadomodule_mostrarFicha=true&codParlamentario=152&idLegislatura=XV&mostrarAgenda=false
153,Adriana Lastra Fernández,True,False,,,,,https://www.congreso.es/es/busqueda-de-diputados?p_p_id=diputadomodule&p_p_lifecycle=0&p_p_state=normal&p_p_mode=view&_diputadomodule_mostrarFicha=true&codParlamentario=153&idLegislatura=XV&mostrarAgenda=false
154,Rafaela Crespín Rubio,True,True,,,https://twitter.com/rafi_crespin,,https://www.congreso.es/es/busqueda-de-diputados?p_p_id=diputadomodule&p_p_lifecycle=0&p_p_state=normal&p_p_mode=view&_diputadomodule_mostrarFicha=true&codParlamentario=154&idLegislatura=XV&mostrarAgenda=false
155,Laura María Lima García,True,True,https://www.facebook.com/laura.limagarcia,,https://twitter.com/lauralimagarcia,,https://www.congreso.es/es/busqueda-de-diputados?p_p_id=diputadomodule&p_p_lifecycle=0&p_p_state=normal&p_p_mode=view&_diputadomodule_mostrarFicha=true&codParlamentario=155&idLegislatura=XV&mostrarAgenda=false
156,Juan Antonio Rojas Manrique,True,True,,,https://twitter.com/JARojasPP,,https://www.congreso.es/es/busqueda-de-diputados?p_p_id=diputadomodule&p_p_lifecycle=0&p_p_state=normal&p_p_mode=view&_diputadomodule_mostrarFicha=true&codParlamentario=156&idLegislatura=XV&mostrarAgenda=false
157,Engracia Rivera Arias,True,True,https://www.facebook.com/engraciar,https://www.instagram.com/engraciarivera/,https://twitter.com/engracia_rivera,,https://www.congreso.es/es/busqueda-de-diputados?p_p_id=diputadomodule&p_p_lifecycle=0&p_p_state=normal&p_p_mode=view&_diputadomodule_mostrarFicha=true&codParlamentario=157&idLegislatura=XV&mostrarAgenda=false
158,Milagros Tolón Jaime,True,False,,,,,https://www.congreso.es/es/busqueda-de-diputados?p_p_id=diputadomodule&p_p_lifecycle=0&p_p_state=normal&p_p_mode=view&_diputadomodule_mostrarFicha=true&codParlamentario=158&idLegislatura=XV&mostrarAgenda=false
159,Carlos Flores Juberías,True,True,,https://www.instagram.com/floresjuberias/,https://twitter.com/floresjuberias,,https://www.congreso.es/es/busqueda-de-diputados?p_p_id=diputadomodule&p_p_lifecycle=0&p_p_state=normal&p_p_mode=view&_diputadomodule_mostrarFicha=true&codParlamentario=159&idLegislatura=XV&mostrarAgenda=false
160,Cristina Abades Martínez,True,True,,,,,https://www.congreso.es/es/busqueda-de-diputados?p_p_id=diputadomodule&p_p_lifecycle=0&p_p_state=normal&p_p_mode=view&_diputadomodule_mostrarFicha=true&codParlamentario=160&idLegislatura=XV&mostrarAgenda=false
161,Jaime Eduardo de Olano Vela,True,True,https://www.facebook.com/jaime.deolanovela,https://www.instagram.com/jaimedeolanopp/,https://twitter.com/jaimedeolano,,https://www.congreso.es/es/busqueda-de-diputados?p_p_id=diputadomodule&p_p_lifecycle=0&p_p_state=normal&p_p_mode=view&_diputadomodule_mostrarFicha=true&codParlamentario=161&idLegislatura=XV&mostrarAgenda=false
162,Javier Celaya Brey,True,True,https://www.facebook.com/jcelayabrey,,https://twitter.com/jcelayab,,https://www.congreso.es/es/busqueda-de-diputados?p_p_id=diputadomodule&p_p_lifecycle=0&p_p_state=normal&p_p_mode=view&_diputadomodule_mostrarFicha=true&codParlamentario=162&idLegislatura=XV&mostrarAgenda=false
163,Silverio Argüelles García,True,True,https://www.facebook.com/silverio.arguellesgarcia,https://www.instagram.com/silverio_arguelles/,https://twitter.com/silvearguelles,,https://www.congreso.es/es/busqueda-de-diputados?p_p_id=diputadomodule&p_p_lifecycle=0&p_p_state=normal&p_p_mode=view&_diputadomodule_mostrarFicha=true&codParlamentario=163&idLegislatura=XV&mostrarAgenda=false
164,Àgueda Micó Micó,True,True,,https://www.instagram.com/aguedamico/,https://twitter.com/aguedamico,,https://www.congreso.es/es/busqueda-de-diputados?p_p_id=diputadomodule&p_p_lifecycle=0&p_p_state=normal&p_p_mode=view&_diputadomodule_mostrarFicha=true&codParlamentario=164&idLegislatura=XV&mostrarAgenda=false
165,Alberto Ibáñez Mezquita,True,True,,,https://twitter.com/alberto_aim,,https://www.congreso.es/es/busqueda-de-diputados?p_p_id=diputadomodule&p_p_lifecycle=0&p_p_state=normal&p_p_mode=view&_diputadomodule_mostrarFicha=true&codParlamentario=165&idLegislatura=XV&mostrarAgenda=false
166,Nahuel González López,True,True,https://www.facebook.com/profile.php?id=100093213447043,https://www.instagram.com/nahgon_/,https://twitter.com/nah_gon,,https://www.congreso.es/es/busqueda-de-diputados?p_p_id=diputadomodule&p_p_lifecycle=0&p_p_state=normal&p_p_mode=view&_diputadomodule_mostrarFicha=true&codParlamentario=166&idLegislatura=XV&mostrarAgenda=false
167,María Luisa Faneca López,True,True,,,https://twitter.com/MLuisaFaneca,,https://www.congreso.es/es/busqueda-de-diputados?p_p_id=diputadomodule&p_p_lifecycle=0&p_p_state=normal&p_p_mode=view&_diputadomodule_mostrarFicha=true&codParlamentario=167&idLegislatura=XV&mostrarAgenda=false
168,Gabriel Cruz Santana,True,True,,,https://twitter.com/GabrielCruzSt,,https://www.congreso.es/es/busqueda-de-diputados?p_p_id=diputadomodule&p_p_lifecycle=0&p_p_state=normal&p_p_mode=view&_diputadomodule_mostrarFicha=true&codParlamentario=168&idLegislatura=XV&mostrarAgenda=false
169,Martina Velarde Gómez,True,True,,,https://twitter.com/MartinaVelardeG,,https://www.congreso.es/es/busqueda-de-diputados?p_p_id=diputadomodule&p_p_lifecycle=0&p_p_state=normal&p_p_mode=view&_diputadomodule_mostrarFicha=true&codParlamentario=169&idLegislatura=XV&mostrarAgenda=false
170,Patricia Blanquer Alcaraz,True,True,https://www.facebook.com/patricia.blanqueralcaraz,,https://twitter.com/Patri_Blanquer,http://www.patriciablanquer.es/,https://www.congreso.es/es/busqueda-de-diputados?p_p_id=diputadomodule&p_p_lifecycle=0&p_p_state=normal&p_p_mode=view&_diputadomodule_mostrarFicha=true&codParlamentario=170&idLegislatura=XV&mostrarAgenda=false
171,Valle Mellado Sierra,True,True,,https://www.instagram.com/valle_mellado/,https://twitter.com/TgnValle,,https://www.congreso.es/es/busqueda-de-diputados?p_p_id=diputadomodule&p_p_lifecycle=0&p_p_state=normal&p_p_mode=view&_diputadomodule_mostrarFicha=true&codParlamentario=171&idLegislatura=XV&mostrarAgenda=false
172,Agustín Parra Gallego,True,True,,,https://twitter.com/agustinparra,,https://www.congreso.es/es/busqueda-de-diputados?p_p_id=diputadomodule&p_p_lifecycle=0&p_p_state=normal&p_p_mode=view&_diputadomodule_mostrarFicha=true&codParlamentario=172&idLegislatura=XV&mostrarAgenda=false
173,Nacho Martín Blanco,True,True,,https://www.instagram.com/nacho.martin.blanco/,https://twitter.com/nmartinblanco,,https://www.congreso.es/es/busqueda-de-diputados?p_p_id=diputadomodule&p_p_lifecycle=0&p_p_state=normal&p_p_mode=view&_diputadomodule_mostrarFicha=true&codParlamentario=173&idLegislatura=XV&mostrarAgenda=false
174,Llanos De Luna Tobarra,True,True,,,https://twitter.com/llanosdeluna,,https://www.congreso.es/es/busqueda-de-diputados?p_p_id=diputadomodule&p_p_lifecycle=0&p_p_state=normal&p_p_mode=view&_diputadomodule_mostrarFicha=true&codParlamentario=174&idLegislatura=XV&mostrarAgenda=false
175,Rafael Benigno Belmonte Gómez,True,True,,,https://twitter.com/rafael_belgom,,https://www.congreso.es/es/busqueda-de-diputados?p_p_id=diputadomodule&p_p_lifecycle=0&p_p_state=normal&p_p_mode=view&_diputadomodule_mostrarFicha=true&codParlamentario=175&idLegislatura=XV&mostrarAgenda=false
176,Alberto Rojo Blas,True,True,,,https://twitter.com/AlbertoRojoBlas,,https://www.congreso.es/es/busqueda-de-diputados?p_p_id=diputadomodule&p_p_lifecycle=0&p_p_state=normal&p_p_mode=view&_diputadomodule_mostrarFicha=true&codParlamentario=176&idLegislatura=XV&mostrarAgenda=false
177,Maribel Sánchez Torregrosa,True,True,,,https://twitter.com/maribelhovera,,https://www.congreso.es/es/busqueda-de-diputados?p_p_id=diputadomodule&p_p_lifecycle=0&p_p_state=normal&p_p_mode=view&_diputadomodule_mostrarFicha=true&codParlamentario=177&idLegislatura=XV&mostrarAgenda=false
178,Begoña Nasarre Oliva,True,True,https://www.facebook.com/begonasarre,,https://twitter.com/Begonasarre,,https://www.congreso.es/es/busqueda-de-diputados?p_p_id=diputadomodule&p_p_lifecycle=0&p_p_state=normal&p_p_mode=view&_diputadomodule_mostrarFicha=true&codParlamentario=178&idLegislatura=XV&mostrarAgenda=false
179,Pablo Vázquez Vega,True,False,,,,,https://www.congreso.es/es/busqueda-de-diputados?p_p_id=diputadomodule&p_p_lifecycle=0&p_p_state=normal&p_p_mode=view&_diputadomodule_mostrarFicha=true&codParlamentario=179&idLegislatura=XV&mostrarAgenda=false
180,Ángel Ibáñez Hernando,True,True,,https://www.instagram.com/angelibanezhernando,https://twitter.com/angelibaher,,https://www.congreso.es/es/busqueda-de-diputados?p_p_id=diputadomodule&p_p_lifecycle=0&p_p_state=normal&p_p_mode=view&_diputadomodule_mostrarFicha=true&codParlamentario=180&idLegislatura=XV&mostrarAgenda=false
181,Miguel Ángel Quintanilla Navarro,True,True,,,,,https://www.congreso.es/es/busqueda-de-diputados?p_p_id=diputadomodule&p_p_lifecycle=0&p_p_state=normal&p_p_mode=view&_diputadomodule_mostrarFicha=true&codParlamentario=181&idLegislatura=XV&mostrarAgenda=false
182,Joaquín Martínez Salmerón,True,True,,,https://twitter.com/JomasaJoaquin,,https://www.congreso.es/es/busqueda-de-diputados?p_p_id=diputadomodule&p_p_lifecycle=0&p_p_state=normal&p_p_mode=view&_diputadomodule_mostrarFicha=true&codParlamentario=182&idLegislatura=XV&mostrarAgenda=false
183,María Pilar Alía Aguado,True,True,https://www.facebook.com/pilar.aliaaguado,https://www.instagram.com/pilaraliaaguado,https://twitter.com/pilaraliaa,,https://www.congreso.es/es/busqueda-de-diputados?p_p_id=diputadomodule&p_p_lifecycle=0&p_p_state=normal&p_p_mode=view&_diputadomodule_mostrarFicha=true&codParlamentario=183&idLegislatura=XV&mostrarAgenda=false
184,José Manuel Velasco Retamosa,True,True,,,https://twitter.com/jmvelascor,,https://www.congreso.es/es/busqueda-de-diputados?p_p_id=diputadomodule&p_p_lifecycle=0&p_p_state=normal&p_p_mode=view&_diputadomodule_mostrarFicha=true&codParlamentario=184&idLegislatura=XV&mostrarAgenda=false
185,Francina Armengol Socias,True,True,https://www.facebook.com/farmengolsocias,https://www.instagram.com/f_armengol,https://twitter.com/F_Armengol,,https://www.congreso.es/es/busqueda-de-diputados?p_p_id=diputadomodule&p_p_lifecycle=0&p_p_state=normal&p_p_mode=view&_diputadomodule_mostrarFicha=true&codParlamentario=185&idLegislatura=XV&mostrarAgenda=false
186,Milena Herrera García,True,True,https://www.facebook.com/herrmilena,https://www.instagram.com/milena_herrera,https://twitter.com/milena_herrera,,https://www.congreso.es/es/busqueda-de-diputados?p_p_id=diputadomodule&p_p_lifecycle=0&p_p_state=normal&p_p_mode=view&_diputadomodule_mostrarFicha=true&codParlamentario=186&idLegislatura=XV&mostrarAgenda=false
187,María Dolores Corujo Berriel,True,True,,,https://twitter.com/loli_mcorujo,,https://www.congreso.es/es/busqueda-de-diputados?p_p_id=diputadomodule&p_p_lifecycle=0&p_p_state=normal&p_p_mode=view&_diputadomodule_mostrarFicha=true&codParlamentario=187&idLegislatura=XV&mostrarAgenda=false
188,José Vicente Marí Bosó,True,True,,https://www.instagram.com/jvmariboso,https://twitter.com/jvmariboso,,https://www.congreso.es/es/busqueda-de-diputados?p_p_id=diputadomodule&p_p_lifecycle=0&p_p_state=normal&p_p_mode=view&_diputadomodule_mostrarFicha=true&codParlamentario=188&idLegislatura=XV&mostrarAgenda=false
189,Pedro Sánchez Pérez,True,True,https://www.facebook.com/pedro.sanchezperezcastejon/,https://www.instagram.com/sanchezcastejon/,https://twitter.com/sanchezcastejon,https://sanchezcastejon.es,https://www.congreso.es/es/busqueda-de-diputados?p_p_id=diputadomodule&p_p_lifecycle=0&p_p_state=normal&p_p_mode=view&_diputadomodule_mostrarFicha=true&codParlamentario=189&idLegislatura=XV&mostrarAgenda=false
190,Pepe Mercadal Baquero,True,True,,https://www.instagram.com/pepecei,https://twitter.com/pepemercadal,,https://www.congreso.es/es/busqueda-de-diputados?p_p_id=diputadomodule&p_p_lifecycle=0&p_p_state=normal&p_p_mode=view&_diputadomodule_mostrarFicha=true&codParlamentario=190&idLegislatura=XV&mostrarAgenda=false
191,Isaura Leal Fernández,True,True,,,https://twitter.com/isauralealf,,https://www.congreso.es/es/busqueda-de-diputados?p_p_id=diputadomodule&p_p_lifecycle=0&p_p_state=normal&p_p_mode=view&_diputadomodule_mostrarFicha=true&codParlamentario=191&idLegislatura=XV&mostrarAgenda=false
192,Vicenç Vidal Matas,True,True,,,https://twitter.com/vidalmatas14,,https://www.congreso.es/es/busqueda-de-diputados?p_p_id=diputadomodule&p_p_lifecycle=0&p_p_state=normal&p_p_mode=view&_diputadomodule_mostrarFicha=true&codParlamentario=192&idLegislatura=XV&mostrarAgenda=false
193,José María Figaredo Álvarez,True,True,,,https://twitter.com/FigaredoJose,,https://www.congreso.es/es/busqueda-de-diputados?p_p_id=diputadomodule&p_p_lifecycle=0&p_p_state=normal&p_p_mode=view&_diputadomodule_mostrarFicha=true&codParlamentario=193&idLegislatura=XV&mostrarAgenda=false
194,Ignacio Hoces Íñiguez,True,True,,,https://twitter.com/Ignacio_Hoces,,https://www.congreso.es/es/busqueda-de-diputados?p_p_id=diputadomodule&p_p_lifecycle=0&p_p_state=normal&p_p_mode=view&_diputadomodule_mostrarFicha=true&codParlamentario=194&idLegislatura=XV&mostrarAgenda=false
195,Roberto García Morís,True,True,,,https://twitter.com/MorisSiero,,https://www.congreso.es/es/busqueda-de-diputados?p_p_id=diputadomodule&p_p_lifecycle=0&p_p_state=normal&p_p_mode=view&_diputadomodule_mostrarFicha=true&codParlamentario=195&idLegislatura=XV&mostrarAgenda=false
196,Ana Belén Vázquez Blanco,True,True,https://www.facebook.com/anabelen.vazquezblanco.1,https://www.instagram.com/anadebande/,https://twitter.com/anadebande,,https://www.congreso.es/es/busqueda-de-diputados?p_p_id=diputadomodule&p_p_lifecycle=0&p_p_state=normal&p_p_mode=view&_diputadomodule_mostrarFicha=true&codParlamentario=196&idLegislatura=XV&mostrarAgenda=false
197,Rosa Quintana Carballo,True,True,,,https://twitter.com/RosaQuintanaMar,,https://www.congreso.es/es/busqueda-de-diputados?p_p_id=diputadomodule&p_p_lifecycle=0&p_p_state=normal&p_p_mode=view&_diputadomodule_mostrarFicha=true&codParlamentario=197&idLegislatura=XV&mostrarAgenda=false
198,Tristana María Moraleja Gómez,True,True,,,https://twitter.com/TristanaMg,,https://www.congreso.es/es/busqueda-de-diputados?p_p_id=diputadomodule&p_p_lifecycle=0&p_p_state=normal&p_p_mode=view&_diputadomodule_mostrarFicha=true&codParlamentario=198&idLegislatura=XV&mostrarAgenda=false
199,Pedro Puy Fraga,True,True,,,,,https://www.congreso.es/es/busqueda-de-diputados?p_p_id=diputadomodule&p_p_lifecycle=0&p_p_state=normal&p_p_mode=view&_diputadomodule_mostrarFicha=true&codParlamentario=199&idLegislatura=XV&mostrarAgenda=false
200,Marta González Vázquez,True,True,,,https://twitter.com/martaglezvzqz,,https://www.congreso.es/es/busqueda-de-diputados?p_p_id=diputadomodule&p_p_lifecycle=0&p_p_state=normal&p_p_mode=view&_diputadomodule_mostrarFicha=true&codParlamentario=200&idLegislatura=XV&mostrarAgenda=false
201,Jorge Pueyo Sanz,True,True,,,https://twitter.com/jorge_pueyo95,,https://www.congreso.es/es/busqueda-de-diputados?p_p_id=diputadomodule&p_p_lifecycle=0&p_p_state=normal&p_p_mode=view&_diputadomodule_mostrarFicha=true&codParlamentario=201&idLegislatura=XV&mostrarAgenda=false
202,Rafael Antonio Hernando Fraile,True,True,https://www.facebook.com/RafaelHernandoPP,,https://twitter.com/Rafa_Hernando,,https://www.congreso.es/es/busqueda-de-diputados?p_p_id=diputadomodule&p_p_lifecycle=0&p_p_state=normal&p_p_mode=view&_diputadomodule_mostrarFicha=true&codParlamentario=202&idLegislatura=XV&mostrarAgenda=false
203,Lourdes Méndez Monasterio,True,True,,,https://twitter.com/LourdesMndezM1,,https://www.congreso.es/es/busqueda-de-diputados?p_p_id=diputadomodule&p_p_lifecycle=0&p_p_state=normal&p_p_mode=view&_diputadomodule_mostrarFicha=true&codParlamentario=203&idLegislatura=XV&mostrarAgenda=false
204,María Sandra Moneo Díez,True,True,,,https://twitter.com/DiezMoneo,,https://www.congreso.es/es/busqueda-de-diputados?p_p_id=diputadomodule&p_p_lifecycle=0&p_p_state=normal&p_p_mode=view&_diputadomodule_mostrarFicha=true&codParlamentario=204&idLegislatura=XV&mostrarAgenda=false
205,Javier De Andrés Guerra,True,False,,,,,https://www.congreso.es/es/busqueda-de-diputados?p_p_id=diputadomodule&p_p_lifecycle=0&p_p_state=normal&p_p_mode=view&_diputadomodule_mostrarFicha=true&codParlamentario=205&idLegislatura=XV&mostrarAgenda=false
206,Miguel Ángel Sastre Uyá,True,True,https://www.facebook.com/miguelangel.sastreuya,https://www.instagram.com/miguelsastreuya/,https://twitter.com/miguelsastreuya,,https://www.congreso.es/es/busqueda-de-diputados?p_p_id=diputadomodule&p_p_lifecycle=0&p_p_state=normal&p_p_mode=view&_diputadomodule_mostrarFicha=true&codParlamentario=206&idLegislatura=XV&mostrarAgenda=false
207,Jorge Campos Asensi,True,True,,,https://twitter.com/jcamposasensi,,https://www.congreso.es/es/busqueda-de-diputados?p_p_id=diputadomodule&p_p_lifecycle=0&p_p_state=normal&p_p_mode=view&_diputadomodule_mostrarFicha=true&codParlamentario=207&idLegislatura=XV&mostrarAgenda=false
208,Enrique Belda Pérez,True,True,,https://www.instagram.com/diputadobelda/,https://twitter.com/diputadoBelda,,https://www.congreso.es/es/busqueda-de-diputados?p_p_id=diputadomodule&p_p_lifecycle=0&p_p_state=normal&p_p_mode=view&_diputadomodule_mostrarFicha=true&codParlamentario=208&idLegislatura=XV&mostrarAgenda=false
209,Elías Bendodo Benasayag,True,True,https://www.facebook.com/eliasbendodo,https://instagram.com/eliasbendodo,https://twitter.com/eliasbendodo,,https://www.congreso.es/es/busqueda-de-diputados?p_p_id=diputadomodule&p_p_lifecycle=0&p_p_state=normal&p_p_mode=view&_diputadomodule_mostrarFicha=true&codParlamentario=209&idLegislatura=XV&mostrarAgenda=false
210,Julia Parra Aparicio,True,True,,,https://twitter.com/JuliaParra73,,https://www.congreso.es/es/busqueda-de-diputados?p_p_id=diputadomodule&p_p_lifecycle=0&p_p_state=normal&p_p_mode=view&_diputadomodule_mostrarFicha=true&codParlamentario=210&idLegislatura=XV&mostrarAgenda=false
211,Joaquín Melgarejo Moreno,True,True,,,,,https://www.congreso.es/es/busqueda-de-diputados?p_p_id=diputadomodule&p_p_lifecycle=0&p_p_state=normal&p_p_mode=view&_diputadomodule_mostrarFicha=true&codParlamentario=211&idLegislatura=XV&mostrarAgenda=false
212,Sandra Pascual Rocamora,True,True,,,https://twitter.com/sandrapascual_,,https://www.congreso.es/es/busqueda-de-diputados?p_p_id=diputadomodule&p_p_lifecycle=0&p_p_state=normal&p_p_mode=view&_diputadomodule_mostrarFicha=true&codParlamentario=212&idLegislatura=XV&mostrarAgenda=false
213,Ana Martínez Labella,True,True,https://www.facebook.com/ana.martinezlabella,https://www.instagram.com/amartinezlabella,https://twitter.com/AnaMartinezLab1,,https://www.congreso.es/es/busqueda-de-diputados?p_p_id=diputadomodule&p_p_lifecycle=0&p_p_state=normal&p_p_mode=view&_diputadomodule_mostrarFicha=true&codParlamentario=213&idLegislatura=XV&mostrarAgenda=false
214,Tomás Fernández Ríos,True,True,,,https://twitter.com/tom_fdez,,https://www.congreso.es/es/busqueda-de-diputados?p_p_id=diputadomodule&p_p_lifecycle=0&p_p_state=normal&p_p_mode=view&_diputadomodule_mostrarFicha=true&codParlamentario=214&idLegislatura=XV&mostrarAgenda=false
215,Carmen Navarro Lacoba,True,True,,,https://twitter.com/CnLacoba,,https://www.congreso.es/es/busqueda-de-diputados?p_p_id=diputadomodule&p_p_lifecycle=0&p_p_state=normal&p_p_mode=view&_diputadomodule_mostrarFicha=true&codParlamentario=215&idLegislatura=XV&mostrarAgenda=false
216,Macarena Montesinos de Miguel,True,True,,,https://twitter.com/MackMontesinos,,https://www.congreso.es/es/busqueda-de-diputados?p_p_id=diputadomodule&p_p_lifecycle=0&p_p_state=normal&p_p_mode=view&_diputadomodule_mostrarFicha=true&codParlamentario=216&idLegislatura=XV&mostrarAgenda=false
217,César Sánchez Pérez,True,True,,https://www.instagram.com/sanchezcesar/,https://twitter.com/sanchezcesar,,https://www.congreso.es/es/busqueda-de-diputados?p_p_id=diputadomodule&p_p_lifecycle=0&p_p_state=normal&p_p_mode=view&_diputadomodule_mostrarFicha=true&codParlamentario=217&idLegislatura=XV&mostrarAgenda=false
218,Carmen Martínez Ramírez,True,True,,https://www.instagram.com/carmenpsoe/,https://twitter.com/carmenpsoe,,https://www.congreso.es/es/busqueda-de-diputados?p_p_id=diputadomodule&p_p_lifecycle=0&p_p_state=normal&p_p_mode=view&_diputadomodule_mostrarFicha=true&codParlamentario=218&idLegislatura=XV&mostrarAgenda=false
219,Vicent Manuel Sarrià Morell,True,True,,,https://twitter.com/SarriMorell,,https://www.congreso.es/es/busqueda-de-diputados?p_p_id=diputadomodule&p_p_lifecycle=0&p_p_state=normal&p_p_mode=view&_diputadomodule_mostrarFicha=true&codParlamentario=219&idLegislatura=XV&mostrarAgenda=false
220,Marta Trenzano Rubio,True,True,https://www.facebook.com/marta.trenzanorubio.3,https://www.instagram.com/martatrenzano,https://twitter.com/martatrenzano,,https://www.congreso.es/es/busqueda-de-diputados?p_p_id=diputadomodule&p_p_lifecycle=0&p_p_state=normal&p_p_mode=view&_diputadomodule_mostrarFicha=true&codParlamentario=220&idLegislatura=XV&mostrarAgenda=false
221,Inés Granollers Cunillera,True,True,https://www.facebook.com/ines.granollers,,https://twitter.com/InesGranollers,,https://www.congreso.es/es/busqueda-de-diputados?p_p_id=diputadomodule&p_p_lifecycle=0&p_p_state=normal&p_p_mode=view&_diputadomodule_mostrarFicha=true&codParlamentario=221&idLegislatura=XV&mostrarAgenda=false
222,Francesc,True,True,,,https://twitter.com/fmarcalvaro,,https://www.congreso.es/es/busqueda-de-diputados?p_p_id=diputadomodule&p_p_lifecycle=0&p_p_state=normal&p_p_mode=view&_diputadomodule_mostrarFicha=true&codParlamentario=222&idLegislatura=XV&mostrarAgenda=false
223,Pilar Vallugera Balañà,True,True,,,https://twitter.com/PilarVallugera,,https://www.congreso.es/es/busqueda-de-diputados?p_p_id=diputadomodule&p_p_lifecycle=0&p_p_state=normal&p_p_mode=view&_diputadomodule_mostrarFicha=true&codParlamentario=223&idLegislatura=XV&mostrarAgenda=false
224,Teresa Jordà i Roura,True,True,,,https://twitter.com/teresajorda,,https://www.congreso.es/es/busqueda-de-diputados?p_p_id=diputadomodule&p_p_lifecycle=0&p_p_state=normal&p_p_mode=view&_diputadomodule_mostrarFicha=true&codParlamentario=224&idLegislatura=XV&mostrarAgenda=false
225,Carlos Martín Urriza,True,True,,,https://twitter.com/carlosurriza,,https://www.congreso.es/es/busqueda-de-diputados?p_p_id=diputadomodule&p_p_lifecycle=0&p_p_state=normal&p_p_mode=view&_diputadomodule_mostrarFicha=true&codParlamentario=225&idLegislatura=XV&mostrarAgenda=false
226,Begoña García Bernal,True,False,,,,,https://www.congreso.es/es/busqueda-de-diputados?p_p_id=diputadomodule&p_p_lifecycle=0&p_p_state=normal&p_p_mode=view&_diputadomodule_mostrarFicha=true&codParlamentario=226&idLegislatura=XV&mostrarAgenda=false
227,Luis Alberto Marín González,True,False,,,,,https://www.congreso.es/es/busqueda-de-diputados?p_p_id=diputadomodule&p_p_lifecycle=0&p_p_state=normal&p_p_mode=view&_diputadomodule_mostrarFicha=true&codParlamentario=227&idLegislatura=XV&mostrarAgenda=false
228,Juan Antonio González Gracia,True,True,,,https://twitter.com/jagonzalez_78,,https://www.congreso.es/es/busqueda-de-diputados?p_p_id=diputadomodule&p_p_lifecycle=0&p_p_state=normal&p_p_mode=view&_diputadomodule_mostrarFicha=true&codParlamentario=228&idLegislatura=XV&mostrarAgenda=false
229,Rafael Simancas Simancas,True,True,,,https://twitter.com/SimancasRafael,,https://www.congreso.es/es/busqueda-de-diputados?p_p_id=diputadomodule&p_p_lifecycle=0&p_p_state=normal&p_p_mode=view&_diputadomodule_mostrarFicha=true&codParlamentario=229&idLegislatura=XV&mostrarAgenda=false
230,Francisco Lucas Ayala,True,False,,,,,https://www.congreso.es/es/busqueda-de-diputados?p_p_id=diputadomodule&p_p_lifecycle=0&p_p_state=normal&p_p_mode=view&_diputadomodule_mostrarFicha=true&codParlamentario=230&idLegislatura=XV&mostrarAgenda=false
231,Caridad Rives Arcayna,True,True,,,https://twitter.com/CaridadRives,,https://www.congreso.es/es/busqueda-de-diputados?p_p_id=diputadomodule&p_p_lifecycle=0&p_p_state=normal&p_p_mode=view&_diputadomodule_mostrarFicha=true&codParlamentario=231&idLegislatura=XV&mostrarAgenda=false
232,Sergio Gutiérrez Prieto,True,True,,,https://twitter.com/Sergio_GP,,https://www.congreso.es/es/busqueda-de-diputados?p_p_id=diputadomodule&p_p_lifecycle=0&p_p_state=normal&p_p_mode=view&_diputadomodule_mostrarFicha=true&codParlamentario=232&idLegislatura=XV&mostrarAgenda=false
233,Margarita Robles Fernández,True,False,,,,,https://www.congreso.es/es/busqueda-de-diputados?p_p_id=diputadomodule&p_p_lifecycle=0&p_p_state=normal&p_p_mode=view&_diputadomodule_mostrarFicha=true&codParlamentario=233&idLegislatura=XV&mostrarAgenda=false
234,María de las Mercedes Cantalapiedra Álvarez,True,True,,,https://twitter.com/mmcantalapiedra,,https://www.congreso.es/es/busqueda-de-diputados?p_p_id=diputadomodule&p_p_lifecycle=0&p_p_state=normal&p_p_mode=view&_diputadomodule_mostrarFicha=true&codParlamentario=234&idLegislatura=XV&mostrarAgenda=false
235,Jimena Delgado,True,True,,,https://twitter.com/JimenaLPGC,,https://www.congreso.es/es/busqueda-de-diputados?p_p_id=diputadomodule&p_p_lifecycle=0&p_p_state=normal&p_p_mode=view&_diputadomodule_mostrarFicha=true&codParlamentario=235&idLegislatura=XV&mostrarAgenda=false
236,Pedro Muñoz Abrines,True,True,,,https://twitter.com/MunozAbrines,,https://www.congreso.es/es/busqueda-de-diputados?p_p_id=diputadomodule&p_p_lifecycle=0&p_p_state=normal&p_p_mode=view&_diputadomodule_mostrarFicha=true&codParlamentario=236&idLegislatura=XV&mostrarAgenda=false
237,Carmen Calvo Poyato,True,False,,,,,https://www.congreso.es/es/busqueda-de-diputados?p_p_id=diputadomodule&p_p_lifecycle=0&p_p_state=normal&p_p_mode=view&_diputadomodule_mostrarFicha=true&codParlamentario=237&idLegislatura=XV&mostrarAgenda=false
238,Néstor Rego Candamil,True,True,https://www.facebook.com/nestor.rego,,https://twitter.com/NestorRego,,https://www.congreso.es/es/busqueda-de-diputados?p_p_id=diputadomodule&p_p_lifecycle=0&p_p_state=normal&p_p_mode=view&_diputadomodule_mostrarFicha=true&codParlamentario=238&idLegislatura=XV&mostrarAgenda=false
239,Isidre Gavin i Valls,True,True,https://www.facebook.com/isidre.gavin,https://www.instagram.com/gavinisidre,https://twitter.com/isidregavin,,https://www.congreso.es/es/busqueda-de-diputados?p_p_id=diputadomodule&p_p_lifecycle=0&p_p_state=normal&p_p_mode=view&_diputadomodule_mostrarFicha=true&codParlamentario=239&idLegislatura=XV&mostrarAgenda=false
240,Eduard Pujol Bonell,True,False,,,,,https://www.congreso.es/es/busqueda-de-diputados?p_p_id=diputadomodule&p_p_lifecycle=0&p_p_state=normal&p_p_mode=view&_diputadomodule_mostrarFicha=true&codParlamentario=240&idLegislatura=XV&mostrarAgenda=false
241,Míriam Nogueras i Camero,True,True,,,https://twitter.com/miriamnoguerasM,,https://www.congreso.es/es/busqueda-de-diputados?p_p_id=diputadomodule&p_p_lifecycle=0&p_p_state=normal&p_p_mode=view&_diputadomodule_mostrarFicha=true&codParlamentario=241&idLegislatura=XV&mostrarAgenda=false
242,Josep Maria Cervera Pinart,True,True,https://www.facebook.com/jmcerverapinart,https://www.instagram.com/josepmcervera/,https://twitter.com/josepmcervera,https://josepmcervera.blogspot.com/,https://www.congreso.es/es/busqueda-de-diputados?p_p_id=diputadomodule&p_p_lifecycle=0&p_p_state=normal&p_p_mode=view&_diputadomodule_mostrarFicha=true&codParlamentario=242&idLegislatura=XV&mostrarAgenda=false
243,Pilar Calvo Gómez,True,True,,,https://twitter.com/pilarcalvo13,http://pilarcalvo.com/,https://www.congreso.es/es/busqueda-de-diputados?p_p_id=diputadomodule&p_p_lifecycle=0&p_p_state=normal&p_p_mode=view&_diputadomodule_mostrarFicha=true&codParlamentario=243&idLegislatura=XV&mostrarAgenda=false
244,Josep Maria Cruset Domènech,True,True,,,https://twitter.com/jmcruset,,https://www.congreso.es/es/busqueda-de-diputados?p_p_id=diputadomodule&p_p_lifecycle=0&p_p_state=normal&p_p_mode=view&_diputadomodule_mostrarFicha=true&codParlamentario=244&idLegislatura=XV&mostrarAgenda=false
245,Marta Madrenas i Mir,True,True,https://www.facebook.com/marta.madrenas.mir,https://www.instagram.com/martamadrenas/,https://twitter.com/martamadrenas,,https://www.congreso.es/es/busqueda-de-diputados?p_p_id=diputadomodule&p_p_lifecycle=0&p_p_state=normal&p_p_mode=view&_diputadomodule_mostrarFicha=true&codParlamentario=245&idLegislatura=XV&mostrarAgenda=false
246,Esperanza Reynal Reillo,True,True,,,https://twitter.com/sepereynal,,https://www.congreso.es/es/busqueda-de-diputados?p_p_id=diputadomodule&p_p_lifecycle=0&p_p_state=normal&p_p_mode=view&_diputadomodule_mostrarFicha=true&codParlamentario=246&idLegislatura=XV&mostrarAgenda=false
247,Carlos Gil Santiago,True,True,,,https://twitter.com/CarlosGilS,,https://www.congreso.es/es/busqueda-de-diputados?p_p_id=diputadomodule&p_p_lifecycle=0&p_p_state=normal&p_p_mode=view&_diputadomodule_mostrarFicha=true&codParlamentario=247&idLegislatura=XV&mostrarAgenda=false
248,Fernando De Rosa Torner,True,True,,,https://twitter.com/fernandoderosa4,,https://www.congreso.es/es/busqueda-de-diputados?p_p_id=diputadomodule&p_p_lifecycle=0&p_p_state=normal&p_p_mode=view&_diputadomodule_mostrarFicha=true&codParlamentario=248&idLegislatura=XV&mostrarAgenda=false
249,Blanca Armario González,True,True,https://www.facebook.com/profile.php?id=100083562305859,https://www.instagram.com/blancaarmario/,https://twitter.com/armarioblanca,,https://www.congreso.es/es/busqueda-de-diputados?p_p_id=diputadomodule&p_p_lifecycle=0&p_p_state=normal&p_p_mode=view&_diputadomodule_mostrarFicha=true&codParlamentario=249&idLegislatura=XV&mostrarAgenda=false
250,Pedro Navarro López,True,True,,https://www.instagram.com/pedro_navarr0/,https://twitter.com/PedroNavarroL,,https://www.congreso.es/es/busqueda-de-diputados?p_p_id=diputadomodule&p_p_lifecycle=0&p_p_state=normal&p_p_mode=view&_diputadomodule_mostrarFicha=true&codParlamentario=250&idLegislatura=XV&mostrarAgenda=false
251,María del Mar González Bella,True,False,,,,,https://www.congreso.es/es/busqueda-de-diputados?p_p_id=diputadomodule&p_p_lifecycle=0&p_p_state=normal&p_p_mode=view&_diputadomodule_mostrarFicha=true&codParlamentario=251&idLegislatura=XV&mostrarAgenda=false
252,Javier Alfonso Cendón,True,True,https://www.facebook.com/alfonsocendon,https://www.instagram.com/alfonsocendon/,https://twitter.com/alfonsocendon,,https://www.congreso.es/es/busqueda-de-diputados?p_p_id=diputadomodule&p_p_lifecycle=0&p_p_state=normal&p_p_mode=view&_diputadomodule_mostrarFicha=true&codParlamentario=252&idLegislatura=XV&mostrarAgenda=false
253,Félix Bolaños García,True,True,https://www.facebook.com/felixbolanosg,https://www.instagram.com/felixbolanosg/,https://twitter.com/felixbolanosg,,https://www.congreso.es/es/busqueda-de-diputados?p_p_id=diputadomodule&p_p_lifecycle=0&p_p_state=normal&p_p_mode=view&_diputadomodule_mostrarFicha=true&codParlamentario=253&idLegislatura=XV&mostrarAgenda=false
254,Alma Alfonso Silvestre,True,True,,https://www.instagram.com/alma_alfonsosilvestre/,https://twitter.com/AlmaAlfonsoS,,https://www.congreso.es/es/busqueda-de-diputados?p_p_id=diputadomodule&p_p_lifecycle=0&p_p_state=normal&p_p_mode=view&_diputadomodule_mostrarFicha=true&codParlamentario=254&idLegislatura=XV&mostrarAgenda=false
255,Guillermo Mariscal Anaya,True,True,,https://www.instagram.com/guillermomariscalanaya/,https://twitter.com/gmariscalanaya,,https://www.congreso.es/es/busqueda-de-diputados?p_p_id=diputadomodule&p_p_lifecycle=0&p_p_state=normal&p_p_mode=view&_diputadomodule_mostrarFicha=true&codParlamentario=255&idLegislatura=XV&mostrarAgenda=false
256,Andrés Alberto Rodríguez Almeida,True,True,https://www.facebook.com/albertville,https://www.instagram.com/albertorodriguezalmeida_vox/,https://twitter.com/AlbertoRA_VOX,,https://www.congreso.es/es/busqueda-de-diputados?p_p_id=diputadomodule&p_p_lifecycle=0&p_p_state=normal&p_p_mode=view&_diputadomodule_mostrarFicha=true&codParlamentario=256&idLegislatura=XV&mostrarAgenda=false
257,Obdulia Taboadela Álvarez,True,True,,,https://twitter.com/OTaboadela,,https://www.congreso.es/es/busqueda-de-diputados?p_p_id=diputadomodule&p_p_lifecycle=0&p_p_state=normal&p_p_mode=view&_diputadomodule_mostrarFicha=true&codParlamentario=257&idLegislatura=XV&mostrarAgenda=false
258,Borja Sémper Pascual,True,True,,,https://twitter.com/bsemper,,https://www.congreso.es/es/busqueda-de-diputados?p_p_id=diputadomodule&p_p_lifecycle=0&p_p_state=normal&p_p_mode=view&_diputadomodule_mostrarFicha=true&codParlamentario=258&idLegislatura=XV&mostrarAgenda=false
259,Carlos Aragonés Mendiguchía,True,True,,,,,https://www.congreso.es/es/busqueda-de-diputados?p_p_id=diputadomodule&p_p_lifecycle=0&p_p_state=normal&p_p_mode=view&_diputadomodule_mostrarFicha=true&codParlamentario=259&idLegislatura=XV&mostrarAgenda=false
260,Bartolomé Madrid Olmo,True,True,,,https://twitter.com/bmadridolmo,,https://www.congreso.es/es/busqueda-de-diputados?p_p_id=diputadomodule&p_p_lifecycle=0&p_p_state=normal&p_p_mode=view&_diputadomodule_mostrarFicha=true&codParlamentario=260&idLegislatura=XV&mostrarAgenda=false
261,Óscar López Águeda,True,False,,,,,https://www.congreso.es/es/busqueda-de-diputados?p_p_id=diputadomodule&p_p_lifecycle=0&p_p_state=normal&p_p_mode=view&_diputadomodule_mostrarFicha=true&codParlamentario=261&idLegislatura=XV&mostrarAgenda=false
262,Ione Belarra Urteaga,True,True,https://www.facebook.com/IoneBelarra/,https://www.instagram.com/ionebelarra/,https://twitter.com/ionebelarra,,https://www.congreso.es/es/busqueda-de-diputados?p_p_id=diputadomodule&p_p_lifecycle=0&p_p_state=normal&p_p_mode=view&_diputadomodule_mostrarFicha=true&codParlamentario=262&idLegislatura=XV&mostrarAgenda=false
263,Manuel Mariscal Zabala,True,True,,,https://twitter.com/MariscalZabala,,https://www.congreso.es/es/busqueda-de-diputados?p_p_id=diputadomodule&p_p_lifecycle=0&p_p_state=normal&p_p_mode=view&_diputadomodule_mostrarFicha=true&codParlamentario=263&idLegislatura=XV&mostrarAgenda=false
264,Ignacio López Cano,True,True,,https://www.instagram.com/nasholop/,https://twitter.com/nasholop,,https://www.congreso.es/es/busqueda-de-diputados?p_p_id=diputadomodule&p_p_lifecycle=0&p_p_state=normal&p_p_mode=view&_diputadomodule_mostrarFicha=true&codParlamentario=264&idLegislatura=XV&mostrarAgenda=false
265,Asier Antona Gómez,True,False,,,,,https://www.congreso.es/es/busqueda-de-diputados?p_p_id=diputadomodule&p_p_lifecycle=0&p_p_state=normal&p_p_mode=view&_diputadomodule_mostrarFicha=true&codParlamentario=265&idLegislatura=XV&mostrarAgenda=false
266,Carlos García Adanero,True,True,,,https://twitter.com/GarciaAdanero,,https://www.congreso.es/es/busqueda-de-diputados?p_p_id=diputadomodule&p_p_lifecycle=0&p_p_state=normal&p_p_mode=view&_diputadomodule_mostrarFicha=true&codParlamentario=266&idLegislatura=XV&mostrarAgenda=false
267,Marta Lois González,True,False,,,,,https://www.congreso.es/es/busqueda-de-diputados?p_p_id=diputadomodule&p_p_lifecycle=0&p_p_state=normal&p_p_mode=view&_diputadomodule_mostrarFicha=true&codParlamentario=267&idLegislatura=XV&mostrarAgenda=false
268,Francisco Sierra Caballero,True,True,https://www.facebook.com/profile.php?id=1408952589,https://www.instagram.com/fcompoliticas,https://twitter.com/fsierracb,http://www.franciscosierracaballero.net,https://www.congreso.es/es/busqueda-de-diputados?p_p_id=diputadomodule&p_p_lifecycle=0&p_p_state=normal&p_p_mode=view&_diputadomodule_mostrarFicha=true&codParlamentario=268&idLegislatura=XV&mostrarAgenda=false
269,Fèlix Alonso Cantorné,True,True,,,https://twitter.com/AlonsoCantorne,,https://www.congreso.es/es/busqueda-de-diputados?p_p_id=diputadomodule&p_p_lifecycle=0&p_p_state=normal&p_p_mode=view&_diputadomodule_mostrarFicha=true&codParlamentario=269&idLegislatura=XV&mostrarAgenda=false
270,Jaime Miguel De los Santos González,True,True,,https://www.instagram.com/delossantosleal,https://twitter.com/delossantosleal,,https://www.congreso.es/es/busqueda-de-diputados?p_p_id=diputadomodule&p_p_lifecycle=0&p_p_state=normal&p_p_mode=view&_diputadomodule_mostrarFicha=true&codParlamentario=270&idLegislatura=XV&mostrarAgenda=false
271,Cristina Narbona Ruiz,True,True,,,https://twitter.com/cristinanarbona,,https://www.congreso.es/es/busqueda-de-diputados?p_p_id=diputadomodule&p_p_lifecycle=0&p_p_state=normal&p_p_mode=view&_diputadomodule_mostrarFicha=true&codParlamentario=271&idLegislatura=XV&mostrarAgenda=false
272,Lídia Guinart Moreno,True,True,,https://www.instagram.com/lidiaguinart,https://twitter.com/lidiaguinart,,https://www.congreso.es/es/busqueda-de-diputados?p_p_id=diputadomodule&p_p_lifecycle=0&p_p_state=normal&p_p_mode=view&_diputadomodule_mostrarFicha=true&codParlamentario=272&idLegislatura=XV&mostrarAgenda=false
273,Lázaro Azorín Salar,True,True,,,,,https://www.congreso.es/es/busqueda-de-diputados?p_p_id=diputadomodule&p_p_lifecycle=0&p_p_state=normal&p_p_mode=view&_diputadomodule_mostrarFicha=true&codParlamentario=273&idLegislatura=XV&mostrarAgenda=false
274,María Pilar Alegría Continente,True,False,,,,,https://www.congreso.es/es/busqueda-de-diputados?p_p_id=diputadomodule&p_p_lifecycle=0&p_p_state=normal&p_p_mode=view&_diputadomodule_mostrarFicha=true&codParlamentario=274&idLegislatura=XV&mostrarAgenda=false
275,José Manuel Albares Bueno,True,False,,,,,https://www.congreso.es/es/busqueda-de-diputados?p_p_id=diputadomodule&p_p_lifecycle=0&p_p_state=normal&p_p_mode=view&_diputadomodule_mostrarFicha=true&codParlamentario=275&idLegislatura=XV&mostrarAgenda=false
276,Raquel Clemente Muñoz,True,True,https://www.facebook.com/raquel.clementemunoz,https://www.instagram.com/Raquel.cle_,https://twitter.com/RaquelClemente,,https://www.congreso.es/es/busqueda-de-diputados?p_p_id=diputadomodule&p_p_lifecycle=0&p_p_state=normal&p_p_mode=view&_diputadomodule_mostrarFicha=true&codParlamentario=276&idLegislatura=XV&mostrarAgenda=false
277,José Alberto Herrero Bono,True,True,https://www.facebook.com/albertoherrbo,,https://twitter.com/herrerobono,,https://www.congreso.es/es/busqueda-de-diputados?p_p_id=diputadomodule&p_p_lifecycle=0&p_p_state=normal&p_p_mode=view&_diputadomodule_mostrarFicha=true&codParlamentario=277&idLegislatura=XV&mostrarAgenda=false
278,Diana Morant Ripoll,True,False,,,,,https://www.congreso.es/es/busqueda-de-diputados?p_p_id=diputadomodule&p_p_lifecycle=0&p_p_state=normal&p_p_mode=view&_diputadomodule_mostrarFicha=true&codParlamentario=278&idLegislatura=XV&mostrarAgenda=false
279,Mercedes González Fernández,True,False,,,,,https://www.congreso.es/es/busqueda-de-diputados?p_p_id=diputadomodule&p_p_lifecycle=0&p_p_state=normal&p_p_mode=view&_diputadomodule_mostrarFicha=true&codParlamentario=279&idLegislatura=XV&mostrarAgenda=false
280,José Miñones Conde,True,False,,,,,https://www.congreso.es/es/busqueda-de-diputados?p_p_id=diputadomodule&p_p_lifecycle=0&p_p_state=normal&p_p_mode=view&_diputadomodule_mostrarFicha=true&codParlamentario=280&idLegislatura=XV&mostrarAgenda=false
281,María del Mar Sánchez Sierra,True,True,,https://www.instagram.com/marsanchezsierra/,https://twitter.com/MARSANCHEZSIERR,,https://www.congreso.es/es/busqueda-de-diputados?p_p_id=diputadomodule&p_p_lifecycle=0&p_p_state=normal&p_p_mode=view&_diputadomodule_mostrarFicha=true&codParlamentario=281&idLegislatura=XV&mostrarAgenda=false
282,Eduardo Carazo Hermoso,True,True,,,https://twitter.com/educarazo,,https://www.congreso.es/es/busqueda-de-diputados?p_p_id=diputadomodule&p_p_lifecycle=0&p_p_state=normal&p_p_mode=view&_diputadomodule_mostrarFicha=true&codParlamentario=282&idLegislatura=XV&mostrarAgenda=false
283,María de la Cabeza Ruiz Solás,True,True,,,https://twitter.com/ruizsolas,,https://www.congreso.es/es/busqueda-de-diputados?p_p_id=diputadomodule&p_p_lifecycle=0&p_p_state=normal&p_p_mode=view&_diputadomodule_mostrarFicha=true&codParlamentario=283&idLegislatura=XV&mostrarAgenda=false
284,Rocío De Meer Méndez,True,True,,,https://twitter.com/MeerRocio,,https://www.congreso.es/es/busqueda-de-diputados?p_p_id=diputadomodule&p_p_lifecycle=0&p_p_state=normal&p_p_mode=view&_diputadomodule_mostrarFicha=true&codParlamentario=284&idLegislatura=XV&mostrarAgenda=false
285,Marta María Rivera de la Cruz,True,False,,,,,https://www.congreso.es/es/busqueda-de-diputados?p_p_id=diputadomodule&p_p_lifecycle=0&p_p_state=normal&p_p_mode=view&_diputadomodule_mostrarFicha=true&codParlamentario=285&idLegislatura=XV&mostrarAgenda=false
286,Fernando Grande,True,False,,,,,https://www.congreso.es/es/busqueda-de-diputados?p_p_id=diputadomodule&p_p_lifecycle=0&p_p_state=normal&p_p_mode=view&_diputadomodule_mostrarFicha=true&codParlamentario=286&idLegislatura=XV&mostrarAgenda=false
287,Oskar Matute García de Jalón,True,True,https://www.facebook.com/matute.oskar,,https://twitter.com/oskarmatute,,https://www.congreso.es/es/busqueda-de-diputados?p_p_id=diputadomodule&p_p_lifecycle=0&p_p_state=normal&p_p_mode=view&_diputadomodule_mostrarFicha=true&codParlamentario=287&idLegislatura=XV&mostrarAgenda=false
288,Isabel Pozueta Fernández,True,True,,,https://twitter.com/BelPozueta,,https://www.congreso.es/es/busqueda-de-diputados?p_p_id=diputadomodule&p_p_lifecycle=0&p_p_state=normal&p_p_mode=view&_diputadomodule_mostrarFicha=true&codParlamentario=288&idLegislatura=XV&mostrarAgenda=false
289,Iñaki Ruiz de Pinedo Undiano,True,False,,,,,https://www.congreso.es/es/busqueda-de-diputados?p_p_id=diputadomodule&p_p_lifecycle=0&p_p_state=normal&p_p_mode=view&_diputadomodule_mostrarFicha=true&codParlamentario=289&idLegislatura=XV&mostrarAgenda=false
290,Jon Iñarritu García,True,True,,,https://twitter.com/JonInarritu,,https://www.congreso.es/es/busqueda-de-diputados?p_p_id=diputadomodule&p_p_lifecycle=0&p_p_state=normal&p_p_mode=view&_diputadomodule_mostrarFicha=true&codParlamentario=290&idLegislatura=XV&mostrarAgenda=false
291,Marije Fullaondo la Cruz,True,True,,,https://twitter.com/MarijeFullaondo,,https://www.congreso.es/es/busqueda-de-diputados?p_p_id=diputadomodule&p_p_lifecycle=0&p_p_state=normal&p_p_mode=view&_diputadomodule_mostrarFicha=true&codParlamentario=291&idLegislatura=XV&mostrarAgenda=false
292,Javier Sánchez Serna,True,True,https://www.facebook.com/JavierSanchezSernaEducacion/c,,https://twitter.com/J_Sanchez_Serna,,https://www.congreso.es/es/busqueda-de-diputados?p_p_id=diputadomodule&p_p_lifecycle=0&p_p_state=normal&p_p_mode=view&_diputadomodule_mostrarFicha=true&codParlamentario=292&idLegislatura=XV&mostrarAgenda=false
293,Patricia Rueda Perelló,True,True,,,https://twitter.com/_patricia_rueda,,https://www.congreso.es/es/busqueda-de-diputados?p_p_id=diputadomodule&p_p_lifecycle=0&p_p_state=normal&p_p_mode=view&_diputadomodule_mostrarFicha=true&codParlamentario=293&idLegislatura=XV&mostrarAgenda=false
294,Ricardo Chamorro Delmo,True,True,https://www.facebook.com/ricardo.delmo,,https://twitter.com/rchamode,,https://www.congreso.es/es/busqueda-de-diputados?p_p_id=diputadomodule&p_p_lifecycle=0&p_p_state=normal&p_p_mode=view&_diputadomodule_mostrarFicha=true&codParlamentario=294&idLegislatura=XV&mostrarAgenda=false
295,Carla Toscano de Balbín,True,False,,,,,https://www.congreso.es/es/busqueda-de-diputados?p_p_id=diputadomodule&p_p_lifecycle=0&p_p_state=normal&p_p_mode=view&_diputadomodule_mostrarFicha=true&codParlamentario=295&idLegislatura=XV&mostrarAgenda=false
296,Alejandro Soler Mur,True,True,https://www.facebook.com/asolermur,,https://twitter.com/AlejandroSolerM,,https://www.congreso.es/es/busqueda-de-diputados?p_p_id=diputadomodule&p_p_lifecycle=0&p_p_state=normal&p_p_mode=view&_diputadomodule_mostrarFicha=true&codParlamentario=296&idLegislatura=XV&mostrarAgenda=false
297,Luis María Beamonte Mesa,True,True,,,https://twitter.com/LuismaBeamonte,,https://www.congreso.es/es/busqueda-de-diputados?p_p_id=diputadomodule&p_p_lifecycle=0&p_p_state=normal&p_p_mode=view&_diputadomodule_mostrarFicha=true&codParlamentario=297&idLegislatura=XV&mostrarAgenda=false
298,Alfonso Carlos Macías Gata,True,True,https://www.facebook.com/popularesbarcarrota,https://www.instagram.com/alfonsomaciasgata/,https://x.com/alfonsoGat58095,,https://www.congreso.es/es/busqueda-de-diputados?p_p_id=diputadomodule&p_p_lifecycle=0&p_p_state=normal&p_p_mode=view&_diputadomodule_mostrarFicha=true&codParlamentario=298&idLegislatura=XV&mostrarAgenda=false
299,Antonio Cavacasillas Rodríguez,True,True,https://www.facebook.com/antonio.cavacasillas.5,https://www.instagram.com/acavacasillas/,https://twitter.com/acavacasillas,,https://www.congreso.es/es/busqueda-de-diputados?p_p_id=diputadomodule&p_p_lifecycle=0&p_p_state=normal&p_p_mode=view&_diputadomodule_mostrarFicha=true&codParlamentario=299&idLegislatura=XV&mostrarAgenda=false
300,Mertxe Aizpurua Arzallus,True,True,https://www.facebook.com/aizpurua.mertxe,,https://twitter.com/MertxeAizpurua,,https://www.congreso.es/es/busqueda-de-diputados?p_p_id=diputadomodule&p_p_lifecycle=0&p_p_state=normal&p_p_mode=view&_diputadomodule_mostrarFicha=true&codParlamentario=300&idLegislatura=XV&mostrarAgenda=false
301,Íñigo Errejón Galván,True,False,,,,,https://www.congreso.es/es/busqueda-de-diputados?p_p_id=diputadomodule&p_p_lifecycle=0&p_p_state=normal&p_p_mode=view&_diputadomodule_mostrarFicha=true&codParlamentario=301&idLegislatura=XV&mostrarAgenda=false
302,Héctor Gómez Hernández,True,False,,,,,https://www.congreso.es/es/busqueda-de-diputados?p_p_id=diputadomodule&p_p_lifecycle=0&p_p_state=normal&p_p_mode=view&_diputadomodule_mostrarFicha=true&codParlamentario=302&idLegislatura=XV&mostrarAgenda=false
303,Maribel Vaquero Montero,True,True,,,https://twitter.com/maribelvaquero_,,https://www.congreso.es/es/busqueda-de-diputados?p_p_id=diputadomodule&p_p_lifecycle=0&p_p_state=normal&p_p_mode=view&_diputadomodule_mostrarFicha=true&codParlamentario=303&idLegislatura=XV&mostrarAgenda=false
304,Aitor Esteban Bravo,True,False,,,,,https://www.congreso.es/es/busqueda-de-diputados?p_p_id=diputadomodule&p_p_lifecycle=0&p_p_state=normal&p_p_mode=view&_diputadomodule_mostrarFicha=true&codParlamentario=304&idLegislatura=XV&mostrarAgenda=false
305,Joseba Andoni Agirretxea Urresti,True,True,https://www.facebook.com/joseba.agirretxea,,https://twitter.com/jagirretxea,,https://www.congreso.es/es/busqueda-de-diputados?p_p_id=diputadomodule&p_p_lifecycle=0&p_p_state=normal&p_p_mode=view&_diputadomodule_mostrarFicha=true&codParlamentario=305&idLegislatura=XV&mostrarAgenda=false
306,Mikel Legarda Uriarte,True,True,https://www.facebook.com/legardamikel,,https://twitter.com/MikelLegarda,,https://www.congreso.es/es/busqueda-de-diputados?p_p_id=diputadomodule&p_p_lifecycle=0&p_p_state=normal&p_p_mode=view&_diputadomodule_mostrarFicha=true&codParlamentario=306&idLegislatura=XV&mostrarAgenda=false
307,María de los Reyes Romero Vilches,True,True,,https://www.instagram.com/reyesromerov/,https://twitter.com/rromerovilches,,https://www.congreso.es/es/busqueda-de-diputados?p_p_id=diputadomodule&p_p_lifecycle=0&p_p_state=normal&p_p_mode=view&_diputadomodule_mostrarFicha=true&codParlamentario=307&idLegislatura=XV&mostrarAgenda=false
308,José Ignacio Romaní Cantera,True,True,,,https://twitter.com/IgnRomani,,https://www.congreso.es/es/busqueda-de-diputados?p_p_id=diputadomodule&p_p_lifecycle=0&p_p_state=normal&p_p_mode=view&_diputadomodule_mostrarFicha=true&codParlamentario=308&idLegislatura=XV&mostrarAgenda=false
309,Idoia Sagastizabal Unzetabarrenetxea,True,True,,,https://twitter.com/Idosagasti,,https://www.congreso.es/es/busqueda-de-diputados?p_p_id=diputadomodule&p_p_lifecycle=0&p_p_state=normal&p_p_mode=view&_diputadomodule_mostrarFicha=true&codParlamentario=309&idLegislatura=XV&mostrarAgenda=false
310,Verónica Martínez Barbero,True,True,,,https://twitter.com/m_barbero,,https://www.congreso.es/es/busqueda-de-diputados?p_p_id=diputadomodule&p_p_lifecycle=0&p_p_state=normal&p_p_mode=view&_diputadomodule_mostrarFicha=true&codParlamentario=310&idLegislatura=XV&mostrarAgenda=false
311,Agustín Santos Maraver,True,True,,,,,https://www.congreso.es/es/busqueda-de-diputados?p_p_id=diputadomodule&p_p_lifecycle=0&p_p_state=normal&p_p_mode=view&_diputadomodule_mostrarFicha=true&codParlamentario=311&idLegislatura=XV&mostrarAgenda=false
312,Gabriel Rufián Romero,True,True,https://www.facebook.com/gabriel.rufianromero,,https://twitter.com/gabrielrufian,,https://www.congreso.es/es/busqueda-de-diputados?p_p_id=diputadomodule&p_p_lifecycle=0&p_p_state=normal&p_p_mode=view&_diputadomodule_mostrarFicha=true&codParlamentario=312&idLegislatura=XV&mostrarAgenda=false
313,Montserrat Bassa Coll,True,False,,,,,https://www.congreso.es/es/busqueda-de-diputados?p_p_id=diputadomodule&p_p_lifecycle=0&p_p_state=normal&p_p_mode=view&_diputadomodule_mostrarFicha=true&codParlamentario=313&idLegislatura=XV&mostrarAgenda=false
314,Concepción Gamarra Ruiz,True,True,,https://www.instagram.com/cuca_gamarra,https://twitter.com/cucagamarra,,https://www.congreso.es/es/busqueda-de-diputados?p_p_id=diputadomodule&p_p_lifecycle=0&p_p_state=normal&p_p_mode=view&_diputadomodule_mostrarFicha=true&codParlamentario=314&idLegislatura=XV&mostrarAgenda=false
315,Cayetana Álvarez de Toledo Peralta,True,True,,,https://twitter.com/cayetanaAT,http://www.cayetanaalvarezdetoledo.com/,https://www.congreso.es/es/busqueda-de-diputados?p_p_id=diputadomodule&p_p_lifecycle=0&p_p_state=normal&p_p_mode=view&_diputadomodule_mostrarFicha=true&codParlamentario=315&idLegislatura=XV&mostrarAgenda=false
316,Alberto Asarta Cuevas,True,True,,,https://twitter.com/AlbertoAsarta,,https://www.congreso.es/es/busqueda-de-diputados?p_p_id=diputadomodule&p_p_lifecycle=0&p_p_state=normal&p_p_mode=view&_diputadomodule_mostrarFicha=true&codParlamentario=316&idLegislatura=XV&mostrarAgenda=false
317,Santiago Abascal Conde,True,True,,,https://twitter.com/Santi_ABASCAL,,https://www.congreso.es/es/busqueda-de-diputados?p_p_id=diputadomodule&p_p_lifecycle=0&p_p_state=normal&p_p_mode=view&_diputadomodule_mostrarFicha=true&codParlamentario=317&idLegislatura=XV&mostrarAgenda=false
318,Joaquín Robles López,True,True,,,https://twitter.com/JoaquinRobles55,,https://www.congreso.es/es/busqueda-de-diputados?p_p_id=diputadomodule&p_p_lifecycle=0&p_p_state=normal&p_p_mode=view&_diputadomodule_mostrarFicha=true&codParlamentario=318&idLegislatura=XV&mostrarAgenda=false
319,María Soledad Cruz,True,True,https://www.facebook.com/sol.cruzguzman,https://www.instagram.com/solcruzguzmangarcia/,https://twitter.com/solcruzguzman,,https://www.congreso.es/es/busqueda-de-diputados?p_p_id=diputadomodule&p_p_lifecycle=0&p_p_state=normal&p_p_mode=view&_diputadomodule_mostrarFicha=true&codParlamentario=319&idLegislatura=XV&mostrarAgenda=false
320,Milagros Marcos Ortega,True,True,https://www.facebook.com/mila.marcos.520,https://www.instagram.com/milamarcos08/,https://twitter.com/milamarcos08,,https://www.congreso.es/es/busqueda-de-diputados?p_p_id=diputadomodule&p_p_lifecycle=0&p_p_state=normal&p_p_mode=view&_diputadomodule_mostrarFicha=true&codParlamentario=320&idLegislatura=XV&mostrarAgenda=false
321,Noelia Cobo Pérez,True,True,https://www.facebook.com/noelia.coboperez.5,,https://twitter.com/NoeliaCoboP,,https://www.congreso.es/es/busqueda-de-diputados?p_p_id=diputadomodule&p_p_lifecycle=0&p_p_state=normal&p_p_mode=view&_diputadomodule_mostrarFicha=true&codParlamentario=321&idLegislatura=XV&mostrarAgenda=false
322,Lilith Verstrynge Revuelta,True,False,,,,,https://www.congreso.es/es/busqueda-de-diputados?p_p_id=diputadomodule&p_p_lifecycle=0&p_p_state=normal&p_p_mode=view&_diputadomodule_mostrarFicha=true&codParlamentario=322&idLegislatura=XV&mostrarAgenda=false
323,Miguel Ángel Paniagua Núñez,True,True,https://www.facebook.com/miguelangelpaniaguanunez,https://www.instagram.com/miguelangelpaniaguanunez/,https://twitter.com/mapaniagua,,https://www.congreso.es/es/busqueda-de-diputados?p_p_id=diputadomodule&p_p_lifecycle=0&p_p_state=normal&p_p_mode=view&_diputadomodule_mostrarFicha=true&codParlamentario=323&idLegislatura=XV&mostrarAgenda=false
324,Manuel Cobo Vega,True,True,,,,,https://www.congreso.es/es/busqueda-de-diputados?p_p_id=diputadomodule&p_p_lifecycle=0&p_p_state=normal&p_p_mode=view&_diputadomodule_mostrarFicha=true&codParlamentario=324&idLegislatura=XV&mostrarAgenda=false
325,Francisco Javier Ortega Smith,True,True,,https://www.instagram.com/javierortegasmith/?hl=es,https://twitter.com/Ortega_Smith,,https://www.congreso.es/es/busqueda-de-diputados?p_p_id=diputadomodule&p_p_lifecycle=0&p_p_state=normal&p_p_mode=view&_diputadomodule_mostrarFicha=true&codParlamentario=325&idLegislatura=XV&mostrarAgenda=false
326,Meritxell Batet Lamaña,True,False,,,,,https://www.congreso.es/es/busqueda-de-diputados?p_p_id=diputadomodule&p_p_lifecycle=0&p_p_state=normal&p_p_mode=view&_diputadomodule_mostrarFicha=true&codParlamentario=326&idLegislatura=XV&mostrarAgenda=false
327,Aina Vidal Sáez,True,True,https://www.facebook.com/aina.vidal,,,,https://www.congreso.es/es/busqueda-de-diputados?p_p_id=diputadomodule&p_p_lifecycle=0&p_p_state=normal&p_p_mode=view&_diputadomodule_mostrarFicha=true&codParlamentario=327&idLegislatura=XV&mostrarAgenda=false
328,Gerardo Pisarello Prados,True,True,https://www.facebook.com/GerardoPisarelloPrados/,https://www.instagram.com/g_pisarellop/,https://twitter.com/G_Pisarello,,https://www.congreso.es/es/busqueda-de-diputados?p_p_id=diputadomodule&p_p_lifecycle=0&p_p_state=normal&p_p_mode=view&_diputadomodule_mostrarFicha=true&codParlamentario=328&idLegislatura=XV&mostrarAgenda=false
329,Eloi Badia Casas,True,True,,https://www.instagram.com/eloi_badia/,https://twitter.com/eloibadia,,https://www.congreso.es/es/busqueda-de-diputados?p_p_id=diputadomodule&p_p_lifecycle=0&p_p_state=normal&p_p_mode=view&_diputadomodule_mostrarFicha=true&codParlamentario=329&idLegislatura=XV&mostrarAgenda=false
330,Gala Pin Ferrando,True,False,,,,,https://www.congreso.es/es/busqueda-de-diputados?p_p_id=diputadomodule&p_p_lifecycle=0&p_p_state=normal&p_p_mode=view&_diputadomodule_mostrarFicha=true&codParlamentario=330&idLegislatura=XV&mostrarAgenda=false
331,Carina Mejías Sánchez,True,True,,,https://twitter.com/carinamejias,,https://www.congreso.es/es/busqueda-de-diputados?p_p_id=diputadomodule&p_p_lifecycle=0&p_p_state=normal&p_p_mode=view&_diputadomodule_mostrarFicha=true&codParlamentario=331&idLegislatura=XV&mostrarAgenda=false
332,Júlia Boada Danés,True,True,,https://www.instagram.com/juliabd/,https://twitter.com/bdjulia,,https://www.congreso.es/es/busqueda-de-diputados?p_p_id=diputadomodule&p_p_lifecycle=0&p_p_state=normal&p_p_mode=view&_diputadomodule_mostrarFicha=true&codParlamentario=332&idLegislatura=XV&mostrarAgenda=false
333,Sandra Fernández Herranz,True,False,,,,,https://www.congreso.es/es/busqueda-de-diputados?p_p_id=diputadomodule&p_p_lifecycle=0&p_p_state=normal&p_p_mode=view&_diputadomodule_mostrarFicha=true&codParlamentario=333&idLegislatura=XV&mostrarAgenda=false
334,Ana Isabel Alós López,True,True,,https://www.instagram.com/anaialos/,https://twitter.com/AnaAlos,,https://www.congreso.es/es/busqueda-de-diputados?p_p_id=diputadomodule&p_p_lifecycle=0&p_p_state=normal&p_p_mode=view&_diputadomodule_mostrarFicha=true&codParlamentario=334&idLegislatura=XV&mostrarAgenda=false
335,Teresa Ribera Rodríguez,True,False,,,,,https://www.congreso.es/es/busqueda-de-diputados?p_p_id=diputadomodule&p_p_lifecycle=0&p_p_state=normal&p_p_mode=view&_diputadomodule_mostrarFicha=true&codParlamentario=335&idLegislatura=XV&mostrarAgenda=false
336,Pedro Casares Hontañón,True,False,,,,,https://www.congreso.es/es/busqueda-de-diputados?p_p_id=diputadomodule&p_p_lifecycle=0&p_p_state=normal&p_p_mode=view&_diputadomodule_mostrarFicha=true&codParlamentario=336&idLegislatura=XV&mostrarAgenda=false
337,María Jesús Montero Cuadrado,True,True,,,https://twitter.com/mjmonteroc,,https://www.congreso.es/es/busqueda-de-diputados?p_p_id=diputadomodule&p_p_lifecycle=0&p_p_state=normal&p_p_mode=view&_diputadomodule_mostrarFicha=true&codParlamentario=337&idLegislatura=XV&mostrarAgenda=false
338,Teslem Andala Ubbi,True,True,,https://www.instagram.com/teshsidi/,https://twitter.com/teshsidi,,https://www.congreso.es/es/busqueda-de-diputados?p_p_id=diputadomodule&p_p_lifecycle=0&p_p_state=normal&p_p_mode=view&_diputadomodule_mostrarFicha=true&codParlamentario=338&idLegislatura=XV&mostrarAgenda=false
339,Juan Luis Pedreño Molina,True,True,,,https://twitter.com/juan_pedreno,,https://www.congreso.es/es/busqueda-de-diputados?p_p_id=diputadomodule&p_p_lifecycle=0&p_p_state=normal&p_p_mode=view&_diputadomodule_mostrarFicha=true&codParlamentario=339&idLegislatura=XV&mostrarAgenda=false
340,Esther Llamazares Domingo,True,True,https://www.facebook.com/EsLlamazares,https://www.instagram.com/esllamazares/,https://twitter.com/EsLlamazares,,https://www.congreso.es/es/busqueda-de-diputados?p_p_id=diputadomodule&p_p_lifecycle=0&p_p_state=normal&p_p_mode=view&_diputadomodule_mostrarFicha=true&codParlamentario=340&idLegislatura=XV&mostrarAgenda=false
341,María Eugenia Carballedo Berlanga,True,True,,https://www.instagram.com/eugenia_carballedo/,https://twitter.com/ECarballedo,,https://www.congreso.es/es/busqueda-de-diputados?p_p_id=diputadomodule&p_p_lifecycle=0&p_p_state=normal&p_p_mode=view&_diputadomodule_mostrarFicha=true&codParlamentario=341&idLegislatura=XV&mostrarAgenda=false
342,Yolanda Díaz Pérez,True,True,https://www.facebook.com/Yolanda-D%C3%ADaz-P%C3%A9rez-1388495761396359/,https://www.instagram.com/diaz_yolanda_/,,,https://www.congreso.es/es/busqueda-de-diputados?p_p_id=diputadomodule&p_p_lifecycle=0&p_p_state=normal&p_p_mode=view&_diputadomodule_mostrarFicha=true&codParlamentario=342&idLegislatura=XV&mostrarAgenda=false
343,Noelia Núñez González,True,False,,,,,https://www.congreso.es/es/busqueda-de-diputados?p_p_id=diputadomodule&p_p_lifecycle=0&p_p_state=normal&p_p_mode=view&_diputadomodule_mostrarFicha=true&codParlamentario=343&idLegislatura=XV&mostrarAgenda=false
344,María José Rodríguez de Millán Parro,True,True,,,https://twitter.com/Pepa_Millan,,https://www.congreso.es/es/busqueda-de-diputados?p_p_id=diputadomodule&p_p_lifecycle=0&p_p_state=normal&p_p_mode=view&_diputadomodule_mostrarFicha=true&codParlamentario=344&idLegislatura=XV&mostrarAgenda=false
345,Carlos Hernández Quero,True,True,,,https://twitter.com/CarlosHQuero,,https://www.congreso.es/es/busqueda-de-diputados?p_p_id=diputadomodule&p_p_lifecycle=0&p_p_state=normal&p_p_mode=view&_diputadomodule_mostrarFicha=true&codParlamentario=345&idLegislatura=XV&mostrarAgenda=false
346,Alberto Núñez Feijóo,True,True,,,https://twitter.com/NunezFeijoo,,https://www.congreso.es/es/busqueda-de-diputados?p_p_id=diputadomodule&p_p_lifecycle=0&p_p_state=normal&p_p_mode=view&_diputadomodule_mostrarFicha=true&codParlamentario=346&idLegislatura=XV&mostrarAgenda=false
347,Marta Varela Pazos,True,True,,,,,https://www.congreso.es/es/busqueda-de-diputados?p_p_id=diputadomodule&p_p_lifecycle=0&p_p_state=normal&p_p_mode=view&_diputadomodule_mostrarFicha=true&codParlamentario=347&idLegislatura=XV&mostrarAgenda=false
348,Aurora Nacarino,True,True,,,https://twitter.com/auroranacarino,,https://www.congreso.es/es/busqueda-de-diputados?p_p_id=diputadomodule&p_p_lifecycle=0&p_p_state=normal&p_p_mode=view&_diputadomodule_mostrarFicha=true&codParlamentario=348&idLegislatura=XV&mostrarAgenda=false
349,Francisco José Conde López,True,True,,https://www.instagram.com/franciscocondelopez/,,,https://www.congreso.es/es/busqueda-de-diputados?p_p_id=diputadomodule&p_p_lifecycle=0&p_p_state=normal&p_p_mode=view&_diputadomodule_mostrarFicha=true&codParlamentario=349&idLegislatura=XV&mostrarAgenda=false
350,Pablo Hispán Iglesias de Ussel,True,True,,,https://twitter.com/HispanPablo,,https://www.congreso.es/es/busqueda-de-diputados?p_p_id=diputadomodule&p_p_lifecycle=0&p_p_state=normal&p_p_mode=view&_diputadomodule_mostrarFicha=true&codParlamentario=350&idLegislatura=XV&mostrarAgenda=false
351,Mirian Guardiola Salmerón,True,True,,,,,https://www.congreso.es/es/busqueda-de-diputados?p_p_id=diputadomodule&p_p_lifecycle=0&p_p_state=normal&p_p_mode=view&_diputadomodule_mostrarFicha=true&codParlamentario=351&idLegislatura=XV&mostrarAgenda=false
352,Ignasi Conesa Coma,True,True,,,,,https://www.congreso.es/es/busqueda-de-diputados?p_p_id=diputadomodule&p_p_lifecycle=0&p_p_state=normal&p_p_mode=view&_diputadomodule_mostrarFicha=true&codParlamentario=352&idLegislatura=XV&mostrarAgenda=false
353,José Losada Fernández,True,True,,https://www.instagram.com/pepelosada/,https://twitter.com/pepelosadaf,,https://www.congreso.es/es/busqueda-de-diputados?p_p_id=diputadomodule&p_p_lifecycle=0&p_p_state=normal&p_p_mode=view&_diputadomodule_mostrarFicha=true&codParlamentario=353&idLegislatura=XV&mostrarAgenda=false
354,Juan Antonio Lorenzo Cazorla,True,True,,,https://twitter.com/j_antoniol_c,,https://www.congreso.es/es/busqueda-de-diputados?p_p_id=diputadomodule&p_p_lifecycle=0&p_p_state=normal&p_p_mode=view&_diputadomodule_mostrarFicha=true&codParlamentario=354&idLegislatura=XV&mostrarAgenda=false
355,Javier Rodríguez Palacios,True,True,,,https://twitter.com/javiRpalacios,,https://www.congreso.es/es/busqueda-de-diputados?p_p_id=diputadomodule&p_p_lifecycle=0&p_p_state=normal&p_p_mode=view&_diputadomodule_mostrarFicha=true&codParlamentario=355&idLegislatura=XV&mostrarAgenda=false
356,Hana Jalloul Muro,True,False,,,,,https://www.congreso.es/es/busqueda-de-diputados?p_p_id=diputadomodule&p_p_lifecycle=0&p_p_state=normal&p_p_mode=view&_diputadomodule_mostrarFicha=true&codParlamentario=356&idLegislatura=XV&mostrarAgenda=false
357,Víctor Gutiérrez Santiago,True,True,https://www.facebook.com/victorgutierrezofficial,https://www.instagram.com/victor_g91/,https://twitter.com/victorg91,,https://www.congreso.es/es/busqueda-de-diputados?p_p_id=diputadomodule&p_p_lifecycle=0&p_p_state=normal&p_p_mode=view&_diputadomodule_mostrarFicha=true&codParlamentario=357&idLegislatura=XV&mostrarAgenda=false
358,Alba Soldevilla Novials,True,True,https://www.facebook.com/alba.soldevillanovials,https://www.instagram.com/alba.solnov/,https://twitter.com/albasn,,https://www.congreso.es/es/busqueda-de-diputados?p_p_id=diputadomodule&p_p_lifecycle=0&p_p_state=normal&p_p_mode=view&_diputadomodule_mostrarFicha=true&codParlamentario=358&idLegislatura=XV&mostrarAgenda=false
359,Esther Rodríguez Suárez,True,True,,,,,https://www.congreso.es/es/busqueda-de-diputados?p_p_id=diputadomodule&p_p_lifecycle=0&p_p_state=normal&p_p_mode=view&_diputadomodule_mostrarFicha=true&codParlamentario=359&idLegislatura=XV&mostrarAgenda=false
360,Zaida Cantera de Castro,True,False,,,,,https://www.congreso.es/es/busqueda-de-diputados?p_p_id=diputadomodule&p_p_lifecycle=0&p_p_state=normal&p_p_mode=view&_diputadomodule_mostrarFicha=true&codParlamentario=360&idLegislatura=XV&mostrarAgenda=false
361,Mª Isabel Moreno Fernández,True,True,,,,,https://www.congreso.es/es/busqueda-de-diputados?p_p_id=diputadomodule&p_p_lifecycle=0&p_p_state=normal&p_p_mode=view&_diputadomodule_mostrarFicha=true&codParlamentario=361&idLegislatura=XV&mostrarAgenda=false
362,Víctor Javier Ruiz de Diego,True,True,https://www.facebook.com/VictorRuizdeDiego,https://www.instagram.com/victorruizdediego/,https://twitter.com/RuizdeDiego3000,,https://www.congreso.es/es/busqueda-de-diputados?p_p_id=diputadomodule&p_p_lifecycle=0&p_p_state=normal&p_p_mode=view&_diputadomodule_mostrarFicha=true&codParlamentario=362&idLegislatura=XV&mostrarAgenda=false
363,Alberto Mayoral de Lamo,True,True,,,https://twitter.com/AlbMayoral,,https://www.congreso.es/es/busqueda-de-diputados?p_p_id=diputadomodule&p_p_lifecycle=0&p_p_state=normal&p_p_mode=view&_diputadomodule_mostrarFicha=true&codParlamentario=363&idLegislatura=XV&mostrarAgenda=false
364,Víctor Camino Miñana,True,True,,https://www.instagram.com/victorcaminovlc/,https://twitter.com/VictorCaminoVlc,,https://www.congreso.es/es/busqueda-de-diputados?p_p_id=diputadomodule&p_p_lifecycle=0&p_p_state=normal&p_p_mode=view&_diputadomodule_mostrarFicha=true&codParlamentario=364&idLegislatura=XV&mostrarAgenda=false
365,Cristina López Zamora,True,True,,,https://twitter.com/crislopezzamora,,https://www.congreso.es/es/busqueda-de-diputados?p_p_id=diputadomodule&p_p_lifecycle=0&p_p_state=normal&p_p_mode=view&_diputadomodule_mostrarFicha=true&codParlamentario=365&idLegislatura=XV&mostrarAgenda=false
366,Jesús Mayoral Pérez,True,True,,,,,https://www.congreso.es/es/busqueda-de-diputados?p_p_id=diputadomodule&p_p_lifecycle=0&p_p_state=normal&p_p_mode=view&_diputadomodule_mostrarFicha=true&codParlamentario=366&idLegislatura=XV&mostrarAgenda=false
367,Emilia Almodóvar Sánchez,True,True,,,,,https://www.congreso.es/es/busqueda-de-diputados?p_p_id=diputadomodule&p_p_lifecycle=0&p_p_state=normal&p_p_mode=view&_diputadomodule_mostrarFicha=true&codParlamentario=367&idLegislatura=XV&mostrarAgenda=false
368,María Torres Tejada,True,True,https://www.facebook.com/profile.php?id=1388028726,https://www.instagram.com/maria_torres_tejada/,https://twitter.com/MariaTorresTej,,https://www.congreso.es/es/busqueda-de-diputados?p_p_id=diputadomodule&p_p_lifecycle=0&p_p_state=normal&p_p_mode=view&_diputadomodule_mostrarFicha=true&codParlamentario=368&idLegislatura=XV&mostrarAgenda=false
369,Josep Paré Aregall,True,True,https://www.facebook.com/jparegall,https://www.instagram.com/jparegall/,https://twitter.com/jparegall,,https://www.congreso.es/es/busqueda-de-diputados?p_p_id=diputadomodule&p_p_lifecycle=0&p_p_state=normal&p_p_mode=view&_diputadomodule_mostrarFicha=true&codParlamentario=369&idLegislatura=XV&mostrarAgenda=false
370,Marta Gracia Blanco,True,True,,,https://twitter.com/mgraciablanco,,https://www.congreso.es/es/busqueda-de-diputados?p_p_id=diputadomodule&p_p_lifecycle=0&p_p_state=normal&p_p_mode=view&_diputadomodule_mostrarFicha=true&codParlamentario=370&idLegislatura=XV&mostrarAgenda=false
371,Rocío Aguirre Gil de Biedma,True,True,,,,,https://www.congreso.es/es/busqueda-de-diputados?p_p_id=diputadomodule&p_p_lifecycle=0&p_p_state=normal&p_p_mode=view&_diputadomodule_mostrarFicha=true&codParlamentario=371&idLegislatura=XV&mostrarAgenda=false
372,Candela López Tagliafico,True,True,,https://instagram.com/candelalopezt,https://twitter.com/candelalopezt,,https://www.congreso.es/es/busqueda-de-diputados?p_p_id=diputadomodule&p_p_lifecycle=0&p_p_state=normal&p_p_mode=view&_diputadomodule_mostrarFicha=true&codParlamentario=372&idLegislatura=XV&mostrarAgenda=false
373,José Enrique Núñez Guijarro,True,True,,,,,https://www.congreso.es/es/busqueda-de-diputados?p_p_id=diputadomodule&p_p_lifecycle=0&p_p_state=normal&p_p_mode=view&_diputadomodule_mostrarFicha=true&codParlamentario=373&idLegislatura=XV&mostrarAgenda=false
374,Edurne Uriarte Bengoechea,True,True,,,https://twitter.com/edurneuriarte,,https://www.congreso.es/es/busqueda-de-diputados?p_p_id=diputadomodule&p_p_lifecycle=0&p_p_state=normal&p_p_mode=view&_diputadomodule_mostrarFicha=true&codParlamentario=374&idLegislatura=XV&mostrarAgenda=false
375,Manuel Lago Peñas,True,True,,,https://twitter.com/manuellagop,,https://www.congreso.es/es/busqueda-de-diputados?p_p_id=diputadomodule&p_p_lifecycle=0&p_p_state=normal&p_p_mode=view&_diputadomodule_mostrarFicha=true&codParlamentario=375&idLegislatura=XV&mostrarAgenda=false
376,Olvido De la Rosa Baena,True,True,,,https://twitter.com/olvidodlrosa,,https://www.congreso.es/es/busqueda-de-diputados?p_p_id=diputadomodule&p_p_lifecycle=0&p_p_state=normal&p_p_mode=view&_diputadomodule_mostrarFicha=true&codParlamentario=376&idLegislatura=XV&mostrarAgenda=false
377,Patricia Otero Rodríguez,True,True,,,,,https://www.congreso.es/es/busqueda-de-diputados?p_p_id=diputadomodule&p_p_lifecycle=0&p_p_state=normal&p_p_mode=view&_diputadomodule_mostrarFicha=true&codParlamentario=377&idLegislatura=XV&mostrarAgenda=false
378,Carmelo Barrio Baroja,True,True,,,https://twitter.com/barriobaroja,,https://www.congreso.es/es/busqueda-de-diputados?p_p_id=diputadomodule&p_p_lifecycle=0&p_p_state=normal&p_p_mode=view&_diputadomodule_mostrarFicha=true&codParlamentario=378&idLegislatura=XV&mostrarAgenda=false
379,Paula Fernández Pena,True,False,,,,,https://www.congreso.es/es/busqueda-de-diputados?p_p_id=diputadomodule&p_p_lifecycle=0&p_p_state=normal&p_p_mode=view&_diputadomodule_mostrarFicha=true&codParlamentario=379&idLegislatura=XV&mostrarAgenda=false
380,María Montserrat García Chavarría,True,True,,,https://twitter.com/Montsechavar,,https://www.congreso.es/es/busqueda-de-diputados?p_p_id=diputadomodule&p_p_lifecycle=0&p_p_state=normal&p_p_mode=view&_diputadomodule_mostrarFicha=true&codParlamentario=380&idLegislatura=XV&mostrarAgenda=false
381,Guillermo Hita Téllez,True,True,https://www.facebook.com/guillermo.hitatellez,https://www.instagram.com/guillermohita,https://x.com/guillermohita,,https://www.congreso.es/es/busqueda-de-diputados?p_p_id=diputadomodule&p_p_lifecycle=0&p_p_state=normal&p_p_mode=view&_diputadomodule_mostrarFicha=true&codParlamentario=381&idLegislatura=XV&mostrarAgenda=false
382,Juan Andrés Bayón Rolo,True,True,,,,,https://www.congreso.es/es/busqueda-de-diputados?p_p_id=diputadomodule&p_p_lifecycle=0&p_p_state=normal&p_p_mode=view&_diputadomodule_mostrarFicha=true&codParlamentario=382&idLegislatura=XV&mostrarAgenda=false
383,María Elisa Vedrina Conesa,True,True,https://www.facebook.com/elisa.vedrina,https://www.instagram.com/elisavedrina/,https://x.com/EVedrina,,https://www.congreso.es/es/busqueda-de-diputados?p_p_id=diputadomodule&p_p_lifecycle=0&p_p_state=normal&p_p_mode=view&_diputadomodule_mostrarFicha=true&codParlamentario=383&idLegislatura=XV&mostrarAgenda=false
384,María Sainz Martín,True,True,,,https://x.com/MariaSainz11,,https://www.congreso.es/es/busqueda-de-diputados?p_p_id=diputadomodule&p_p_lifecycle=0&p_p_state=normal&p_p_mode=view&_diputadomodule_mostrarFicha=true&codParlamentario=384&idLegislatura=XV&mostrarAgenda=false
385,Cristina Moreno Borrás,True,True,,,https://x.com/cristinamborras,,https://www.congreso.es/es/busqueda-de-diputados?p_p_id=diputadomodule&p_p_lifecycle=0&p_p_state=normal&p_p_mode=view&_diputadomodule_mostrarFicha=true&codParlamentario=385&idLegislatura=XV&mostrarAgenda=false
386,Mercedes Otero García,True,True,,,,,https://www.congreso.es/es/busqueda-de-diputados?p_p_id=diputadomodule&p_p_lifecycle=0&p_p_state=normal&p_p_mode=view&_diputadomodule_mostrarFicha=true&codParlamentario=386&idLegislatura=XV&mostrarAgenda=false
387,Oriol Almirón Ruiz,True,True,,https://instagram.com/oriolalmiron,https://x.com/oriol_almiron,,https://www.congreso.es/es/busqueda-de-diputados?p_p_id=diputadomodule&p_p_lifecycle=0&p_p_state=normal&p_p_mode=view&_diputadomodule_mostrarFicha=true&codParlamentario=387&idLegislatura=XV&mostrarAgenda=false
388,Andrea Canelo Matito,True,True,,,https://x.com/andreacanelom,,https://www.congreso.es/es/busqueda-de-diputados?p_p_id=diputadomodule&p_p_lifecycle=0&p_p_state=normal&p_p_mode=view&_diputadomodule_mostrarFicha=true&codParlamentario=388&idLegislatura=XV&mostrarAgenda=false
389,Josep Pagès i Massó,True,True,,,https://x.com/jpagesm,,https://www.congreso.es/es/busqueda-de-diputados?p_p_id=diputadomodule&p_p_lifecycle=0&p_p_state=normal&p_p_mode=view&_diputadomodule_mostrarFicha=true&codParlamentario=389&idLegislatura=XV&mostrarAgenda=false
390,Vicente Montávez Aguillaume,True,True,,,,,https://www.congreso.es/es/busqueda-de-diputados?p_p_id=diputadomodule&p_p_lifecycle=0&p_p_state=normal&p_p_mode=view&_diputadomodule_mostrarFicha=true&codParlamentario=390&idLegislatura=XV&mostrarAgenda=false
391,Ainhoa Molina León,True,True,,,,,https://www.congreso.es/es/busqueda-de-diputados?p_p_id=diputadomodule&p_p_lifecycle=0&p_p_state=normal&p_p_mode=view&_diputadomodule_mostrarFicha=true&codParlamentario=391&idLegislatura=XV&mostrarAgenda=false
392,Etna Estrems Fayos,True,True,https://www.facebook.com/etna.estremsfayos/,https://www.instagram.com/etna82ef/,https://x.com/EtnaEF,,https://www.congreso.es/es/busqueda-de-diputados?p_p_id=diputadomodule&p_p_lifecycle=0&p_p_state=normal&p_p_mode=view&_diputadomodule_mostrarFicha=true&codParlamentario=392&idLegislatura=XV&mostrarAgenda=false
393,Alda Recas Martín,True,True,,,https://x.com/aldarecas,,https://www.congreso.es/es/busqueda-de-diputados?p_p_id=diputadomodule&p_p_lifecycle=0&p_p_state=normal&p_p_mode=view&_diputadomodule_mostrarFicha=true&codParlamentario=393&idLegislatura=XV&mostrarAgenda=false
394,Jonay Quintero Hernández,True,True,,,https://x.com/jonayquintero_,,https://www.congreso.es/es/busqueda-de-diputados?p_p_id=diputadomodule&p_p_lifecycle=0&p_p_state=normal&p_p_mode=view&_diputadomodule_mostrarFicha=true&codParlamentario=394&idLegislatura=XV&mostrarAgenda=false
395,Raúl Cuevas Larrosa,True,True,,,,,https://www.congreso.es/es/busqueda-de-diputados?p_p_id=diputadomodule&p_p_lifecycle=0&p_p_state=normal&p_p_mode=view&_diputadomodule_mostrarFicha=true&codParlamentario=395&idLegislatura=XV&mostrarAgenda=false
396,Luis Antonio Gómez Piña,True,True,,,,,https://www.congreso.es/es/busqueda-de-diputados?p_p_id=diputadomodule&p_p_lifecycle=0&p_p_state=normal&p_p_mode=view&_diputadomodule_mostrarFicha=true&codParlamentario=396&idLegislatura=XV&mostrarAgenda=false
397,Viviane Ogou i Corbi,True,True,,https://www.instagram.com/vivianeogou,https://x.com/vivianeogou,,https://www.congreso.es/es/busqueda-de-diputados?p_p_id=diputadomodule&p_p_lifecycle=0&p_p_state=normal&p_p_mode=view&_diputadomodule_mostrarFicha=true&codParlamentario=397&idLegislatura=XV&mostrarAgenda=false
398,Mikel Otero Gabirondo,True,True,,,https://x.com/otero_mikel,,https://www.congreso.es/es/busqueda-de-diputados?p_p_id=diputadomodule&p_p_lifecycle=0&p_p_state=normal&p_p_mode=view&_diputadomodule_mostrarFicha=true&codParlamentario=398&idLegislatura=XV&mostrarAgenda=false
399,Nerea Renteria Lasanta,True,True,,,,,https://www.congreso.es/es/busqueda-de-diputados?p_p_id=diputadomodule&p_p_lifecycle=0&p_p_state=normal&p_p_mode=view&_diputadomodule_mostrarFicha=true&codParlamentario=399&idLegislatura=XV&mostrarAgenda=false
400,Gabriel Blanco Arrúe,True,True,,,,,https://www.congreso.es/es/busqueda-de-diputados?p_p_id=diputadomodule&p_p_lifecycle=0&p_p_state=normal&p_p_mode=view&_diputadomodule_mostrarFicha=true&codParlamentario=400&idLegislatura=XV&mostrarAgenda=false
401,Iván Cacho Isla,True,True,,,,,https://www.congreso.es/es/busqueda-de-diputados?p_p_id=diputadomodule&p_p_lifecycle=0&p_p_state=normal&p_p_mode=view&_diputadomodule_mostrarFicha=true&codParlamentario=401&idLegislatura=XV&mostrarAgenda=false
402,Carlos Simarro Vicens,True,True,,,,,https://www.congreso.es/es/busqueda-de-diputados?p_p_id=diputadomodule&p_p_lifecycle=0&p_p_state=normal&p_p_mode=view&_diputadomodule_mostrarFicha=true&codParlamentario=402&idLegislatura=XV&mostrarAgenda=false
403,Pablo Antuñano Colina,True,False,,,,,https://www.congreso.es/es/busqueda-de-diputados?p_p_id=diputadomodule&p_p_lifecycle=0&p_p_state=normal&p_p_mode=view&_diputadomodule_mostrarFicha=true&codParlamentario=403&idLegislatura=XV&mostrarAgenda=false
404,María Elvira Rodríguez Herrer,True,False,,,https://twitter.com/erodriguez_2019,,https://www.congreso.es/es/busqueda-de-diputados?p_p_id=diputadomodule&p_p_lifecycle=0&p_p_state=normal&p_p_mode=view&_diputadomodule_mostrarFicha=true&codParlamentario=404&idLegislatura=XV&mostrarAgenda=false
405,Búsqueda,False,False,,,,,https://www.congreso.es/es/busqueda-de-diputados?p_p_id=diputadomodule&p_p_lifecycle=0&p_p_state=normal&p_p_mode=view&_diputadomodule_mostrarFicha=true&codParlamentario=405&idLegislatura=XV&mostrarAgenda=false
406,Búsqueda,False,False,,,,,https://www.congreso.es/es/busqueda-de-diputados?p_p_id=diputadomodule&p_p_lifecycle=0&p_p_state=normal&p_p_mode=view&_diputadomodule_mostrarFicha=true&codParlamentario=406&idLegislatura=XV&mostrarAgenda=false
407,Búsqueda,False,False,,,,,https://www.congreso.es/es/busqueda-de-diputados?p_p_id=diputadomodule&p_p_lifecycle=0&p_p_state=normal&p_p_mode=view&_diputadomodule_mostrarFicha=true&codParlamentario=407&idLegislatura=XV&mostrarAgenda=false
408,Búsqueda,False,False,,,,,https://www.congreso.es/es/busqueda-de-diputados?p_p_id=diputadomodule&p_p_lifecycle=0&p_p_state=normal&p_p_mode=view&_diputadomodule_mostrarFicha=true&codParlamentario=408&idLegislatura=XV&mostrarAgenda=false
409,Búsqueda,False,False,,,,,https://www.congreso.es/es/busqueda-de-diputados?p_p_id=diputadomodule&p_p_lifecycle=0&p_p_state=normal&p_p_mode=view&_diputadomodule_mostrarFicha=true&codParlamentario=409&idLegislatura=XV&mostrarAgenda=false
410,Búsqueda,False,False,,,,,https://www.congreso.es/es/busqueda-de-diputados?p_p_id=diputadomodule&p_p_lifecycle=0&p_p_state=normal&p_p_mode=view&_diputadomodule_mostrarFicha=true&codParlamentario=410&idLegislatura=XV&mostrarAgenda=false
411,Búsqueda,False,False,,,,,https://www.congreso.es/es/busqueda-de-diputados?p_p_id=diputadomodule&p_p_lifecycle=0&p_p_state=normal&p_p_mode=view&_diputadomodule_mostrarFicha=true&codParlamentario=411&idLegislatura=XV&mostrarAgenda=false
412,Búsqueda,False,False,,,,,https://www.congreso.es/es/busqueda-de-diputados?p_p_id=diputadomodule&p_p_lifecycle=0&p_p_state=normal&p_p_mode=view&_diputadomodule_mostrarFicha=true&codParlamentario=412&idLegislatura=XV&mostrarAgenda=false
413,Búsqueda,False,False,,,,,https://www.congreso.es/es/busqueda-de-diputados?p_p_id=diputadomodule&p_p_lifecycle=0&p_p_state=normal&p_p_mode=view&_diputadomodule_mostrarFicha=true&codParlamentario=413&idLegislatura=XV&mostrarAgenda=false
414,Búsqueda,False,False,,,,,https://www.congreso.es/es/busqueda-de-diputados?p_p_id=diputadomodule&p_p_lifecycle=0&p_p_state=normal&p_p_mode=view&_diputadomodule_mostrarFicha=true&codParlamentario=414&idLegislatura=XV&mostrarAgenda=false
415,Búsqueda,False,False,,,,,https://www.congreso.es/es/busqueda-de-diputados?p_p_id=diputadomodule&p_p_lifecycle=0&p_p_state=normal&p_p_mode=view&_diputadomodule_mostrarFicha=true&codParlamentario=415&idLegislatura=XV&mostrarAgenda=false
416,Búsqueda,False,False,,,,,https://www.congreso.es/es/busqueda-de-diputados?p_p_id=diputadomodule&p_p_lifecycle=0&p_p_state=normal&p_p_mode=view&_diputadomodule_mostrarFicha=true&codParlamentario=416&idLegislatura=XV&mostrarAgenda=false
417,Búsqueda,False,False,,,,,https://www.congreso.es/es/busqueda-de-diputados?p_p_id=diputadomodule&p_p_lifecycle=0&p_p_state=normal&p_p_mode=view&_diputadomodule_mostrarFicha=true&codParlamentario=417&idLegislatura=XV&mostrarAgenda=false
418,Búsqueda,False,False,,,,,https://www.congreso.es/es/busqueda-de-diputados?p_p_id=diputadomodule&p_p_lifecycle=0&p_p_state=normal&p_p_mode=view&_diputadomodule_mostrarFicha=true&codParlamentario=418&idLegislatura=XV&mostrarAgenda=false
419,Búsqueda,False,False,,,,,https://www.congreso.es/es/busqueda-de-diputados?p_p_id=diputadomodule&p_p_lifecycle=0&p_p_state=normal&p_p_mode=view&_diputadomodule_mostrarFicha=true&codParlamentario=419&idLegislatura=XV&mostrarAgenda=false
420,Búsqueda,False,False,,,,,https://www.congreso.es/es/busqueda-de-diputados?p_p_id=diputadomodule&p_p_lifecycle=0&p_p_state=normal&p_p_mode=view&_diputadomodule_mostrarFicha=true&codParlamentario=420&idLegislatura=XV&mostrarAgenda=false
421,Búsqueda,False,False,,,,,https://www.congreso.es/es/busqueda-de-diputados?p_p_id=diputadomodule&p_p_lifecycle=0&p_p_state=normal&p_p_mode=view&_diputadomodule_mostrarFicha=true&codParlamentario=421&idLegislatura=XV&mostrarAgenda=false
422,Búsqueda,False,False,,,,,https://www.congreso.es/es/busqueda-de-diputados?p_p_id=diputadomodule&p_p_lifecycle=0&p_p_state=normal&p_p_mode=view&_diputadomodule_mostrarFicha=true&codParlamentario=422&idLegislatura=XV&mostrarAgenda=false
423,Búsqueda,False,False,,,,,https://www.congreso.es/es/busqueda-de-diputados?p_p_id=diputadomodule&p_p_lifecycle=0&p_p_state=normal&p_p_mode=view&_diputadomodule_mostrarFicha=true&codParlamentario=423&idLegislatura=XV&mostrarAgenda=false
424,Búsqueda,False,False,,,,,https://www.congreso.es/es/busqueda-de-diputados?p_p_id=diputadomodule&p_p_lifecycle=0&p_p_state=normal&p_p_mode=view&_diputadomodule_mostrarFicha=true&codParlamentario=424&idLegislatura=XV&mostrarAgenda=false
425,Búsqueda,False,False,,,,,https://www.congreso.es/es/busqueda-de-diputados?p_p_id=diputadomodule&p_p_lifecycle=0&p_p_state=normal&p_p_mode=view&_diputadomodule_mostrarFicha=true&codParlamentario=425&idLegislatura=XV&mostrarAgenda=false
