metadata_deputy_id,personal_apellidos,personal_nombre,personal_circunscripcion,personal_fecha_eleccion,metadata_tipo_declaracion,seccion,item_index,actividad_periodo,actividad_empleador,actividad_sector,actividad_descripcion,donacion_benefactor,donacion_descripcion,fundacion_destinatario,fundacion_descripcion,otros_texto,firma_fecha,metadata_archivo_origen
000001,Palencia Rubio,Héctor,Ávila,31 de julio de 2023,,actividades,0.0,,Partido Popular de Castilla y León,Cargos en partidos o grupos parlamentarios,"Vicesecretario de organización y territorial del Partido Popular de Castilla y León, sin remuneración.",,,,,,,deputy_000001_interests_registro_intereses_diputado_1.pdf
000001,Palencia Rubio,Héctor,Ávila,31 de julio de 2023,,actividades,1.0,,Centro comercial El Bulevar de Ávila,Actividades privadas autorizadas,"Gerente del centro comercial El Bulevar de Ávila, en excedencia desde el 1 de agosto de 2023.",,,,,,,deputy_000001_interests_registro_intereses_diputado_1.pdf
000002,Cabezón Casas,Tomás,Soria,31 de julio de 2023,,actividades,0.0,Fecha del acuerdo plenario definitivo: 19.12.2023,Alcalde de Castilfrío de la Sierra (Soria),,sin percibir ningún tipo de remuneración.,,,,,,,deputy_000002_interests_registro_intereses_diputado_2.pdf
000002,Cabezón Casas,Tomás,Soria,31 de julio de 2023,,actividades,1.0,Fecha del acuerdo plenario definitivo: 19.12.2023,Vocal de la Mancomunidad de Tierras Altas,,"sin percibir ningún tipo de remuneración, salvo indemnización por asistencia a órganos de la Corporación.",,,,,,,deputy_000002_interests_registro_intereses_diputado_2.pdf
000002,Cabezón Casas,Tomás,Soria,31 de julio de 2023,,actividades,2.0,Fecha del acuerdo plenario definitivo: 19.12.2023,Vicesecretario provincial del Partido Popular de Soria,,sin retribución.,,,,,,,deputy_000002_interests_registro_intereses_diputado_2.pdf
000004,Alcaraz Martos,Francisco José,Jaén,1 de agosto de 2023,,otros_intereses,0.0,,,,,,,,,"Declaración de Actividades, de 1 de agosto de 2023. La autorización de esta actividad se realiza con la cautela de que no suponga el desempeño de otro puesto público o privado o incurra en algunas de las actividades prohibidas del artículo 159.2 LOREG. Las actividades privadas se autorizan en la medida en que no incurran en los supuestos del artículo 159.2 de la LOREG, con las cautelas de no invocar la condición de parlamentario, no menoscabar la dedicación parlamentaria, y no incurrir en actividades prohibidas del artículo 159.2.",,deputy_000004_interests_registro_intereses_diputado_4.pdf
000005,Ramírez Moreno,María de las Nieves,Málaga,1 de agosto de 2023,,actividades,0.0,,Ayuntamiento de Torrox (Málaga),Cargos públicos,"Concejala del Ayuntamiento de Torrox (Málaga), sin percibir ningún tipo de remuneración, salvo indemnización por asistencia a órganos de la Corporación.",,,,,,,deputy_000005_interests_registro_intereses_diputado_5.pdf
000005,Ramírez Moreno,María de las Nieves,Málaga,1 de agosto de 2023,,actividades,1.0,Fecha del acuerdo plenario definitivo: 19.12.2023,PSOE,Cargos en partidos ó grupos parlamentarios,"Vocal de la Comisión Ejecutiva Federal del PSOE, sin retribución.",,,,,,,deputy_000005_interests_registro_intereses_diputado_5.pdf
000005,Ramírez Moreno,María de las Nieves,Málaga,1 de agosto de 2023,,actividades,2.0,Fecha del acuerdo plenario definitivo: 19.12.2023,PSOE en Torrox (Málaga),Cargos en partidos ó grupos parlamentarios,Secretaria General del PSOE en Torrox (Málaga).,,,,,,,deputy_000005_interests_registro_intereses_diputado_5.pdf
000005,Ramírez Moreno,María de las Nieves,Málaga,1 de agosto de 2023,,otros_intereses,0.0,,,,,,,,,"1. Declaración de Actividades, de 1 de agosto de 2023. La autorización de esta actividad se realiza con la cautela de que no suponga el desempeño de otro puesto público o privado o incurra en algunas de las actividades prohibidas del artículo 159.2 LOREG. Las actividades privadas se autorizan en la medida en que no incurran en los supuestos del artículo 159.2 de la LOREG, con las cautelas de no invocar la condición de parlamentario, no menoscabar la dedicación parlamentaria, y no incurrir en actividades prohibidas del artículo 159.2",,deputy_000005_interests_registro_intereses_diputado_5.pdf
000007,Conde Bajén,Agustín,Toledo,1 de agosto de 2023,,actividades,0.0,Fecha del acuerdo plenario definitivo: 19.12.2023,Armada,Cuerpo General de la Armada,Alférez de Fragata del Cuerpo General de la Armada. Reservista voluntario.,,,,,,,deputy_000007_interests_registro_intereses_diputado_7.pdf
000007,Conde Bajén,Agustín,Toledo,1 de agosto de 2023,,actividades,1.0,Fecha del acuerdo plenario definitivo: 19.12.2023,PP de Castilla-La Mancha,Comité Ejecutivo Regional,Vocal del Comité Ejecutivo Regional del PP de Castilla-La Mancha.,,,,,,,deputy_000007_interests_registro_intereses_diputado_7.pdf
000007,Conde Bajén,Agustín,Toledo,1 de agosto de 2023,,actividades,2.0,Fecha del acuerdo plenario definitivo: 19.12.2023,PP de la provincia de Toledo,Comité Ejecutivo Provincial,Vocal del Comité Ejecutivo Provincial del PP de la provincia de Toledo.,,,,,,,deputy_000007_interests_registro_intereses_diputado_7.pdf
000007,Conde Bajén,Agustín,Toledo,1 de agosto de 2023,,actividades,3.0,Fecha del acuerdo plenario definitivo: 19.12.2023,Consejo Social de la Ciudad de Toledo,Consejo Social,"Miembro del Consejo Social de la Ciudad de Toledo, sin retribución.",,,,,,,deputy_000007_interests_registro_intereses_diputado_7.pdf
000007,Conde Bajén,Agustín,Toledo,1 de agosto de 2023,,actividades,4.0,Fecha del acuerdo plenario definitivo: 19.12.2023,Real Fundación de Toledo,Junta de Protectores,"Miembro de la Junta de Protectores de la Real Fundación de Toledo, sin retribución.",,,,,,,deputy_000007_interests_registro_intereses_diputado_7.pdf
000007,Conde Bajén,Agustín,Toledo,1 de agosto de 2023,,actividades,5.0,Fecha del acuerdo plenario definitivo: 19.12.2023,Instituto de Liderazgo Político S.L.,Consejo de Administración,"Miembro del Consejo de Administración del Instituto de Liderazgo Político S.L., que no presta servicio alguno, ni percibe ingresos de ningún organismo perteneciente al sector público institucional o empresarial.",,,,,,,deputy_000007_interests_registro_intereses_diputado_7.pdf
000007,Conde Bajén,Agustín,Toledo,1 de agosto de 2023,,actividades,6.0,Fecha del acuerdo plenario definitivo: 19.12.2023,Abogado en ejercicio,Consultor jurídico,Abogado en ejercicio y consultor jurídico sin prestar servicio alguno al sector público institucional o empresarial.,,,,,,,deputy_000007_interests_registro_intereses_diputado_7.pdf
000007,Conde Bajén,Agustín,Toledo,1 de agosto de 2023,,actividades,7.0,Fecha del acuerdo plenario definitivo: 19.12.2023,Academia de Ciencias Sociales y Humanidades de Castilla-La Mancha,Academia,"Académico de Número de la Academia de Ciencias Sociales y Humanidades de Castilla-La Mancha, sin retribución.",,,,,,,deputy_000007_interests_registro_intereses_diputado_7.pdf
000007,Conde Bajén,Agustín,Toledo,1 de agosto de 2023,,actividades,8.0,Fecha del acuerdo plenario definitivo: 19.12.2023,Grupo Parlamentario Popular en el Congreso de los Diputados,Asesor,Asesor del Grupo Parlamentario Popular en el Congreso de los Diputados con fecha de cese de 16 de agosto de 2023.,,,,,,,deputy_000007_interests_registro_intereses_diputado_7.pdf
000007,Conde Bajén,Agustín,Toledo,1 de agosto de 2023,,actividades,9.0,Fecha del acuerdo plenario definitivo: 19.12.2023,Real Academia de Jurisprudencia y Legislación,Academia,"Académico correspondiente de la Real Academia de Jurisprudencia y Legislación, sin retribución.",,,,,,,deputy_000007_interests_registro_intereses_diputado_7.pdf
000007,Conde Bajén,Agustín,Toledo,1 de agosto de 2023,,actividades,10.0,Fecha del acuerdo plenario definitivo: 19.12.2023,Centros privados,Docencia,Docencia en centros privados.,,,,,,,deputy_000007_interests_registro_intereses_diputado_7.pdf
000008,Pérez Ortiz,Isabel María,Málaga,1 de agosto de 2023,,actividades,0.0,,Ayuntamiento de Marbella (Málaga),Cargos públicos,"Concejal del Ayuntamiento de Marbella (Málaga), sin percibir ningún tipo de remuneración, salvo indemnización por asistencia a órganos de la Corporación.",,,,,,,deputy_000008_interests_registro_intereses_diputado_8.pdf
000008,Pérez Ortiz,Isabel María,Málaga,1 de agosto de 2023,,actividades,1.0,,Partido Socialista de Marbella (Málaga),Cargos en partidos ó grupos parlamentarios,"Miembro de la Ejecutiva de la Agrupación del Partido Socialista de Marbella (Málaga), sin remuneración.",,,,,,,deputy_000008_interests_registro_intereses_diputado_8.pdf
000008,Pérez Ortiz,Isabel María,Málaga,1 de agosto de 2023,,otros_intereses,0.0,,,,,,,,,"1. Declaración de Actividades, de 1 de agosto de 2023. La autorización de esta actividad se realiza con la cautela de que no suponga el desempeño de otro puesto público o privado o incurra en algunas de las actividades prohibidas del artículo 159.2 LOREG. Las actividades privadas se autorizan en la medida en que no incurran en los supuestos del artículo 159.2 de la LOREG, con las cautelas de no invocar la condición de parlamentario, no menoscabar la dedicación parlamentaria, y no incurrir en actividades prohibidas del artículo 159.2",,deputy_000008_interests_registro_intereses_diputado_8.pdf
000009,Bravo Baena,Juan,Sevilla,1 de agosto de 2023,,actividades,0.0,2001-2004,Hacienda Pública,,Agente de la Hacienda Pública,,,,,,,deputy_000009_interests_registro_intereses_diputado_9.pdf
000009,Bravo Baena,Juan,Sevilla,1 de agosto de 2023,,actividades,1.0,2004-2008,Cuerpo Técnico de Hacienda,,,,,,,,,deputy_000009_interests_registro_intereses_diputado_9.pdf
000009,Bravo Baena,Juan,Sevilla,1 de agosto de 2023,,actividades,2.0,2008 hasta la actualidad,Cuerpo Superior de Inspectores de Hacienda del Estado,,"en situación de servicios especiales, percibiendo el correspondiente complemento por antigüedad",,,,,,,deputy_000009_interests_registro_intereses_diputado_9.pdf
000009,Bravo Baena,Juan,Sevilla,1 de agosto de 2023,,actividades,3.0,,Partido Popular,,"Vicesecretario económico del Partido Popular, con retribución",,,,,,,deputy_000009_interests_registro_intereses_diputado_9.pdf
000009,Bravo Baena,Juan,Sevilla,1 de agosto de 2023,,otros_intereses,0.0,,,,,,,,,"La autorización de esta actividad se realiza con la cautela de que no suponga el desempeño de otro puesto público o privado o incurra en algunas de las actividades prohibidas del artículo 159.2 LOREG. Las actividades privadas se autorizan en la medida en que no incurran en los supuestos del artículo 159.2 de la LOREG, con las cautelas de no invocar la condición de parlamentario, no menoscabar la dedicación parlamentaria, y no incurrir en actividades prohibidas del artículo 159.2",,deputy_000009_interests_registro_intereses_diputado_9.pdf
000010,Sahuquillo García,Luis Carlos,Cuenca,1 de agosto de 2023,,actividades,0.0,,Junta de Comunidades de Castilla-La Mancha,Funcionario,"en situación de servicios especiales, percibiendo el correspondiente complemento por antigüedad. Fecha del acuerdo plenario definitivo: 19.12.2023",,,,,,,deputy_000010_interests_registro_intereses_diputado_10.pdf
000010,Sahuquillo García,Luis Carlos,Cuenca,1 de agosto de 2023,,actividades,1.0,2018,PSOE en Cuenca,Cargos en partidos ó grupos parlamentarios,"Secretario General Provincial del PSOE en Cuenca desde 2018, sin ningún tipo de remuneración, sin percibir ningún tipo de ingreso, ni dietas, ni kilometraje.",,,,,,,deputy_000010_interests_registro_intereses_diputado_10.pdf
000011,Rey de las Heras,Luis Alfonso,Soria,1 de agosto de 2023,,actividades,0.0,,Ayuntamiento de Soria,,"Teniente Alcalde del Ayuntamiento de Soria, sin percibir ningún tipo de remuneración, salvo indemnización por asistencia a órganos de la Corporación.",,,,,,,deputy_000011_interests_registro_intereses_diputado_11.pdf
000011,Rey de las Heras,Luis Alfonso,Soria,1 de agosto de 2023,,actividades,1.0,,PSOE en Soria,,"Secretario General del PSOE en Soria, sin remuneración.",,,,,,,deputy_000011_interests_registro_intereses_diputado_11.pdf
000011,Rey de las Heras,Luis Alfonso,Soria,1 de agosto de 2023,,otros_intereses,0.0,,,,,,,,,"La autorización de esta actividad se realiza con la cautela de que no suponga el desempeño de otro puesto público o privado o incurra en algunas de las actividades prohibidas del artículo 159.2 LOREG. Las actividades privadas se autorizan en la medida en que no incurran en los supuestos del artículo 159.2 de la LOREG, con las cautelas de no invocar la condición de parlamentario, no menoscabar la dedicación parlamentaria, y no incurrir en actividades prohibidas del artículo 159.2",,deputy_000011_interests_registro_intereses_diputado_11.pdf
000012,Rojas García,Carlos,Granada,2 de agosto de 2023,,actividades,0.0,,"Sociedad Agrícola Roga, S.L.",Producción agrícola de productos tropicales y hortalizas,"Accionista con participación minoritaria y sin cargo de gestión. Esta sociedad no contrata con el sector público, ni percibe subvenciones no regladas.",,,,,,,deputy_000012_interests_registro_intereses_diputado_12.pdf
000012,Rojas García,Carlos,Granada,2 de agosto de 2023,,actividades,1.0,,"15K Angels, S.L.",Inversión y la promoción en emprendimiento que cree empleo y economía circular,"Accionista con participación minoritaria (1/30). Esta sociedad no contrata con el sector público, ni recibe subvenciones no regladas.",,,,,,,deputy_000012_interests_registro_intereses_diputado_12.pdf
000014,Fernández Hernández,Pedro,Zaragoza,2 de agosto de 2023,,actividades,0.0,,Instituto de Estudios Bursátiles (IEB),Docencia,Contrato de Profesor Asociado en ADE y Máster de Postgrado en el Instituto de Estudios Bursátiles (IEB).,,,,,,,deputy_000014_interests_registro_intereses_diputado_14.pdf
000015,Castilla Álvarez,María Carmen,Sevilla,2 de agosto de 2023,,actividades,0.0,,Servicio Andaluz de Salud,Salud,"Estatutaria fija del Servicio Andaluz de Salud y, desde el 2 de agosto de 2023, en situación de servicios especiales, percibiendo el correspondiente complemento por antigüedad.",,,,,,,deputy_000015_interests_registro_intereses_diputado_15.pdf
000015,Castilla Álvarez,María Carmen,Sevilla,2 de agosto de 2023,,actividades,1.0,,Fundación Desarrollo Pueblos de Andalucía,Fundación,"Patrona de la Fundación Desarrollo Pueblos de Andalucía, sin remuneración.",,,,,,,deputy_000015_interests_registro_intereses_diputado_15.pdf
000015,Castilla Álvarez,María Carmen,Sevilla,2 de agosto de 2023,,otros_intereses,0.0,,,,,,,,,"1. Declaración de Actividades, de 2 de agosto de 2023. 2. La autorización de esta actividad se realiza con la cautela de que no suponga el desempeño de otro puesto público o privado o incurra en algunas de las actividades prohibidas del artículo 159.2 LOREG. 3. Las actividades privadas se autorizan en la medida en que no incurran en los supuestos del artículo 159.2 de la LOREG, con las cautelas de no invocar la condición de parlamentario, no menoscabar la dedicación parlamentaria, y no incurrir en actividades prohibidas del artículo 159.2.",,deputy_000015_interests_registro_intereses_diputado_15.pdf
000016,Pérez Osma,Daniel,Cuenca,2 de agosto de 2023,,actividades,0.0,,Alcalde de Las Valeras (Cuenca),,"sin dedicación exclusiva, renuncia a dietas por asistencia",,,,,,,deputy_000016_interests_registro_intereses_diputado_16.pdf
000016,Pérez Osma,Daniel,Cuenca,2 de agosto de 2023,,actividades,1.0,,Vicesecretaria Territorial del PP en Cuenca,,sin retribución. Fecha del acuerdo plenario definitivo: 19.12.2023,,,,,,,deputy_000016_interests_registro_intereses_diputado_16.pdf
000016,Pérez Osma,Daniel,Cuenca,2 de agosto de 2023,,otros_intereses,0.0,,,,,,,,,"1. Declaración de Actividades, de 2 de agosto de 2023. * La autorización de esta actividad se realiza con la cautela de que no suponga el desempeño de otro puesto público o privado o incurra en algunas de las actividades prohibidas del artículo 159.2 LOREG. * Las actividades privadas se autorizan en la medida en que no incurran en los supuestos del artículo 159.2 de la LOREG, con las cautelas de no invocar la condición de parlamentario, no menoscabar la dedicación parlamentaria, y no incurrir en actividades prohibidas del artículo 159.2.",,deputy_000016_interests_registro_intereses_diputado_16.pdf
000017,Senderos Oraá,Daniel,Araba/Álava,2 de agosto de 2023,,actividades,0.0,,Secretario de Transición Ecológica y Cambio Climático de la CEE,,"Fecha del acuerdo plenario definitivo: 19.12.2023 de los Socialistas Vascos, sin retribución.",,,,,,,deputy_000017_interests_registro_intereses_diputado_17.pdf
000017,Senderos Oraá,Daniel,Araba/Álava,2 de agosto de 2023,,actividades,1.0,,Miembro de la Comisión Ejecutiva de Euskadi,,"Fecha del acuerdo plenario definitivo: 19.12.2023, sin retribución.",,,,,,,deputy_000017_interests_registro_intereses_diputado_17.pdf
000017,Senderos Oraá,Daniel,Araba/Álava,2 de agosto de 2023,,actividades,2.0,,Secretario de Organización del PSE-EE de la Rioja Alavesa,,"Fecha del acuerdo plenario definitivo: 19.12.2023, sin retribución.",,,,,,,deputy_000017_interests_registro_intereses_diputado_17.pdf
000018,Jerez Antequera,Juan Carlos,Barcelona,2 de agosto de 2023,,actividades,0.0,,Ayuntamiento de Sant Quirze del Vallès (Barcelona),Funcionario de carrera (técnico superior de Administración Especial),"en situación de servicios especiales, percibiendo el correspondiente complemento por antigüedad desde el 16.08.2023",,,,,,,deputy_000018_interests_registro_intereses_diputado_18.pdf
000018,Jerez Antequera,Juan Carlos,Barcelona,2 de agosto de 2023,,otros_intereses,0.0,,,,,,,,,"1. Declaración de Actividades, de 2 de agosto de 2023
2. Declaración de Actividades, de 23 de mayo de 2025",,deputy_000018_interests_registro_intereses_diputado_18.pdf
000019,Perea i Conillas,María Mercè,Barcelona,2 de agosto de 2023,,actividades,0.0,,"Administración del Patrimonio Familiar Perea i Conillas, C.B.",,"Fecha del acuerdo plenario definitivo: 19.12.2023 Avperme, C.B., ambas en liquidación y sin facultades de administración.",,,,,,,deputy_000019_interests_registro_intereses_diputado_19.pdf
000019,Perea i Conillas,María Mercè,Barcelona,2 de agosto de 2023,,otros_intereses,0.0,,,,,,,,,"La autorización de esta actividad se realiza con la cautela de que no suponga el desempeño de otro puesto público o privado o incurra en algunas de las actividades prohibidas del artículo 159.2 LOREG. Las actividades privadas se autorizan en la medida en que no incurran en los supuestos del artículo 159.2 de la LOREG. Con las cautelas de no invocar la condición de parlamentario, no menoscabar la dedicación parlamentaria, y no incurrir en actividades prohibidas del artículo 159.2.",,deputy_000019_interests_registro_intereses_diputado_19.pdf
000021,Aranda Vargas,Francisco,Barcelona,2 de agosto de 2023,,actividades,0.0,,Universidad de Barcelona,,Profesor Asociado de Ciencia Política,,,,,,19.12.2023,deputy_000021_interests_registro_intereses_diputado_21.pdf
000021,Aranda Vargas,Francisco,Barcelona,2 de agosto de 2023,,actividades,1.0,,PSC de la Federación Vallés Occidental Sur,,"Primer Secretario, sin retribución",,,,,,19.12.2023,deputy_000021_interests_registro_intereses_diputado_21.pdf
000021,Aranda Vargas,Francisco,Barcelona,2 de agosto de 2023,,otros_intereses,0.0,,,,,,,,,"La autorización de esta actividad se realiza con la cautela de que no suponga el desempeño de otro puesto público o privado o incurra en algunas de las actividades prohibidas del artículo 159.2 LOREG. Las actividades privadas se autorizan en la medida en que no incurran en los supuestos del artículo 159.2 de la LOREG, con las cautelas de no invocar la condición de parlamentario, no menoscabar la dedicación parlamentaria, y no incurrir en actividades prohibidas del artículo 159.2.",19.12.2023,deputy_000021_interests_registro_intereses_diputado_21.pdf
000023,Vicente,Ferran Verdejo,Barcelona,2 de agosto de 2023,,actividades,0.0,,Ayuntamiento de Cardona,Público,"Concejal del Ayuntamiento de Cardona (Barcelona), sin percibir ningún tipo de remuneración, salvo indemnización por asistencia a órganos de la Corporación.",,,,,,,deputy_000023_interests_registro_intereses_diputado_23.pdf
000023,Vicente,Ferran Verdejo,Barcelona,2 de agosto de 2023,,actividades,1.0,,Partit dels Socialistes de Catalunya,Privado,"Renuncia como técnico del Partit dels Socialistes de Catalunya, a partir del 23 de julio de 2023.",,,,,,,deputy_000023_interests_registro_intereses_diputado_23.pdf
000023,Vicente,Ferran Verdejo,Barcelona,2 de agosto de 2023,,actividades,2.0,,Partit dels Socialistes de Catalunya,Privado,"Técnico del Partit dels Socialistes de Catalunya, de baja por excedencia desde el 16 de agosto de 2023.",,,,,,,deputy_000023_interests_registro_intereses_diputado_23.pdf
000024,Serrada Pariente,David,Salamanca,2 de agosto de 2023,,actividades,0.0,,PSOE,Cargos en partidos o grupos parlamentarios,"Secretario General del PSOE en Salamanca, sin retribución.",,,,,,,deputy_000024_interests_registro_intereses_diputado_24.pdf
000025,García Félix,Manuel,Huelva,2 de agosto de 2023,,actividades,0.0,,Ayuntamiento de La Palma del Condado (Huelva),Cargos públicos,"Alcalde del Ayuntamiento de La Palma del Condado (Huelva), sin dedicacion exclusiva, sin percibir ningún tipo de remuneración, salvo indemnización por asistencia a órganos de la Corporación.",,,,,,,deputy_000025_interests_registro_intereses_diputado_25.pdf
000025,García Félix,Manuel,Huelva,2 de agosto de 2023,,actividades,1.0,,FEMP,Cargos públicos,Presidente de la Comisión de Patrimonio de la FEMP.,,,,,,,deputy_000025_interests_registro_intereses_diputado_25.pdf
000025,García Félix,Manuel,Huelva,2 de agosto de 2023,,actividades,2.0,,Comité Europeo de las Regiones,Cargos públicos,Miembro del Comité Europeo de las Regiones.,,,,,,,deputy_000025_interests_registro_intereses_diputado_25.pdf
000025,García Félix,Manuel,Huelva,2 de agosto de 2023,,actividades,3.0,,Universidad de Huelva,Actividades públicas a las que ha renunciado,Profesor en la Universidad de Huelva.,,,,,,,deputy_000025_interests_registro_intereses_diputado_25.pdf
000026,Tellado Filgueira,Miguel,Coruña (A),2 de agosto de 2023,,actividades,0.0,,Partido Popular,Cargos en partidos ó grupos parlamentarios,"Vicesecretario de Organización Territorial del Partido Popular, Fecha del acuerdo plenario definitivo: 19.12.2023 percibiendo gastos de representación.",,,,,,,deputy_000026_interests_registro_intereses_diputado_26.pdf
000027,Pérez López,Álvaro,Coruña (A),2 de agosto de 2023,,actividades,0.0,,Partido Popular,,Director de coordinación parlamentaria del Partido Popular,,,,,,,deputy_000027_interests_registro_intereses_diputado_27.pdf
000027,Pérez López,Álvaro,Coruña (A),2 de agosto de 2023,,actividades,1.0,hasta el 16 de agosto de 2023,Grupo Parlamentario Popular en el Congreso,,Asesor del Grupo Parlamentario Popular en el Congreso,,,,,,,deputy_000027_interests_registro_intereses_diputado_27.pdf
000027,Pérez López,Álvaro,Coruña (A),2 de agosto de 2023,,otros_intereses,0.0,,,,,,,,,"La autorización de esta actividad se realiza con la cautela de que no suponga el desempeño de otro puesto público o privado o incurra en algunas de las actividades prohibidas del artículo 159.2 LOREG. Las actividades privadas se autorizan en la medida en que no incurran en los supuestos del artículo 159.2 de la LOREG, con las cautelas de no invocar la condición de parlamentario, no menoscabar la dedicación parlamentaria, y no incurrir en actividades prohibidas del artículo 159.2.",,deputy_000027_interests_registro_intereses_diputado_27.pdf
000028,Muñoz de la Iglesia,Ester,León,2 de agosto de 2023,,actividades,0.0,,Partido Popular de León,Cargos en partidos ó grupos parlamentarios,"Presidenta del Partido Popular de León, sin retribución.",,,,,,,deputy_000028_interests_registro_intereses_diputado_28.pdf
000028,Muñoz de la Iglesia,Ester,León,2 de agosto de 2023,,actividades,1.0,,Partido Popular,Cargos en partidos ó grupos parlamentarios,"Vicesecretaria Nacional de Sanidad y Educación del Partido Popular, percibiendo gastos de representación.",,,,,,,deputy_000028_interests_registro_intereses_diputado_28.pdf
000029,Fagúndez Campo,Antidio,Zamora,2 de agosto de 2023,,actividades,0.0,,Secretario General del PSOE,,"Zamora, sin retribución",,,,,,,deputy_000029_interests_registro_intereses_diputado_29.pdf
000030,Franco González,Silvia,León,2 de agosto de 2023,,actividades,0.0,,Cuerpo Superior de la Administración de Castilla y León,Funcionaria,"en situación de servicios especiales, percibiendo el correspondiente complemento por antigüedad",,,,,,,deputy_000030_interests_registro_intereses_diputado_30.pdf
000031,Fernández Benéitez,Andrea,León,2 de agosto de 2023,,actividades,0.0,,Secretaría Federal de Igualdad CEF PSOE,,sin remuneración,,,,,,,deputy_000031_interests_registro_intereses_diputado_31.pdf
000031,Fernández Benéitez,Andrea,León,2 de agosto de 2023,,otros_intereses,0.0,,,,,,,,,"La autorización de esta actividad se realiza con la cautela de que no suponga el desempeño de otro puesto público o privado o incurra en algunas de las actividades prohibidas del artículo 159.2 LOREG. Las actividades privadas se autorizan en la medida en que no incurran en los supuestos del artículo 159.2 de la LOREG, con las cautelas de no invocar la condición de parlamentario, no menoscabar la dedicación parlamentaria, y no incurrir en actividades prohibidas del artículo 159.2.",,deputy_000031_interests_registro_intereses_diputado_31.pdf
000032,Delgado Arce,Celso Luis,Ourense,2 de agosto de 2023,,actividades,0.0,,Abogacía,,Fecha del acuerdo plenario definitivo: 19.12.2023,,,,,,,deputy_000032_interests_registro_intereses_diputado_32.pdf
000032,Delgado Arce,Celso Luis,Ourense,2 de agosto de 2023,,actividades,1.0,,Delgado Arce Abogados S.L.N.E.,,"Administrador único de la compañía mercantil Delgado Arce. Fecha del acuerdo plenario definitivo: 19.12.2023. Abogados S.L.N.E., cuyo objeto social es la prestación de servicios jurídicos (en ningún caso a la Administración Pública), no percibiendo retribución como administrador de esta Sociedad pero sí como director de la misma.",,,,,,,deputy_000032_interests_registro_intereses_diputado_32.pdf
000032,Delgado Arce,Celso Luis,Ourense,2 de agosto de 2023,,actividades,2.0,,Tertuliano en programas radiofónicos,,sin percibir retribución; Fecha del acuerdo plenario definitivo: 19.12.2023,,,,,,,deputy_000032_interests_registro_intereses_diputado_32.pdf
000033,Santana Perera,Noemí,Palmas (Las),2 de agosto de 2023,,actividades,0.0,,Ferrocarriles de Gran Canaria (Cabildo de Gran Canaria),,Administrativo. Laboral fijo en situación de excedencia.,,,,,,,deputy_000033_interests_registro_intereses_diputado_33.pdf
000033,Santana Perera,Noemí,Palmas (Las),2 de agosto de 2023,,actividades,1.0,,Consejo Ciudadano Podemos Canarias,,Sin remuneración.,,,,,,,deputy_000033_interests_registro_intereses_diputado_33.pdf
000033,Santana Perera,Noemí,Palmas (Las),2 de agosto de 2023,,actividades,2.0,,Secretaría de derechos sociales Podemos estatal,,Sin remuneración.,,,,,,,deputy_000033_interests_registro_intereses_diputado_33.pdf
000034,Velasco Morillo,Elvira,Zamora,2 de agosto de 2023,,actividades,0.0,,Junta de Castilla y León (SACYL),Funcionaria,"en situación de servicios especiales, percibiendo el correspondiente complemento por antigüedad",,,,,,,deputy_000034_interests_registro_intereses_diputado_34.pdf
000034,Velasco Morillo,Elvira,Zamora,2 de agosto de 2023,,actividades,1.0,Fecha del acuerdo plenario definitivo: 19.12.2023,Partido Popular de Zamora,Secretaria General,sin retribución,,,,,,,deputy_000034_interests_registro_intereses_diputado_34.pdf
000034,Velasco Morillo,Elvira,Zamora,2 de agosto de 2023,,actividades,2.0,Fecha del acuerdo plenario definitivo: 19.12.2023,Fundación Reformismo 21,Patrona,sin retribución,,,,,,,deputy_000034_interests_registro_intereses_diputado_34.pdf
000034,Velasco Morillo,Elvira,Zamora,2 de agosto de 2023,,otros_intereses,0.0,,,,,,,,,"1. Declaración de Actividades, de 2 de agosto de 2023. La autorización de esta actividad se realiza con la cautela de que no suponga el desempeño de otro puesto público o privado o incurra en algunas de las actividades prohibidas del artículo 159.2 LOREG. Las actividades privadas se autorizan en la medida en que no incurran en los supuestos del artículo 159.2 de la LOREG, con las cautelas de no invocar la condición de parlamentario, no menoscabar la dedicación parlamentaria, y no incurrir en actividades prohibidas del artículo 159.2",,deputy_000034_interests_registro_intereses_diputado_34.pdf
000035,Zaragoza Alonso,José,Barcelona,2 de agosto de 2023,,,,,,,,,,,,,,deputy_000035_interests_registro_intereses_diputado_35.pdf
000038,Valido García,Cristina,S/C Tenerife,2 de agosto de 2023,,actividades,0.0,,Ayuntamiento de El Rosario,Cargos públicos,"Concejal del Ayuntamiento de El Rosario (Santa Cruz de Tenerife), sin percibir ningún tipo de remuneración, salvo indemnización por asistencia a órganos de la Corporación.",,,,,,,deputy_000038_interests_registro_intereses_diputado_38.pdf
000038,Valido García,Cristina,S/C Tenerife,2 de agosto de 2023,,actividades,1.0,,Parlamento de Canarias,Actividades públicas a las que ha renunciado,Diputada del Parlamento de Canarias hasta el 2 de agosto de 2023.,,,,,,,deputy_000038_interests_registro_intereses_diputado_38.pdf
000038,Valido García,Cristina,S/C Tenerife,2 de agosto de 2023,,otros_intereses,0.0,,,,,,,,,"Declaración de Actividades, de 2 de agosto de 2023. La autorización de esta actividad se realiza con la cautela de que no suponga el desempeño de otro puesto público o privado o incurra en algunas de las actividades prohibidas del artículo 159.2 LOREG. Las actividades privadas se autorizan en la medida en que no incurran en los supuestos del artículo 159.2 de la LOREG, con las cautelas de no invocar la condición de parlamentario, no menoscabar la dedicación parlamentaria, y no incurrir en actividades prohibidas del artículo 159.2.",,deputy_000038_interests_registro_intereses_diputado_38.pdf
000039,Poblador Pacheco,María Araceli,Alicante/Alacant,2 de agosto de 2023,,actividades,0.0,,Consejo de Administración Puerto de Alicante,,"Vocal del Consejo de Administración Puerto de Alicante, en situación de cese desde el 22.07.2023.",,,,,,,deputy_000039_interests_registro_intereses_diputado_39.pdf
000039,Poblador Pacheco,María Araceli,Alicante/Alacant,2 de agosto de 2023,,actividades,1.0,,Enseñanza Secundaria Obligatoria,,"Profesora de Enseñanza Secundaria Obligatoria hasta el 31 de julio de 2023, renunciando a las retribuciones de diputada desde el 23 al 31 de julio de 2023 y, desde el 1 de agosto de 2023, en situación de servicios especiales.",,,,,,,deputy_000039_interests_registro_intereses_diputado_39.pdf
000039,Poblador Pacheco,María Araceli,Alicante/Alacant,2 de agosto de 2023,,actividades,2.0,,Comisión Ejecutiva Provincial de Alicante del PSPV,,"Presidenta de la Comisión Ejecutiva Provincial de Alicante del PSPV, sin retribuciones.",,,,,,,deputy_000039_interests_registro_intereses_diputado_39.pdf
000040,Serrano Martínez,Juan Francisco,Jaén,2 de agosto de 2023,,actividades,0.0,,PSOE,,"Secretario de Organización Adjunto en el PSOE, sin retribución.",,,,,,,deputy_000040_interests_registro_intereses_diputado_40.pdf
000041,Jiménez Linuesa,Beatriz,Cuenca,2 de agosto de 2023,,actividades,0.0,,Ayuntamiento de Cuenca,Cargos públicos,"Concejal del Ayuntamiento de Cuenca, sin dedicación exclusiva, sin percibir ningún tipo de remuneración, salvo indemnización por asistencia a órganos de la Corporación.",,,,,,,deputy_000041_interests_registro_intereses_diputado_41.pdf
000041,Jiménez Linuesa,Beatriz,Cuenca,2 de agosto de 2023,,actividades,1.0,,Cuerpo de maestros,Actividades públicas a las que ha renunciado,"Funcionaria de carrera del cuerpo de maestros, en situación de servicios especiales, percibiendo el correspondiente complemento por antigüedad.",,,,,,,deputy_000041_interests_registro_intereses_diputado_41.pdf
000041,Jiménez Linuesa,Beatriz,Cuenca,2 de agosto de 2023,,otros_intereses,0.0,,,,,,,,,"La autorización de esta actividad se realiza con la cautela de que no suponga el desempeño de otro puesto público o privado o incurra en algunas de las actividades prohibidas del artículo 159.2 LOREG. Las actividades privadas se autorizan en la medida en que no incurran en los supuestos del artículo 159.2 de la LOREG, con las cautelas de no invocar la condición de parlamentario, no menoscabar la dedicación parlamentaria, y no incurrir en actividades prohibidas del artículo 159.2.",,deputy_000041_interests_registro_intereses_diputado_41.pdf
000042,Garrido Valenzuela,Irene,Pontevedra,2 de agosto de 2023,,actividades,0.0,,Ayuntamiento de Vigo,Cargos públicos,"Concejala del Ayuntamiento de Vigo, sin dedicación exclusiva, sin percibir ningún tipo de remuneración, salvo indemnización por asistencia a órganos de la Corporación.",,,,,,,deputy_000042_interests_registro_intereses_diputado_42.pdf
000042,Garrido Valenzuela,Irene,Pontevedra,2 de agosto de 2023,,actividades,1.0,,Consello Galego de Universidades,Cargos públicos,"Vocal del Consello Galego de Universidades, sin retribución.",,,,,,,deputy_000042_interests_registro_intereses_diputado_42.pdf
000042,Garrido Valenzuela,Irene,Pontevedra,2 de agosto de 2023,,actividades,2.0,,Universidad de Vigo,Actividades públicas a las que ha renunciado,"Profesora Titular de la Universidad de Vigo, en situación de servicios especiales, percibiendo el correspondiente complemento por antigüedad.",,,,,,,deputy_000042_interests_registro_intereses_diputado_42.pdf
000043,Verano Domínguez,Bella,Huelva,2 de agosto de 2023,,,,,,,,,,,,,,deputy_000043_interests_registro_intereses_diputado_43.pdf
000044,Cuesta Rodríguez,María del Socorro,Segovia,2 de agosto de 2023,,actividades,0.0,,Ayuntamiento de Espirdo,Cargos públicos,Alcaldesa del Ayuntamiento de Espirdo (Segovia).,,,,,,,deputy_000044_interests_registro_intereses_diputado_44.pdf
000044,Cuesta Rodríguez,María del Socorro,Segovia,2 de agosto de 2023,,actividades,1.0,,Segovia Sur,Actividades públicas a las que ha renunciado,"Presidenta de Segovia Sur, en situación de renuncia desde el 23.09.2023.",,,,,,,deputy_000044_interests_registro_intereses_diputado_44.pdf
000044,Cuesta Rodríguez,María del Socorro,Segovia,2 de agosto de 2023,,actividades,2.0,,"P.S.C.R., S.L.",Actividades privadas autorizadas,"Gestora de la empresa familiar P.S.C.R., S.L. dedicada principalmente a la exhibición de cine y teatro.",,,,,,,deputy_000044_interests_registro_intereses_diputado_44.pdf
000045,Pérez Coronado,Pablo,Segovia,2 de agosto de 2023,,,,,,,,,,,,,,deputy_000045_interests_registro_intereses_diputado_45.pdf
000046,Ramajo Prada,Óscar,Zamora,2 de agosto de 2023,,actividades,0.0,,Ayuntamiento de Videmala (Zamora),Cargos públicos,"Teniente Alcalde del Ayuntamiento de Videmala (Zamora), sin percibir ningún tipo de remuneración, salvo indemnización por asistencia a órganos de la Corporación.",,,,,,,deputy_000046_interests_registro_intereses_diputado_46.pdf
000046,Ramajo Prada,Óscar,Zamora,2 de agosto de 2023,,actividades,1.0,,Mancomunidad de Aliste,Cargos públicos,"Miembro de la Mancomunidad de Aliste, sin percibir ningún tipo de remuneración, salvo indemnización por asistencia a órganos de la Corporación.",,,,,,,deputy_000046_interests_registro_intereses_diputado_46.pdf
000046,Ramajo Prada,Óscar,Zamora,2 de agosto de 2023,,actividades,2.0,,Consorcio Provincial de Bomberos de Zamora,Cargos públicos,"Vocal del Consorcio Provincial de Bomberos de Zamora, sin percibir ningún tipo de remuneración, salvo indemnización por asistencia a órganos de la Corporación.",,,,,,,deputy_000046_interests_registro_intereses_diputado_46.pdf
000046,Ramajo Prada,Óscar,Zamora,2 de agosto de 2023,,actividades,3.0,,Servicio Territorial de Cultura de la Delegación Territorial de la Junta de Castilla y León en Salamanca,Actividades públicas a las que ha renunciado,"Funcionario interino del Grupo A1 Técnico Superior en el Servicio Territorial de Cultura de la Delegación Territorial de la Junta de Castilla y León en Salamanca, en situación de servicios especiales.",,,,,,,deputy_000046_interests_registro_intereses_diputado_46.pdf
000046,Ramajo Prada,Óscar,Zamora,2 de agosto de 2023,,actividades,4.0,,Partido Popular en Zamora,Cargos en partidos ó grupos parlamentarios,"Vicesecretario de Organización del Partido Popular en Zamora, sin remuneración.",,,,,,,deputy_000046_interests_registro_intereses_diputado_46.pdf
000047,Teniente Sánchez,Cristina,Cáceres,2 de agosto de 2023,,,,,,,,,,,,,,deputy_000047_interests_registro_intereses_diputado_47.pdf
000048,Lorente Anaya,Macarena,Cádiz,2 de agosto de 2023,,actividades,0.0,,Ayuntamiento de Rota (Cádiz),Cargos públicos,"Concejal en el Ayuntamiento de Rota (Cádiz), sin dedicación exclusiva, renuncia a la dieta por asistencia.",,,,,,,deputy_000048_interests_registro_intereses_diputado_48.pdf
000048,Lorente Anaya,Macarena,Cádiz,2 de agosto de 2023,,otros_intereses,0.0,,,,,,,,,"La autorización de esta actividad se realiza con la cautela de que no suponga el desempeño de otro puesto público o privado o incurra en algunas de las actividades prohibidas del artículo 159.2 LOREG. Las actividades privadas se autorizan en la medida en que no incurran en los supuestos del artículo 159.2 de la LOREG, con las cautelas de no invocar la condición de parlamentario, no menoscabar la dedicación parlamentaria, y no incurrir en actividades prohibidas del artículo 159.2",,deputy_000048_interests_registro_intereses_diputado_48.pdf
000049,García López,Maribel,Badajoz,2 de agosto de 2023,,actividades,0.0,,Junta de Extremadura,Educación,"Funcionaria de carrera del Cuerpo de Maestros de la Junta de Extremadura, en situación de servicios especiales, percibiendo el correspondiente complemento por antigüedad.",,,,,,,deputy_000049_interests_registro_intereses_diputado_49.pdf
000049,García López,Maribel,Badajoz,2 de agosto de 2023,,actividades,1.0,,Junta de Extremadura,Educación,"Inspectora Provincial de la Delegación Provincial de Educación de Badajoz de la Junta de Extremadura, en situación de servicios especiales desde el 24.07.2023.",,,,,,,deputy_000049_interests_registro_intereses_diputado_49.pdf
000049,García López,Maribel,Badajoz,2 de agosto de 2023,,actividades,2.0,,Real Federación Española de Atletismo,Deportes,"Jueza árbitro de atletismo en la Real Federación Española de Atletismo, sin remuneración.",,,,,,,deputy_000049_interests_registro_intereses_diputado_49.pdf
000050,Díaz Marín,Raúl,Rioja (La),2 de agosto de 2023,,otros_intereses,0.0,,,,,,,,,"La autorización de esta actividad se realiza con la cautela de que no suponga el desempeño de otro puesto público o privado o incurra en algunas de las actividades prohibidas del artículo 159.2 LOREG. Las actividades privadas se autorizan en la medida en que no incurran en los supuestos del artículo 159.2 de la LOREG, con las cautelas de no invocar la condición de parlamentario, no menoscabar la dedicación parlamentaria, y no incurrir en actividades prohibidas del artículo 159.2.",,deputy_000050_interests_registro_intereses_diputado_50.pdf
000051,Rodríguez Calleja,Patricia,Ávila,2 de agosto de 2023,,actividades,0.0,,Partido Popular,Cargos en partidos o grupos parlamentarios,"Secretaría Ejecutiva de Familia, Igualdad y Reto Demográfico del Fecha del acuerdo plenario definitivo: 19.12.2023",,,,,,,deputy_000051_interests_registro_intereses_diputado_51.pdf
000051,Rodríguez Calleja,Patricia,Ávila,2 de agosto de 2023,,otros_intereses,0.0,,,,,,,,,"1. Declaración de Actividades, de 2 de agosto de 2023. La autorización de esta actividad se realiza con la cautela de que no suponga el desempeño de otro puesto público o privado o incurra en algunas de las actividades prohibidas del artículo 159.2 LOREQ. Las actividades privadas se autorizan en la medida en que no incurran en los supuestos del artículo 159.2 de la LOREQ, con las cautelas de no invocar la condición de parlamentario, no menoscabar la dedicación parlamentaria, y no incurrir en actividades prohibidas del artículo 159.2.",,deputy_000051_interests_registro_intereses_diputado_51.pdf
000052,Aizcorbe Torra,Juan José,Barcelona,2 de agosto de 2023,,actividades,0.0,,VOX,Gerencia del partido político,"Gerencia del partido político VOX, con retribución. Fecha del acuerdo plenario definitivo: 19.12.2023",,,,,,,deputy_000052_interests_registro_intereses_diputado_52.pdf
000052,Aizcorbe Torra,Juan José,Barcelona,2 de agosto de 2023,,actividades,1.0,,VOX,Gerencia del partido político,Cese en la gerencia del partido político VOX el 31 de diciembre de 2023. Fecha del acuerdo plenario definitivo: 21.03.2024,,,,,,,deputy_000052_interests_registro_intereses_diputado_52.pdf
000053,Sánchez García,José María,Alicante/Alacant,2 de agosto de 2023,,actividades,0.0,,Universidades Pontificia de Salamanca y Francisco de Vitoria,Docencia universitaria,"Docencia universitaria a partir de septiembre de 2023 en las Universidades Pontificia de Salamanca y Francisco de Vitoria, Madrid.",,,,,,,deputy_000053_interests_registro_intereses_diputado_53.pdf
000053,Sánchez García,José María,Alicante/Alacant,2 de agosto de 2023,,actividades,1.0,,Real Colegio de España,Actividades privadas autorizadas,"Vocal de la Junta de Patronato del Real Colegio de España en Bolonia, Italia, no retribuido.",,,,,,,deputy_000053_interests_registro_intereses_diputado_53.pdf
000053,Sánchez García,José María,Alicante/Alacant,2 de agosto de 2023,,actividades,2.0,,Fundación Tomás Moro,Actividades privadas autorizadas,"Vocal del Patronato de la Fundación Tomás Moro, Madrid, no retribuido.",,,,,,,deputy_000053_interests_registro_intereses_diputado_53.pdf
000053,Sánchez García,José María,Alicante/Alacant,2 de agosto de 2023,,otros_intereses,0.0,,,,,,,,,"La autorización de esta actividad se realiza con la cautela de que no suponga el desempeño de otro puesto público o privado o incurra en algunas de las actividades prohibidas del artículo 159.2 LOREG. Las actividades privadas se autorizan en la medida en que no incurran en los supuestos del artículo 159.2 de la LOREG, con las cautelas de no invocar la condición de parlamentario, no menoscabar la dedicación parlamentaria, y no incurrir en actividades prohibidas del artículo 159.2",,deputy_000053_interests_registro_intereses_diputado_53.pdf
000054,Rallo Lombarte,Artemi,Castellón/Castelló,3 de agosto de 2023,,actividades,0.0,,Universidad Jaume I de Castellón,Derecho Constitucional,"Catedrático de Derecho Constitucional de la Universidad Jaume I de Castellón, en situación de servicios especiales, percibiendo el correspondiente complemento por antigüedad.",,,,,,,deputy_000054_interests_registro_intereses_diputado_54.pdf
000055,Floriano Corrales,Carlos Javier,Cáceres,3 de agosto de 2023,,actividades,0.0,,Universidad de Extremadura,Docencia,"Profesor Titular de la Universidad de Extremadura, en situación de servicios especiales, percibiendo el correspondiente complemento por antigüedad.",,,,,,,deputy_000055_interests_registro_intereses_diputado_55.pdf
000058,Ros Martínez,Susana,Castellón/Castelló,3 de agosto de 2023,,actividades,0.0,,PSOE,Cargos en partidos o grupos parlamentarios,"Miembro del Comité Federal del PSOE, no remunerable.",,,,,,,deputy_000058_interests_registro_intereses_diputado_58.pdf
000058,Ros Martínez,Susana,Castellón/Castelló,3 de agosto de 2023,,actividades,1.0,,PSPV-PSOE,Cargos en partidos o grupos parlamentarios,"Secretaria contra la Violencia de Género PSPV-PSOE, no remunerable.",,,,,,,deputy_000058_interests_registro_intereses_diputado_58.pdf
000059,Román Jasanada,Antonio,Guadalajara,3 de agosto de 2023,,actividades,0.0,,Hospital Federal Universitario del SESCAM en Guadalajara,Salud,"Facultativo Especialista de Área de Medicina Interna en situación de servicios especiales, percibiendo el correspondiente complemento por antigüedad.",,,,,,,deputy_000059_interests_registro_intereses_diputado_59.pdf
000060,Ramírez Martín,María Lourdes,Granada,3 de agosto de 2023,,actividades,0.0,,Ayuntamiento de Churriana de la Vega,Cargos públicos,"Concejal de Economía, Hacienda, Recursos Humanos y Gobernación (1º Teniente de Alcalde y Portavoz del Grupo Municipal), sin percibir ningún tipo de remuneración, salvo indemnización por asistencia a órganos de la Corporación.",,,,,,,deputy_000060_interests_registro_intereses_diputado_60.pdf
000060,Ramírez Martín,María Lourdes,Granada,3 de agosto de 2023,,actividades,1.0,,Partido Popular,Cargos en partidos ó grupos parlamentarios,"Portavoz del Partido Popular en Granada, sin remuneración.",,,,,,,deputy_000060_interests_registro_intereses_diputado_60.pdf
000061,Sáez Alonso-Muñumer,Pablo,Valladolid,3 de agosto de 2023,,actividades,0.0,,VOX,Cargo orgánico en la formación política,"Cargo orgánico en la formación política VOX, con remuneración. Fecha del acuerdo plenario definitivo: 19.12.2023",,,,,,,deputy_000061_interests_registro_intereses_diputado_61.pdf
000062,Martín Martínez,Andreu,Tarragona,3 de agosto de 2023,,actividades,0.0,,Departament d'Ensenyament de la Generalitat de Catalunya,,"Funcionario del Departament d'Ensenyament de la Generalitat de Catalunya, en situación de servicios especiales, percibiendo el correspondiente complemento por antigüedad desde el 17.08.2023.",,,,,,,deputy_000062_interests_registro_intereses_diputado_62.pdf
000062,Martín Martínez,Andreu,Tarragona,3 de agosto de 2023,,actividades,1.0,,PSC,,"Primer Secretario de la agrupación de Reus del PSC, sin percibir ninguna remuneración.",,,,,,,deputy_000062_interests_registro_intereses_diputado_62.pdf
000063,Martínez Seijo,María Luz,Palencia,3 de agosto de 2023,,actividades,0.0,,Administración Autonómica de Castilla y León,Educación,"Funcionaria de carrera del Cuerpo de Profesores de Educación Secundaria de Inglés, en situación de servicios especiales, percibiendo el correspondiente complemento por antigüedad.",,,,,,,deputy_000063_interests_registro_intereses_diputado_63.pdf
000063,Martínez Seijo,María Luz,Palencia,3 de agosto de 2023,,actividades,1.0,Fecha del acuerdo plenario definitivo: 19.12.2023,PSOE,Política,"Miembro de la Comisión Ejecutiva del PSOE, sin retribución.",,,,,,,deputy_000063_interests_registro_intereses_diputado_63.pdf
000064,Aceves Galindo,José Luis,Segovia,3 de agosto de 2023,,actividades,0.0,,Junta de Castilla y León,Funcionario de carrera,"Agente Medioambiental, en situación de servicios especiales, percibiendo el correspondiente complemento por antigüedad.",,,,,,,deputy_000064_interests_registro_intereses_diputado_64.pdf
000064,Aceves Galindo,José Luis,Segovia,3 de agosto de 2023,,actividades,1.0,,PSOE de Segovia,Secretario General Provincial,"Secretario General Provincial del PSOE de Segovia, sin retribución ni dietas de asistencia.",,,,,,,deputy_000064_interests_registro_intereses_diputado_64.pdf
000065,Fúnez de Gregorio,Carmen,Ciudad Real,3 de agosto de 2023,,actividades,0.0,,Partido Popular,Políticas Sociales y Reto Demográfico,"Vicesecretaria de Políticas Sociales y Reto Demográfico del Partido Popular, percibiendo gastos de representación.",,,,,,,deputy_000065_interests_registro_intereses_diputado_65.pdf
000065,Fúnez de Gregorio,Carmen,Ciudad Real,3 de agosto de 2023,,otros_intereses,0.0,,,,,,,,,"La autorización de esta actividad se realiza con la cautela de que no suponga el desempeño de otro puesto público o privado o incurra en algunas de las actividades prohibidas del artículo 159.2 LOREG. Las actividades privadas se autorizan en la medida en que no incurran en los supuestos del artículo 159.2 de la LOREG, con las cautelas de no invocar la condición de parlamentario, no menoscabar la dedicación parlamentaria, y no incurrir en actividades prohibidas del artículo 159.2.",,deputy_000065_interests_registro_intereses_diputado_65.pdf
000067,Hoyo Juliá,Belén,Valencia/València,3 de agosto de 2023,,actividades,0.0,,Partido Popular,Cargos en partidos ó grupos parlamentarios,"Secretaría de afiliación del Partido Popular, sin remuneración.",,,,,,,deputy_000067_interests_registro_intereses_diputado_67.pdf
000067,Hoyo Juliá,Belén,Valencia/València,3 de agosto de 2023,,actividades,1.0,,Partido Popular de España,Cargos en partidos ó grupos parlamentarios,"Secretaría de afiliaciones del Partido Popular de España, sin remuneración.",,,,,,,deputy_000067_interests_registro_intereses_diputado_67.pdf
000068,Ruiz Boix,Juan Carlos,Cádiz,3 de agosto de 2023,,actividades,0.0,,Ayuntamiento de San Roque (Cádiz),Cargos públicos,"Alcalde del Ayuntamiento de San Roque (Cádiz), sin percibir ningún tipo de remuneración, salvo indemnización por asistencia a órganos de la Corporación.",,,,,,,deputy_000068_interests_registro_intereses_diputado_68.pdf
000068,Ruiz Boix,Juan Carlos,Cádiz,3 de agosto de 2023,,actividades,1.0,,Mancomunidad del Campo de Gibraltar,Cargos públicos,"Miembro de la Junta de Comarcas de la Mancomunidad del Campo de Gibraltar, sin percibir ningún tipo de remuneración.",,,,,,,deputy_000068_interests_registro_intereses_diputado_68.pdf
000068,Ruiz Boix,Juan Carlos,Cádiz,3 de agosto de 2023,,actividades,2.0,,Diputación Provincial de Cádiz,Cargos públicos,"Diputado Provincial de la Diputación Provincial de Cádiz, sin percibir ningún tipo de remuneración, salvo indemnización por asistencia a órganos de la Corporación.",,,,,,,deputy_000068_interests_registro_intereses_diputado_68.pdf
000068,Ruiz Boix,Juan Carlos,Cádiz,3 de agosto de 2023,,actividades,3.0,,Diputación Provincial de Cádiz,Actividades públicas a las que ha renunciado,"Técnico de la Administración Especial de Economía, laboral A1, de la Diputación Provincial de Cádiz, en situación de servicios especiales, percibiendo el correspondiente complemento por antigüedad.",,,,,,,deputy_000068_interests_registro_intereses_diputado_68.pdf
000068,Ruiz Boix,Juan Carlos,Cádiz,3 de agosto de 2023,,actividades,4.0,,PSOE,Cargos en partidos ó grupos parlamentarios,"Secretario General del PSOE en la provincia de Cádiz, sin retribuciones.",,,,,,,deputy_000068_interests_registro_intereses_diputado_68.pdf
000069,Acedo Reyes,Sofía,Melilla,3 de agosto de 2023,,actividades,0.0,,Partido Popular de Melilla,Cargos en partidos ó grupos parlamentarios,"Coordinadora General de Organización del Partido Popular de Melilla, sin remuneración.",,,,,,,deputy_000069_interests_registro_intereses_diputado_69.pdf
000069,Acedo Reyes,Sofía,Melilla,3 de agosto de 2023,,actividades,1.0,,Partido Popular de España,Cargos en partidos ó grupos parlamentarios,"Secretaria de Afiliación y Participación del Partido Popular de España, sin remuneración.",,,,,,,deputy_000069_interests_registro_intereses_diputado_69.pdf
000070,Ramírez del Río,José,Córdoba,3 de agosto de 2023,,actividades,0.0,,Universidad de Córdoba,Traducción e Interpretación,"Profesor titular de la Universidad de Córdoba, en el Área de Traducción e Interpretación, en situación de servicios especiales, percibiendo el correspondiente complemento por antigüedad.",,,,,,,deputy_000070_interests_registro_intereses_diputado_70.pdf
000070,Ramírez del Río,José,Córdoba,3 de agosto de 2023,,actividades,1.0,,VOX Córdoba,,"Vicepresidente de VOX Córdoba, sin remuneración.",,,,,,,deputy_000070_interests_registro_intereses_diputado_70.pdf
000071,Prieto Serrano,María Isabel,Córdoba,3 de agosto de 2023,,actividades,0.0,,Administración de la Seguridad Social,Pública,"Letrada de la Administración de la Seguridad Social y, desde el 2 de agosto de 2023, en situación de servicios especiales, percibiendo el correspondiente complemento por antigüedad.",,,,,,,deputy_000071_interests_registro_intereses_diputado_71.pdf
000071,Prieto Serrano,María Isabel,Córdoba,3 de agosto de 2023,,otros_intereses,0.0,,,,,,,,,"1. Declaración de Actividades, de 3 de agosto de 2023. 2. La autorización de esta actividad se realiza con la cautela de que no suponga el desempeño de otro puesto público o privado o incurra en algunas de las actividades prohibidas del artículo 159.2 LOREG. 3. Las actividades privadas se autorizan en la medida en que no incurran en los supuestos del artículo 159.2 de la LOREG, con las cautelas de no invocar la condición de parlamentario, no menoscabar la dedicación parlamentaria, y no incurrir en actividades prohibidas del artículo 159.2.",,deputy_000071_interests_registro_intereses_diputado_71.pdf
000072,Sánchez Díaz,María Carmen,Cádiz,3 de agosto de 2023,,actividades,0.0,,Ayuntamiento de Jerez (Cádiz),Cargos públicos,"Concejal del Ayuntamiento de Jerez (Cádiz), sin retribución ni dietas.",,,,,,,deputy_000072_interests_registro_intereses_diputado_72.pdf
000072,Sánchez Díaz,María Carmen,Cádiz,3 de agosto de 2023,,actividades,1.0,,PSOE Jerez,Cargos en partidos ó grupos parlamentarios,"Secretaria General PSOE Jerez, sin retribución.",,,,,,,deputy_000072_interests_registro_intereses_diputado_72.pdf
000072,Sánchez Díaz,María Carmen,Cádiz,3 de agosto de 2023,,actividades,2.0,,PSOE provincial Cádiz,Cargos en partidos ó grupos parlamentarios,"Presidenta PSOE provincial Cádiz, sin retribución.",,,,,,,deputy_000072_interests_registro_intereses_diputado_72.pdf
000072,Sánchez Díaz,María Carmen,Cádiz,3 de agosto de 2023,,otros_intereses,0.0,,,,,,,,,"Declaración de Actividades, de 3 de agosto de 2023. La autorización de esta actividad se realiza con la cautela de que no suponga el desempeño de otro puesto público o privado o incurra en algunas de las actividades prohibidas del artículo 159.2 LOREG. Las actividades privadas se autorizan en la medida en que no incurran en los supuestos del artículo 159.2 de la LOREG, con las cautelas de no invocar la condición de parlamentario, no menoscabar la dedicación parlamentaria, y no incurrir en actividades prohibidas del artículo 159.2",,deputy_000072_interests_registro_intereses_diputado_72.pdf
000073,López Maraver,Ángel,Guadalajara,3 de agosto de 2023,,actividades,0.0,,Partido Político VOX,,"Cargo orgánico en el Partido Político VOX, con retribución. Fecha del acuerdo plenario definitivo: 19.12.2023",,,,,,,deputy_000073_interests_registro_intereses_diputado_73.pdf
000074,Gallardo Barrena,Pedro Ignacio,Cádiz,3 de agosto de 2023,,actividades,0.0,,Carvajal Agrícola S.L.,,Administrador único y propietario del 100 % de las participaciones,,,,,,,deputy_000074_interests_registro_intereses_diputado_74.pdf
000074,Gallardo Barrena,Pedro Ignacio,Cádiz,3 de agosto de 2023,,actividades,1.0,,Efriasa S.A.,,Consejero,,,,,,,deputy_000074_interests_registro_intereses_diputado_74.pdf
000075,Cobo Carmona,Ana,Jaén,3 de agosto de 2023,,actividades,0.0,,Diputación de Jaén,Público,Directora del Parque Científico Tecnológico Geolítico,,,,,,,deputy_000075_interests_registro_intereses_diputado_75.pdf
000075,Cobo Carmona,Ana,Jaén,3 de agosto de 2023,,actividades,1.0,,PSOE de Andalucía,Político,"Miembro del Comité Director, sin remuneración",,,,,,,deputy_000075_interests_registro_intereses_diputado_75.pdf
000076,Vázquez Jiménez,María del Mar,Málaga,3 de agosto de 2023,,actividades,0.0,,Servicio Andaluz de Salud,Salud,"Médico del Servicio Andaluz de Salud, en situación de servicios especiales, sin pedir ni percibir complemento por antigüedad.",,,,,,,deputy_000076_interests_registro_intereses_diputado_76.pdf
000077,Salvador i Duch,Jordi,Tarragona,3 de agosto de 2023,,actividades,0.0,,Federación d'ERC del Camp de Tarragona,,Secretario General,,,,,,,deputy_000077_interests_registro_intereses_diputado_77.pdf
000078,Valero Morales,Juan Antonio,Málaga,3 de agosto de 2023,,actividades,0.0,Fecha del acuerdo plenario definitivo: 19.12.2023,Consejo Andaluz de Estadística y Cartografía,Cargos públicos,"Miembro del Consejo Andaluz de Estadística y Cartografía, sin remuneración.",,,,,,,deputy_000078_interests_registro_intereses_diputado_78.pdf
000078,Valero Morales,Juan Antonio,Málaga,3 de agosto de 2023,,actividades,1.0,Fecha del acuerdo plenario definitivo: 19.12.2023,Junta de Andalucía,Actividades públicas a las que ha renunciado,"Profesor de enseñanza secundaria de la Junta de Andalucía, en situación de servicios especiales, percibiendo el correspondiente complemento por antigüedad.",,,,,,,deputy_000078_interests_registro_intereses_diputado_78.pdf
000078,Valero Morales,Juan Antonio,Málaga,3 de agosto de 2023,,actividades,2.0,Fecha del acuerdo plenario definitivo: 19.12.2023,Izquierda Unida,Cargos en partidos ó grupos parlamentarios,"Coordinador Andaluz de Izquierda Unida, renunciando a las retribuciones de IU desde el 23 de julio de 2023.",,,,,,,deputy_000078_interests_registro_intereses_diputado_78.pdf
000078,Valero Morales,Juan Antonio,Málaga,3 de agosto de 2023,,otros_intereses,0.0,,,,,,,,,"1. Declaración de Actividades, de 3 de agosto de 2023. La autorización de esta actividad se realiza con la cautela de que no suponga el desempeño de otro puesto público o privado o incurra en algunas de las actividades prohibidas del artículo 159.2 LOREG. Las actividades privadas se autorizan en la medida en que no incurran en los supuestos del artículo 159.2 de la LOREG, con las cautelas de no invocar la condición de parlamentario, no menoscabar la dedicación parlamentaria, y no incurrir en actividades prohibidas del artículo 159.2",,deputy_000078_interests_registro_intereses_diputado_78.pdf
000079,Marqués Atés,Amador,Diputado por Lleida,3 de agosto de 2023,,actividades,0.0,,Ayuntamiento de Bossòst (Lérida),Cargos públicos,"Concejal del Ayuntamiento de Bossòst (Lérida), sin percibir ningún tipo de remuneración, salvo indemnización por asistencia a órganos de la Corporación.",,,,,,,deputy_000079_interests_registro_intereses_diputado_79.pdf
000079,Marqués Atés,Amador,Diputado por Lleida,3 de agosto de 2023,,actividades,1.0,,Consell Generau d'Aran (Lérida),Cargos públicos,"Consejero del Consell Generau d'Aran (Lérida), sin percibir ningún tipo de remuneración, salvo indemnización por asistencia a órganos de la Corporación.",,,,,,,deputy_000079_interests_registro_intereses_diputado_79.pdf
000079,Marqués Atés,Amador,Diputado por Lleida,3 de agosto de 2023,,actividades,2.0,,Unitat d'Aran,Cargos en partidos ó grupos parlamentarios,"Vicesecretario general de Unitat d'Aran, sin ingresos económicos.",,,,,,,deputy_000079_interests_registro_intereses_diputado_79.pdf
000079,Marqués Atés,Amador,Diputado por Lleida,3 de agosto de 2023,,actividades,3.0,,Unitat d'Aran,Cargos en partidos ó grupos parlamentarios,"Representant de Unitat d'Aran en la Comisión Ejecutiva del PSC, sin ingresos económicos.",,,,,,,deputy_000079_interests_registro_intereses_diputado_79.pdf
000080,Mínguez García,Montse,Lleida,3 de agosto de 2023,,actividades,0.0,,Comisión Ejecutiva Federal del PSOE,,"Secretaria de Trabajo, Economía Social y autónomos de la Fecha del acuerdo plenario definitivo: 19.12.2023 Comisión Ejecutiva Federal del PSOE, sin retribución.",,,,,,,deputy_000080_interests_registro_intereses_diputado_80.pdf
000081,García,Inés,Almería,3 de agosto de 2023,,actividades,0.0,,PSOE de Almería,Política,"Secretaría de Política Institucional del PSOE de Almería municipal, sin remuneración.",,,,,,,deputy_000081_interests_registro_intereses_diputado_81.pdf
000081,García,Inés,Almería,3 de agosto de 2023,,actividades,1.0,,PSOE de Almería,Política,"Vocal de la Ejecutiva Provincial del PSOE de Almería, sin remuneración.",,,,,,,deputy_000081_interests_registro_intereses_diputado_81.pdf
000082,Fernández González,María Mercedes,Asturias,3 de agosto de 2023,,otros_intereses,0.0,,,,,,,,,"Declaración de Actividades, de 3 de agosto de 2023. La autorización de esta actividad se realiza con la cautela de que no suponga el desempeño de otro puesto público o privado o incurra en algunas de las actividades prohibidas del artículo 159.2 LOREG. Las actividades privadas se autorizan en la medida en que no incurran en los supuestos del artículo 159.2 de la LOREG, con las cautelas de no invocar la condición de parlamentario, no menoscabar la dedicación parlamentaria, y no incurrir en actividades prohibidas del artículo 159.2.",,deputy_000082_interests_registro_intereses_diputado_82.pdf
000084,Garre Murcia,Cristóbal,Málaga,3 de agosto de 2023,,actividades,0.0,,Ayuntamiento de Marbella,Cargo público,"Concejal de Comercio, Fomento Empresarial, Empleo y Director en Fecha del acuerdo plenario definitivo: 19.12.2023 el Distrito de Nueva Andalucía en el Ayuntamiento de Marbella. Sin dedicación exclusiva desde el 23 de julio de 2023, sin percibir ningún tipo de remuneración, salvo indemnización por asistencia a órganos de la Corporación.",,,,,,,deputy_000084_interests_registro_intereses_diputado_84.pdf
000085,Cortés Carballo,Mario,Málaga,3 de agosto de 2023,,actividades,0.0,,PP,Político,"Secretario del Área de Digitalización del PP, no remunerado. Fecha del acuerdo plenario definitivo: 19.12.2023",,,,,,,deputy_000085_interests_registro_intereses_diputado_85.pdf
000086,Gil de Reboleño Lastortres,Esther,Cádiz,3 de agosto de 2023,,actividades,0.0,desde el 1 de agosto de 2023,Cadigenia S.L.,,Socia trabajadora contratada por Cadigenia S.L. en excedencia forzosa por cuenta ajena,,,,,,,deputy_000086_interests_registro_intereses_diputado_86.pdf
000086,Gil de Reboleño Lastortres,Esther,Cádiz,3 de agosto de 2023,,otros_intereses,0.0,,,,,,,,,"La autorización de esta actividad se realiza con la cautela de que no suponga el desempeño de otro puesto público o privado o incurra en algunas de las actividades prohibidas del artículo 159.2 LOREG. Las actividades privadas se autorizan en la medida en que no incurran en los supuestos del artículo 159.2 de la LOREG, con las cautelas de no invocar la condición de parlamentario, no menoscabar la dedicación parlamentaria, y no incurrir en actividades prohibidas del artículo 159.2.",,deputy_000086_interests_registro_intereses_diputado_86.pdf
000087,Martínez Hierro,Lander,Bizkaia,3 de agosto de 2023,,otros_intereses,0.0,,,,,,,,,"Declaración de Actividades, de 3 de agosto de 2023. La autorización de esta actividad se realiza con la cautela de que no suponga el desempeño de otro puesto público o privado o incurra en algunas de las actividades prohibidas del artículo 159.2 LOREG. Las actividades privadas se autorizan en la medida en que no incurran en los supuestos del artículo 159.2 de la LOREG, con las cautelas de no invocar la condición de parlamentario, no menoscabar la dedicación parlamentaria, y no incurrir en actividades prohibidas del artículo 159.2",,deputy_000087_interests_registro_intereses_diputado_87.pdf
000088,Pérez Recuerda,Isabel Gema,Málaga,3 de agosto de 2023,,actividades,0.0,,Servicio Andaluz de Empleo de la Junta de Andalucía,,Técnico de Empleo en situación de excedencia forzosa.,,,,,,,deputy_000088_interests_registro_intereses_diputado_88.pdf
000088,Pérez Recuerda,Isabel Gema,Málaga,3 de agosto de 2023,,otros_intereses,0.0,,,,,,,,,"La autorización de esta actividad se realiza con la cautela de que no suponga el desempeño de otro puesto público o privado o incurra en algunas de las actividades prohibidas del artículo 159.2 LOREG. Las actividades privadas se autorizan en la medida en que no incurran en los supuestos del artículo 159.2 de la LOREG, con las cautelas de no invocar la condición de parlamentario, no menoscabar la dedicación parlamentaria, y no incurrir en actividades prohibidas del artículo 159.2.",,deputy_000088_interests_registro_intereses_diputado_88.pdf
000089,Terro Blanco,Ricardo,Sevilla,3 de agosto de 2023,,,,,,,,,,,,,,deputy_000089_interests_registro_intereses_diputado_89.pdf
000090,Puente Santiago,Óscar,Valladolid,3 de agosto de 2023,,actividades,0.0,,Ayuntamiento de Valladolid,Cargos públicos,"Concejal del Ayuntamiento de Valladolid, sin percibir ningún tipo de remuneración, salvo indemnización por asistencia a órganos de la Corporación.",,,,,,,deputy_000090_interests_registro_intereses_diputado_90.pdf
000090,Puente Santiago,Óscar,Valladolid,3 de agosto de 2023,,actividades,1.0,,PSOE,Cargos en partidos ó grupos parlamentarios,"Secretario General Provincial del PSOE en Valladolid, sin remuneración.",,,,,,,deputy_000090_interests_registro_intereses_diputado_90.pdf
000090,Puente Santiago,Óscar,Valladolid,3 de agosto de 2023,,otros_intereses,0.0,,,,,,,,,"La autorización de esta actividad se realiza con la cautela de que no suponga el desempeño de otro puesto público o privado o incurra en algunas de las actividades prohibidas del artículo 159.2 LOREG. Las actividades privadas se autorizan en la medida en que no incurran en los supuestos del artículo 159.2 de la LOREG, con las cautelas de no invocar la condición de parlamentario, no menoscabar la dedicación parlamentaria, y no incurrir en actividades prohibidas del artículo 159.2.",,deputy_000090_interests_registro_intereses_diputado_90.pdf
000091,Sanz Martínez,Luisa,Valladolid,3 de agosto de 2023,,actividades,0.0,,Universidad de Valladolid,Investigación,"Contrato como Técnica de Investigación con los Fondos Next Generation, en situación de excedencia.",,,,,,,deputy_000091_interests_registro_intereses_diputado_91.pdf
000091,Sanz Martínez,Luisa,Valladolid,3 de agosto de 2023,,actividades,1.0,,Universidad de la Distancia Madrid (UDIMA),Docencia,Clases ocasionales en master online.,,,,,,,deputy_000091_interests_registro_intereses_diputado_91.pdf
000091,Sanz Martínez,Luisa,Valladolid,3 de agosto de 2023,,actividades,2.0,,PSOE de Valladolid,Formación,Secretaría de Formación Provincial de la Ejecutiva Provincial (sin retribución).,,,,,,,deputy_000091_interests_registro_intereses_diputado_91.pdf
000091,Sanz Martínez,Luisa,Valladolid,3 de agosto de 2023,,otros_intereses,0.0,,,,,,,,,"1. Declaración de Actividades, de 3 de agosto de 2023. 2. La autorización de esta actividad se realiza con la cautela de que no suponga el desempeño de otro puesto público o privado o incurra en algunas de las actividades prohibidas del artículo 159.2 LOREG. 3. Las actividades privadas se autorizan en la medida en que no incurran en los supuestos del artículo 159.2 de la LOREG, con las cautelas de no invocar la condición de parlamentario, no menoscabar la dedicación parlamentaria, y no incurrir en actividades prohibidas del artículo 159.2.",,deputy_000091_interests_registro_intereses_diputado_91.pdf
000092,Guijarro García,Txema,Alicante/Alacant,3 de agosto de 2023,,otros_intereses,0.0,,,,,,,,,"La autorización de esta actividad se realiza con la cautela de que no suponga el desempeño de otro puesto público o privado o incurra en algunas de las actividades prohibidas del artículo 159.2 LOREG. Las actividades privadas se autorizan en la medida en que no incurran en los supuestos del artículo 159.2 de la LOREG, con las cautelas de no invocar la condición de parlamentario, no menoscabar la dedicación parlamentaria, y no incurrir en actividades prohibidas del artículo 159.2.",,deputy_000092_interests_registro_intereses_diputado_92.pdf
000093,Morales Álvarez,Álvaro,Burgos,3 de agosto de 2023,,actividades,0.0,,Ayuntamiento de Briviesca (Burgos),Cargos públicos,"Concejal del Ayuntamiento de Briviesca (Burgos), sin percibir ningún tipo de remuneración, salvo indemnización por asistencia a órganos de la Corporación.",,,,,,,deputy_000093_interests_registro_intereses_diputado_93.pdf
000093,Morales Álvarez,Álvaro,Burgos,3 de agosto de 2023,,actividades,1.0,Fecha del acuerdo plenario definitivo: 19.12.2023,Agrupación del PSOE de Briviesca,Cargos en partidos ó grupos parlamentarios,Secretario General de Agrupación del PSOE de Briviesca.,,,,,,,deputy_000093_interests_registro_intereses_diputado_93.pdf
000093,Morales Álvarez,Álvaro,Burgos,3 de agosto de 2023,,actividades,2.0,Fecha del acuerdo plenario definitivo: 19.12.2023,Comisión Ejecutiva provincial PSOE de Burgos,Cargos en partidos ó grupos parlamentarios,Vocal Comisión Ejecutiva provincial PSOE de Burgos.,,,,,,,deputy_000093_interests_registro_intereses_diputado_93.pdf
000093,Morales Álvarez,Álvaro,Burgos,3 de agosto de 2023,,otros_intereses,0.0,,,,,,,,,"1. Declaración de Actividades, de 3 de agosto de 2023. La autorización de esta actividad se realiza con la cautela de que no suponga el desempeño de otro puesto público o privado o incurra en algunas de las actividades prohibidas del artículo 159.2 LOREG. Las actividades privadas se autorizan en la medida en que no incurran en los supuestos del artículo 159.2 de la LOREG, con las cautelas de no invocar la condición de parlamentario, no menoscabar la dedicación parlamentaria, y no incurrir en actividades prohibidas del artículo 159.2",,deputy_000093_interests_registro_intereses_diputado_93.pdf
000094,Ramírez Carner,Arnau,Barcelona,3 de agosto de 2023,,otros_intereses,0.0,,,,,,,,,"La autorización de esta actividad se realiza con la cautela de que no suponga el desempeño de otro puesto público o privado o incurra en algunas de las actividades prohibidas del artículo 159.2 LOREG. Las actividades privadas se autorizan en la medida en que no incurran en los supuestos del artículo 159.2 de la LOREG, con las cautelas de no invocar la condición de parlamentario, no menoscabar la dedicación parlamentaria, y no incurrir en actividades prohibidas del artículo 159.2.",19.12.2023,deputy_000094_interests_registro_intereses_diputado_94.pdf
000095,Peña Camarero,Esther,Burgos,3 de agosto de 2023,,,,,,,,,,,,,,deputy_000095_interests_registro_intereses_diputado_95.pdf
000096,Arribas Maroto,Manuel,Ávila,3 de agosto de 2023,,actividades,0.0,desde el 17 de junio de 2023,Ayuntamiento de Sanchidrián (Ávila),Cargos públicos,"Alcalde del Ayuntamiento de Sanchidrián (Ávila), sin percibir ningún tipo de remuneración.",,,,,,,deputy_000096_interests_registro_intereses_diputado_96.pdf
000096,Arribas Maroto,Manuel,Ávila,3 de agosto de 2023,,otros_intereses,0.0,,,,,,,,,"La autorización de esta actividad se realiza con la cautela de que no suponga el desempeño de otro puesto público o privado o incurra en algunas de las actividades prohibidas del artículo 159.2 LOREG. Las actividades privadas se autorizan en la medida en que no incurran en los supuestos del artículo 159.2 de la LOREG, con las cautelas de no invocar la condición de parlamentario, no menoscabar la dedicación parlamentaria, y no incurrir en actividades prohibidas del artículo 159.2.",,deputy_000096_interests_registro_intereses_diputado_96.pdf
000098,Redondo Cárdenas,Gonzalo,Ciudad Real,3 de agosto de 2023,,actividades,0.0,Fecha del acuerdo plenario definitivo: 19.12.2023,Ayuntamiento de Alcázar de San Juan (Ciudad Real),Cargos públicos,"Concejal del Ayuntamiento de Alcázar de San Juan (Ciudad Real), Cargos de dedicación exclusiva desde el 2 de agosto de 2023, sin percibir ningún tipo de remuneración, salvo indemnización por asistencia a órganos de la Corporación.",,,,,,,deputy_000098_interests_registro_intereses_diputado_98.pdf
000098,Redondo Cárdenas,Gonzalo,Ciudad Real,3 de agosto de 2023,,actividades,1.0,Fecha del acuerdo plenario definitivo: 19.12.2023,Ayuntamiento de Alcázar de San Juan (Ciudad Real),Cargos públicos,"Concejal del Ayuntamiento de Alcázar de San Juan (Ciudad Real), Con cese de dedicación exclusiva desde el 2 de agosto de 2023, fecha desde la que no percibe remuneración alguna, ni siquiera en concepto de dietas o asistencia a plenos.",,,,,,,deputy_000098_interests_registro_intereses_diputado_98.pdf
000098,Redondo Cárdenas,Gonzalo,Ciudad Real,3 de agosto de 2023,,actividades,2.0,Fecha del acuerdo plenario definitivo: 19.12.2023,PSOE Agrupación Alcázar de San Juan,Cargos en partidos ó grupos parlamentarios,"Secretario General del PSOE Agrupación Alcázar de San Juan, Cargos de retribución.",,,,,,,deputy_000098_interests_registro_intereses_diputado_98.pdf
000099,Merino Martínez,Javier,Rioja (La),3 de agosto de 2023,,actividades,0.0,,Partido Popular de La Rioja,Cargos en partidos ó grupos parlamentarios,"Vícesecretario en el Partido Popular de La Rioja, sin remuneración. Fecha del acuerdo plenario definitivo: 19.12.2023",,,,,,,deputy_000099_interests_registro_intereses_diputado_99.pdf
000100,Ramos Esteban,César Joaquín,Cáceres,3 de agosto de 2023,,,,,,,,,,,,,,deputy_000100_interests_registro_intereses_diputado_100.pdf
000101,Rodríguez Serra,Santi,Barcelona,3 de agosto de 2023,,actividades,0.0,,"Ingeniería JOTA CE ESE 1992, S.C.",,"Participación Societaria, Prof. (sin relación con la Administración Pública), sin percibir ningún tipo de remuneración.",,,,,,,deputy_000101_interests_registro_intereses_diputado_101.pdf
000102,Martínez Gómez,Antonio,Albacete,4 de agosto de 2023,,otros_intereses,0.0,,,,,,,,,"1. La autorización de esta actividad se realiza con la cautela de que no suponga el desempeño de otro puesto público o privado o incurra en algunas de las actividades prohibidas del artículo 159.2 LOREG.
2. Las actividades privadas se autorizan en la medida en que no incurran en los supuestos del artículo 159.2 de la LOREG, con las cautelas de no invocar la condición de parlamentario, no menoscabar la dedicación parlamentaria, y no incurrir en actividades prohibidas del artículo 159.2.",4 de agosto de 2023,deputy_000102_interests_registro_intereses_diputado_102.pdf
000103,Argota Castro,Trinidad Carmen,Sevilla,4 de agosto de 2023,,actividades,0.0,,Junta de Andalucía,Cuerpo de Maestros y Maestras,"Funcionaria del Cuerpo de Maestros y Maestras de la Junta de Andalucía. Solicitud y, desde el 4 de agosto de 2023, en situación de servicios especiales, percibiendo el correspondiente complemento por antigüedad.",,,,,,4 de agosto de 2023,deputy_000103_interests_registro_intereses_diputado_103.pdf
000103,Argota Castro,Trinidad Carmen,Sevilla,4 de agosto de 2023,,actividades,1.0,,PSOE de Sevilla,Comité Provincial,"Miembro del Comité Provincial del PSOE de Sevilla, sin remuneración.",,,,,,4 de agosto de 2023,deputy_000103_interests_registro_intereses_diputado_103.pdf
000103,Argota Castro,Trinidad Carmen,Sevilla,4 de agosto de 2023,,actividades,2.0,,Agrupación de La Rinconada (Sevilla),Comisión Ejecutiva Local,"Miembro de la Comisión Ejecutiva Local de la Agrupación de La Rinconada (Sevilla), sin remuneración.",,,,,,4 de agosto de 2023,deputy_000103_interests_registro_intereses_diputado_103.pdf
000104,García Gomis,David,Alicante/Alacant,4 de agosto de 2023,,actividades,0.0,,VOX,Cargos en partidos o grupos parlamentarios,"Vicepresidente del Comité Ejecutivo Provincial de Alicante de VOX, sin remuneración.",,,,,,,deputy_000104_interests_registro_intereses_diputado_104.pdf
000104,García Gomis,David,Alicante/Alacant,4 de agosto de 2023,,actividades,1.0,,VOX,Actividades privadas autorizadas,Asesor contratado por el partido político VOX cesando con efecto del 31 de julio de 2023.,,,,,,,deputy_000104_interests_registro_intereses_diputado_104.pdf
000104,García Gomis,David,Alicante/Alacant,4 de agosto de 2023,,otros_intereses,0.0,,,,,,,,,"Declaración de Actividades, de 4 de agosto de 2023. La autorización de esta actividad se realiza con la cautela de que no suponga el desempeño de otro puesto público o privado o incurra en algunas de las actividades prohibidas del artículo 159.2 LOREG. Las actividades privadas se autorizan en la medida en que no incurran en los supuestos del artículo 159.2 de la LOREG, con las cautelas de no invocar la condición de parlamentario, no menoscabar la dedicación parlamentaria, y no incurrir en actividades prohibidas del artículo 159.2.",,deputy_000104_interests_registro_intereses_diputado_104.pdf
000105,Maldonado López,Adriana,Navarra,4 de agosto de 2023,,actividades,0.0,,Parlamento Europeo,Pública,"Parlamentaria europea, en situación de cese desde el 16.08.2023",,,,,,,deputy_000105_interests_registro_intereses_diputado_105.pdf
000105,Maldonado López,Adriana,Navarra,4 de agosto de 2023,,actividades,1.0,,PSN-PSOE,Política,"Secretaria de política europea PSN-PSOE, sin retribución",,,,,,,deputy_000105_interests_registro_intereses_diputado_105.pdf
000105,Maldonado López,Adriana,Navarra,4 de agosto de 2023,,actividades,2.0,,Medios de comunicación social,Comunicación,"Publicación en medios de comunicación social, sin retribución",,,,,,,deputy_000105_interests_registro_intereses_diputado_105.pdf
000105,Maldonado López,Adriana,Navarra,4 de agosto de 2023,,otros_intereses,0.0,,,,,,,,,"1. Declaración de Actividades, de 4 de agosto de 2023. 2. Declaración de Actividades, de 26 de septiembre de 2023. La autorización de esta actividad se realiza con la cautela de que no suponga el desempeño de otro puesto público o privado o incurra en algunas de las actividades prohibidas del artículo 159.2 LOREG. Las actividades privadas se autorizan en la medida en que no incurran en los supuestos del artículo 159.2 de la LOREG, con las cautelas de no invocar la condición de parlamentario, no menoscabar la dedicación parlamentaria, y no incurrir en actividades prohibidas del artículo 159.2.",,deputy_000105_interests_registro_intereses_diputado_105.pdf
000106,Añón,Carmen Andrés,Barcelona,4 de agosto de 2023,,actividades,0.0,,Generalitat de Catalunya,Funcionaria,"en situación de servicios especiales, percibiendo el correspondiente complemento por antigüedad.",,,,,,,deputy_000106_interests_registro_intereses_diputado_106.pdf
000106,Añón,Carmen Andrés,Barcelona,4 de agosto de 2023,,actividades,1.0,,Universidad Autónoma de Barcelona,Actividad esporádica puntual formativa,organizada por el Instituto de Ciencias Políticas y Sociales de Barcelona.,,,,,,,deputy_000106_interests_registro_intereses_diputado_106.pdf
000106,Añón,Carmen Andrés,Barcelona,4 de agosto de 2023,,actividades,2.0,,PSC de Barcelona,Viceprimera Secretaria,sin retribución.,,,,,,,deputy_000106_interests_registro_intereses_diputado_106.pdf
000107,De las Cuevas Cortés,Félix,Cantabria,4 de agosto de 2023,,actividades,0.0,,Partido Popular de Cantabria,Cargos en partidos o grupos parlamentarios,"Secretario de Industria, Transporte y Energía del Partido Popular de Cantabria, sin remuneración, ni dietas o indemnizaciones.",,,,,,,deputy_000107_interests_registro_intereses_diputado_107.pdf
000108,Fabra Part,Alberto,Castellón/Castelló,4 de agosto de 2023,,actividades,0.0,,Partido Popular,Político,"Miembro de distintos órganos del Partido Popular a nivel nacional, autonómico, provincial y local sin retribución.",,,,,,,deputy_000108_interests_registro_intereses_diputado_108.pdf
000109,Clavell López,Óscar,Castellón/Castelló,4 de agosto de 2023,,actividades,0.0,,Partido Popular de la provincia de Castellón,Cargos en partidos ó grupos parlamentarios,"Miembro del Comité de Dirección del Partido Popular de la provincia de Castellón, sin remuneración.",,,,,,,deputy_000109_interests_registro_intereses_diputado_109.pdf
000109,Clavell López,Óscar,Castellón/Castelló,4 de agosto de 2023,,actividades,1.0,,Partido Popular de la Vall d'Uixo (Castellón),Cargos en partidos ó grupos parlamentarios,"Presidente Local del Partido Popular de la Vall d'Uixo (Castellón), sin remuneración.",,,,,,,deputy_000109_interests_registro_intereses_diputado_109.pdf
000109,Clavell López,Óscar,Castellón/Castelló,4 de agosto de 2023,,actividades,2.0,,Partido Popular,Cargos en partidos ó grupos parlamentarios,"Secretaría del área de Educación en el Comité Ejecutivo Nacional del Partido Popular, sin remuneración.",,,,,,,deputy_000109_interests_registro_intereses_diputado_109.pdf
000110,Lamuà Estañol,Marc,Girona,4 de agosto de 2023,,,,,,,,,,,,,,deputy_000110_interests_registro_intereses_diputado_110.pdf
000111,Cercas Mena,Blanca,Girona,4 de agosto de 2023,,otros_intereses,0.0,,,,,,,,,"La autorización de esta actividad se realiza con la cautela de que no suponga el desempeño de otro puesto público o privado o incurra en algunas de las actividades prohibidas del artículo 159.2 LOREG. Las actividades privadas se autorizan en la medida en que no incurran en los supuestos del artículo 159.2 de la LOREG, con las cautelas de no invocar la condición de parlamentario, no menoscabar la dedicación parlamentaria, y no incurrir en actividades prohibidas del artículo 159.2.",,deputy_000111_interests_registro_intereses_diputado_111.pdf
000112,Romero Pozo,Rafaela,Gipuzkoa,4 de agosto de 2023,,actividades,0.0,,PSE-EE (PSOE),Cargos en partidos o grupos parlamentarios,"Miembro de la Comisión Ejecutiva de Euskadi del PSE-EE, sin percibir ninguna remuneración, dieta o indemnización.",,,,,,,deputy_000112_interests_registro_intereses_diputado_112.pdf
000113,García Gurrutxaga,María Luisa,Gipuzkoa,4 de agosto de 2023,,actividades,0.0,,Gobierno Vasco,Funcionaria,"en situación de servicios especiales, percibiendo el correspondiente complemento por la antigüedad desde el 23.02.2023.",,,,,,4 de agosto de 2023,deputy_000113_interests_registro_intereses_diputado_113.pdf
000113,García Gurrutxaga,María Luisa,Gipuzkoa,4 de agosto de 2023,,actividades,1.0,,Comisión Ejecutiva Guipúzcoa PSE-EE,"Secretaria de Educación, Universidades, Cultura y Euskera",,,,,,,4 de agosto de 2023,deputy_000113_interests_registro_intereses_diputado_113.pdf
000113,García Gurrutxaga,María Luisa,Gipuzkoa,4 de agosto de 2023,,actividades,2.0,,Revista Ataniker,Colaboradora en la redacción,sin percibir ningún tipo de remuneración.,,,,,,4 de agosto de 2023,deputy_000113_interests_registro_intereses_diputado_113.pdf
000115,Folch Blanc,Javier José,Huesca,4 de agosto de 2023,,actividades,0.0,,ASAJA Huesca (Asociación Agraria),,Cese como Director de ASAJA Huesca,,,,,,,deputy_000115_interests_registro_intereses_diputado_115.pdf
000116,Garrido Jiménez,Elisa,Rioja (La),4 de agosto de 2023,,actividades,0.0,,Ayuntamiento de Calahorra (La Rioja),Cargos públicos,"Concejala del Ayuntamiento de Calahorra (La Rioja), sin percibir en ningún tipo de remuneración, salvo indemnización por asistencia a órganos de la Corporación.",,,,,,,deputy_000116_interests_registro_intereses_diputado_116.pdf
000116,Garrido Jiménez,Elisa,Rioja (La),4 de agosto de 2023,,actividades,1.0,,PSOE,Cargos en partidos ó grupos parlamentarios,"Vocal de la Comisión Ejecutiva Federal del PSOE, sin remuneración.",,,,,,,deputy_000116_interests_registro_intereses_diputado_116.pdf
000116,Garrido Jiménez,Elisa,Rioja (La),4 de agosto de 2023,,actividades,2.0,,Agrupación Socialista de Calahorra,Cargos en partidos ó grupos parlamentarios,"Secretaria General de la Agrupación Socialista de Calahorra, sin remuneración.",,,,,,,deputy_000116_interests_registro_intereses_diputado_116.pdf
000117,Gil Lázaro,Ignacio,Valencia/València,4 de agosto de 2023,,otros_intereses,0.0,,,,,,,,,"La autorización de esta actividad se realiza con la cautela de que no suponga el desempeño de otro puesto público o privado o incurra en algunas de las actividades prohibidas del artículo 159.2 LOREG. Las actividades privadas se autorizan en la medida en que no incurran en los supuestos del artículo 159.2 de la LOREG, con las cautelas de no invocar la condición de parlamentario, no menoscabar la dedicación parlamentaria, y no incurrir en actividades prohibidas del artículo 159.2.",,deputy_000117_interests_registro_intereses_diputado_117.pdf
000118,Bermúdez de Castro Fernández,José Antonio,Salamanca,4 de agosto de 2023,,actividades,0.0,,Partido Popular,Cargos en partidos ó grupos parlamentarios,"Secretario Ejecutivo de Formación del Partido Popular, sin remuneración.",,,,,,,deputy_000118_interests_registro_intereses_diputado_118.pdf
000119,Tomás Olivares,Violante,Murcia,4 de agosto de 2023,,actividades,0.0,,PP Nacional,Político,"Secretaría de Área de Discapacidad del PP Nacional, no tiene retribución, ni dietas ni indemnización.",,,,,,,deputy_000119_interests_registro_intereses_diputado_119.pdf
000119,Tomás Olivares,Violante,Murcia,4 de agosto de 2023,,otros_intereses,0.0,,,,,,,,,"La autorización de esta actividad se realiza con la cautela de que no suponga el desempeño de otro puesto público o privado o incurra en algunas de las actividades prohibidas del artículo 159.2 LOREG. Las actividades privadas se autorizan en la medida en que no incurran en los supuestos del artículo 159.2 de la LOREG, con las cautelas de no invocar la condición de parlamentario, no menoscabar la dedicación parlamentaria, y no incurrir en actividades prohibidas del artículo 159.2.",,deputy_000119_interests_registro_intereses_diputado_119.pdf
000120,López Álvarez,Patxi,Bizkaia,4 de agosto de 2023,,actividades,0.0,,Comisión Ejecutiva Federal del PSOE,,"Miembro de la Comisión Ejecutiva Federal del PSOE, sin retribuir.",,,,,,,deputy_000120_interests_registro_intereses_diputado_120.pdf
000121,González-Robatto Perote,Jacobo,Granada,4 de agosto de 2023,,actividades,0.0,,Partido Político VOX,,Asesor contratado por el Partido Político VOX cesando con efectos de la Ley 31 de julio de 2023.,,,,,,,deputy_000121_interests_registro_intereses_diputado_121.pdf
000122,Cofiño Fernández,Rafael,Asturias,7 de agosto de 2023,,actividades,0.0,,Consejo Académico de la Escuela de Salud Pública de Menorca,,"Miembro del Consejo Académico de la Escuela de Salud Pública de Menorca, sin retribución económica por esta actividad.",,,,,,,deputy_000122_interests_registro_intereses_diputado_122.pdf
000122,Cofiño Fernández,Rafael,Asturias,7 de agosto de 2023,,actividades,1.0,,Servicio de Salud del Principado de Asturias,,"Estatutario del Servicio de Salud del Principado de Asturias, plaza de Medicina Familiar y Comunitaria con adscripción temporal en la Consejería de Salud, en situación de servicios especiales, percibiendo el correspondiente complemento por antigüedad desde el 17.08.2023.",,,,,,,deputy_000122_interests_registro_intereses_diputado_122.pdf
000122,Cofiño Fernández,Rafael,Asturias,7 de agosto de 2023,,actividades,2.0,,Escuela Andaluza de Salud Pública,,Profesor asociado de la Escuela Andaluza de Salud Pública.,,,,,,,deputy_000122_interests_registro_intereses_diputado_122.pdf
000124,Del Valle Rodríguez,Emilio Jesús,Cantabria,7 de agosto de 2023,,actividades,0.0,,Ayuntamiento de Santander,Cargos públicos,"Concejal del Ayuntamiento de Santander, sin percibir ningún tipo de remuneración, salvo indemnización por asistencia a órganos de la Corporación.",,,,,,,deputy_000124_interests_registro_intereses_diputado_124.pdf
000124,Del Valle Rodríguez,Emilio Jesús,Cantabria,7 de agosto de 2023,,actividades,1.0,,Administración de la Comunidad Autónoma de Cantabria,Actividades públicas a las que ha renunciado,"Funcionario de carrera del Cuerpo Técnico Superior en Derecho de la Administración de la Comunidad Autónoma de Cantabria, en situación de servicios especiales, percibiendo el correspondiente complemento por antigüedad.",,,,,,,deputy_000124_interests_registro_intereses_diputado_124.pdf
000125,Romero,Enrique Fernando Santiago,Córdoba,7 de agosto de 2023,,otros_intereses,0.0,,,,,,,,,"1. La autorización de esta actividad se realiza con la cautela de que no suponga el desempeño de otro puesto público o privado o incurra en algunas de las actividades prohibidas del artículo 159.2 LOREG. 2. Las actividades privadas se autorizan en la medida en que no incurran en los supuestos del artículo 159.2 de la LOREG, con las cautelas de no invocar la condición de parlamentario, no menoscabar la dedicación parlamentaria, y no incurrir en actividades prohibidas del artículo 159.2 de la LOREG.",,deputy_000125_interests_registro_intereses_diputado_125.pdf
000127,Ábalos Meco,José Luis,Valencia/València,7 de agosto de 2023,,otros_intereses,0.0,,,,,,,,,"La autorización de esta actividad se realiza con la cautela de que no suponga el desempeño de otro puesto público o privado o incurra en algunas de las actividades prohibidas del artículo 159.2 LOREG. Las actividades privadas se autorizan en la medida en que no incurran en los supuestos del artículo 159.2 de la LOREG, con las cautelas de no invocar la condición de parlamentario, no menoscabar la dedicación parlamentaria, y no incurrir en actividades prohibidas del artículo 159.2.",19.12.2023,deputy_000127_interests_registro_intereses_diputado_127.pdf
000128,Rodríguez Salas,José Antonio,Granada,7 de agosto de 2023,,actividades,0.0,,Diputación de Granada,Empleado público,en situación de servicios especiales,,,,,,,deputy_000128_interests_registro_intereses_diputado_128.pdf
000128,Rodríguez Salas,José Antonio,Granada,7 de agosto de 2023,,actividades,1.0,,Comisión Ejecutiva Regional del PSOE de Andalucía,Cargos en partidos ó grupos parlamentarios,sin retribuciones o dietas,,,,,,,deputy_000128_interests_registro_intereses_diputado_128.pdf
000129,Pose Mesura,Modesto,Pontevedra,7 de agosto de 2023,,actividades,0.0,,Xunta de Galicia,"Inspector Médico, funcionario del Grupo A","Fecha del acuerdo plenario definitivo: 19.12.2023 en situación de servicios especiales, percibiendo el correspondiente complemento por antigüedad.",,,,,,,deputy_000129_interests_registro_intereses_diputado_129.pdf
000129,Pose Mesura,Modesto,Pontevedra,7 de agosto de 2023,,otros_intereses,0.0,,,,,,,,,"1. La autorización de esta actividad se realiza con la cautela de que no suponga el desempeño de otro puesto público o privado o incurra en algunas de las actividades prohibidas del artículo 159.2 LOREG.

2. Las actividades privadas se autorizan en la medida en que no incurran en los supuestos del artículo 159.2 de la LOREG, con las cautelas de no invocar la condición de parlamentario, no menoscabar la dedicación parlamentaria, y no incurrir en actividades prohibidas del artículo 159.2.",,deputy_000129_interests_registro_intereses_diputado_129.pdf
000130,Sancho Íñiguez,Herminio Rufino,Teruel,7 de agosto de 2023,,actividades,0.0,,Mezquita De Jarque,Cargos públicos,"Alcalde de Mezquita De Jarque (Teruel), sin remuneración, ni dietas por asistencia.",,,,,,,deputy_000130_interests_registro_intereses_diputado_130.pdf
000130,Sancho Íñiguez,Herminio Rufino,Teruel,7 de agosto de 2023,,actividades,1.0,,Ejecutiva Provincia del PSOE Teruel,Cargos en partidos ó grupos parlamentarios,"Miembro de la Ejecutiva Provincia del PSOE Teruel, Secretaria de Agricultura-Ganadería, sin remuneración.",,,,,,,deputy_000130_interests_registro_intereses_diputado_130.pdf
000130,Sancho Íñiguez,Herminio Rufino,Teruel,7 de agosto de 2023,,actividades,2.0,,Sociedad Agraria de Transformación 84 Ara,Actividades privadas autorizadas,"Socio al 50% de la Sociedad Agraria de Transformación 84 Ara Mezquita De Jarque (dedicada a la actividad agrícola-ganadera y que recibe subvenciones de la PAC y otras ayudas públicas), sin percibir ningún tipo de ingreso de la SAT desde el 15 de septiembre de 2015.",,,,,,,deputy_000130_interests_registro_intereses_diputado_130.pdf
000131,Requena Ruiz,Juan Diego,Jaén,7 de agosto de 2023,,actividades,0.0,,Ayuntamiento de Santisteban del Puerto,Cargos públicos,"Concejal del Ayuntamiento de Santisteban del Puerto (Jaén), sin percibir ningún tipo de remuneración, salvo indemnización por asistencia a órganos de la Corporación.",,,,,,,deputy_000131_interests_registro_intereses_diputado_131.pdf
000131,Requena Ruiz,Juan Diego,Jaén,7 de agosto de 2023,,actividades,1.0,,Partido Popular,Cargos en partidos o grupos parlamentarios,"Miembro del Comité Ejecutivo Nacional del PP, sin remuneración.",,,,,,,deputy_000131_interests_registro_intereses_diputado_131.pdf
000131,Requena Ruiz,Juan Diego,Jaén,7 de agosto de 2023,,otros_intereses,0.0,,,,,,,,,"1. La autorización de esta actividad se realiza con la cautela de que no suponga el desempeño de otro puesto público o privado o incurra en algunas de las actividades prohibidas del artículo 159.2 LOREG.
2. Las actividades privadas se autorizan en la medida en que no incurran en los supuestos del artículo 159.2 de la LOREG, con las cautelas de no invocar la condición de parlamentario, no menoscabar la dedicación parlamentaria, y no incurrir en actividades prohibidas del artículo 159.2.",,deputy_000131_interests_registro_intereses_diputado_131.pdf
000132,Mesquida Mayans,Joan,Balears (Illes),7 de agosto de 2023,,otros_intereses,0.0,,,,,,,,,"La autorización de esta actividad se realiza con la cautela de que no suponga el desempeño de otro puesto público o privado o incurra en algunas de las actividades prohibidas del artículo 159.2 LOREG. Las actividades privadas se autorizan en la medida en que no incurran en los supuestos del artículo 159.2 de la LOREG, con las cautelas de no invocar la condición de parlamentario, no menoscabar la dedicación parlamentaria, y no incurrir en actividades prohibidas del artículo 159.2.",,deputy_000132_interests_registro_intereses_diputado_132.pdf
000133,Santana Aguilera,Ada,Palmas (Las),7 de agosto de 2023,,otros_intereses,0.0,,,,,,,,,"La autorización de esta actividad se realiza con la cautela de que no suponga el desempeño de otro puesto público o privado o incurra en algunas de las actividades prohibidas del artículo 159.2 LOREG. Las actividades privadas se autorizan en la medida en que no incurran en los supuestos del artículo 159.2 de la LOREG, con las cautelas de no invocar la condición de parlamentario, no menoscabar la dedicación parlamentaria, y no incurrir en actividades prohibidas del artículo 159.2.",19.12.2023,deputy_000133_interests_registro_intereses_diputado_133.pdf
000134,Álvarez González,Alicia,S/C Tenerife,7 de agosto de 2023,,actividades,0.0,"desde el 24 de julio de 2023 y, desde el 7 de agosto de 2023",Administración de Justicia,Funcionaria de la Administración de Justicia,"con permiso/licencia, sin retribución, en situación de servicios especiales, percibiendo el correspondiente complemento por antigüedad.",,,,,,,deputy_000134_interests_registro_intereses_diputado_134.pdf
000134,Álvarez González,Alicia,S/C Tenerife,7 de agosto de 2023,,actividades,1.0,,Partido Socialista Obrero Español,Cargos en partidos ó grupos parlamentarios,"Miembro de la Ejecutiva Regional de Canarias del Partido Socialista Obrero Español, sin retribución.",,,,,,,deputy_000134_interests_registro_intereses_diputado_134.pdf
000136,Agüera Gago,Cristina,Barcelona,7 de agosto de 2023,,actividades,0.0,Fecha del acuerdo plenario definitivo: 19.12.2023,Ayuntamiento de Badalona,Público,"Concejal del Ámbito de Impulso Económico y de Unidad, Trabajo, Cultura, Ciudadanía y Gobierno del Ayuntamiento de Badalona, sin percibir ningún tipo de remuneración, salvo indemnización por asistencia a órganos de la Corporación.",,,,,,,deputy_000136_interests_registro_intereses_diputado_136.pdf
000136,Agüera Gago,Cristina,Barcelona,7 de agosto de 2023,,actividades,1.0,Fecha del acuerdo plenario definitivo: 19.12.2023,Ayuntamiento de Badalona,Público,"Segunda Teniente de Alcalde del Ayuntamiento de Badalona, sin percibir ningún tipo de remuneración, salvo indemnización por asistencia a órganos de la Corporación.",,,,,,,deputy_000136_interests_registro_intereses_diputado_136.pdf
000136,Agüera Gago,Cristina,Barcelona,7 de agosto de 2023,,actividades,2.0,Fecha del acuerdo plenario definitivo: 19.12.2023,Ayuntamiento de Badalona,Público,"Segunda Teniente de Alcalde y Concejal del Ayuntamiento de Badalona, a partir del 14 de agosto de 2023, sin percibir ningún tipo de remuneración, salvo indemnización por asistencia a órganos de la Corporación.",,,,,,,deputy_000136_interests_registro_intereses_diputado_136.pdf
000136,Agüera Gago,Cristina,Barcelona,7 de agosto de 2023,,actividades,3.0,Fecha del acuerdo plenario definitivo: 19.12.2023,Ayuntamiento de Badalona,Público,"Representante del Ayuntamiento de Badalona en diferentes entidades: Consorci Localret, Pacte Industrial Regió Metropolitana de Barcelona, Fundación Institut Ciències de la Salut Germans Trias i Pujol (como sustituta de representante titular), Consorci Promoció Enoturística del territori DO Alella, Xarxa de Municipis per a l'Economia Social i Solidària, Consorci de la Salut i Atenció Social de Catalunya, sin percibir ningún tipo de remuneración, salvo indemnización por asistencia a órganos de la Corporación.",,,,,,,deputy_000136_interests_registro_intereses_diputado_136.pdf
000136,Agüera Gago,Cristina,Barcelona,7 de agosto de 2023,,actividades,4.0,Fecha del acuerdo plenario definitivo: 19.12.2023,Sociedades Municipales de Badalona,Público,"Consejera de las Sociedades Municipales de Badalona, de las que formaba parte del Consejo sin remuneración: Reactivació Badalona, S.A., Badalona Cultura, S.A., Badalona Serveis Assistencials, S.A. y Marina Badalona, S.A, en situación de renuncia desde el 14.08.2023.",,,,,,,deputy_000136_interests_registro_intereses_diputado_136.pdf
000136,Agüera Gago,Cristina,Barcelona,7 de agosto de 2023,,actividades,5.0,Fecha del acuerdo plenario definitivo: 19.12.2023,Medios de comunicación,Privado,"Participación esporádica en tertulias de televisión local, sin remuneración.",,,,,,,deputy_000136_interests_registro_intereses_diputado_136.pdf
000136,Agüera Gago,Cristina,Barcelona,7 de agosto de 2023,,actividades,6.0,Fecha del acuerdo plenario definitivo: 19.12.2023,Medios de comunicación,Privado,"Participación esporádica en tertulias en medios de comunicación, en particular TV local de Badalona.",,,,,,,deputy_000136_interests_registro_intereses_diputado_136.pdf
000137,Iniesta Egido,Isabel,Albacete,7 de agosto de 2023,,actividades,0.0,,Ayuntamiento de Alpera,Cargos públicos,"Alcaldesa del Ayuntamiento de Alpera (Albacete), sin dedicación exclusiva, sin percibir ningún tipo de remuneración, salvo indemnización por asistencia a órganos de la Corporación.",,,,,,,deputy_000137_interests_registro_intereses_diputado_137.pdf
000137,Iniesta Egido,Isabel,Albacete,7 de agosto de 2023,,actividades,1.0,,Mancomunidad de Municipios de Monteibérico,Cargos públicos,Representante de la Mancomunidad de Municipios de Monteibérico.,,,,,,,deputy_000137_interests_registro_intereses_diputado_137.pdf
000137,Iniesta Egido,Isabel,Albacete,7 de agosto de 2023,,actividades,2.0,,Mancomunidad de Municipios de Montearagón,Cargos públicos,Representante de la Mancomunidad de Municipios de Montearagón.,,,,,,,deputy_000137_interests_registro_intereses_diputado_137.pdf
000137,Iniesta Egido,Isabel,Albacete,7 de agosto de 2023,,actividades,3.0,,Grupo de Acción Local Corredor de Almansa,Cargos públicos,Representante del Grupo de Acción Local Corredor de Almansa.,,,,,,,deputy_000137_interests_registro_intereses_diputado_137.pdf
000137,Iniesta Egido,Isabel,Albacete,7 de agosto de 2023,,otros_intereses,0.0,,,,,,,,,"Participación en medios de comunicación social, sin retribución. Fecha del acuerdo plenario definitivo: 19.12.2023",,deputy_000137_interests_registro_intereses_diputado_137.pdf
000138,Sáez Cruz,Emilio,Albacete,7 de agosto de 2023,,actividades,0.0,Fecha del acuerdo plenario definitivo: 19.12.2023,Ayuntamiento de Albacete,Cargos públicos,"Concejal del Ayuntamiento de Albacete, sin percibir ningún tipo de remuneración, salvo indemnización por asistencia a órganos de la Corporación.",,,,,,,deputy_000138_interests_registro_intereses_diputado_138.pdf
000138,Sáez Cruz,Emilio,Albacete,7 de agosto de 2023,,actividades,1.0,Fecha del acuerdo plenario definitivo: 21.03.2024,Ayuntamiento de Albacete,Cargos públicos,Baja como Concejal del Ayuntamiento de Albacete con fecha 19 de diciembre de 2023.,,,,,,,deputy_000138_interests_registro_intereses_diputado_138.pdf
000138,Sáez Cruz,Emilio,Albacete,7 de agosto de 2023,,actividades,2.0,Fecha del acuerdo plenario definitivo: 27.06.2024,Ámbito universitario,Actividades docentes extraordinarias,Participación en cursos con ponencias en el ámbito universitario.,,,,,,,deputy_000138_interests_registro_intereses_diputado_138.pdf
000138,Sáez Cruz,Emilio,Albacete,7 de agosto de 2023,,actividades,3.0,Fecha del acuerdo plenario definitivo: 19.12.2023,PSOE de Albacete,Cargos en partidos ó grupos parlamentarios,"Secretario General del PSOE de Albacete, sin retribución alguna.",,,,,,,deputy_000138_interests_registro_intereses_diputado_138.pdf
000138,Sáez Cruz,Emilio,Albacete,7 de agosto de 2023,,actividades,4.0,Fecha del acuerdo plenario definitivo: 27.06.2024,Asociación AMIAB,Actividades privadas autorizadas,"Presidente de la Asociación AMIAB (Atención Integral a personas con discapacidad) desde el 8 de abril de 2024, sin remuneración.",,,,,,,deputy_000138_interests_registro_intereses_diputado_138.pdf
000139,Adrio Taracido,María,Pontevedra,7 de agosto de 2023,,otros_intereses,0.0,,,,,,,,,"Declaración de Actividades, de 7 de agosto de 2023. La autorización de esta actividad se realiza con la cautela de que no suponga el desempeño de otro puesto público o privado o incurra en algunas de las actividades prohibidas del artículo 159.2 LOREG. Las actividades privadas se autorizan en la medida en que no incurran en los supuestos del artículo 159.2 de la LOREG, con las cautelas de no invocar la condición de parlamentario, no menoscabar la dedicación parlamentaria, y no incurrir en actividades prohibidas del artículo 159.2",,deputy_000139_interests_registro_intereses_diputado_139.pdf
000140,Rodríguez Gómez de Celis,Alfonso,Sevilla,7 de agosto de 2023,,actividades,0.0,,Secretario de Política Municipal del PSOE,,sin remunerar,,,,,,,deputy_000140_interests_registro_intereses_diputado_140.pdf
000140,Rodríguez Gómez de Celis,Alfonso,Sevilla,7 de agosto de 2023,,otros_intereses,0.0,,,,,,,,,"La autorización de esta actividad se realiza con la cautela de que no suponga el desempeño de otro puesto público o privado o incurra en algunas de las actividades prohibidas del artículo 159.2 LOREQ. Las actividades privadas se autorizan en la medida en que no incurran en los supuestos del artículo 159.2 de la LOREQ, con las cautelas de no invocar la condición de parlamentario, no menoscabar la dedicación parlamentaria, y no incurrir en actividades prohibidas del artículo 159.2.",,deputy_000140_interests_registro_intereses_diputado_140.pdf
000141,Noriega Gómez,Javier,Cantabria,7 de agosto de 2023,,actividades,0.0,,Universidad de Cantabria,Docencia,"Profesor en la Universidad de Cantabria en másteres de Derecho de Familia realizados cada año, de manera puntual, con carácter extraordinario y a tiempo parcial.",,,,,,19.12.2023,deputy_000141_interests_registro_intereses_diputado_141.pdf
000141,Noriega Gómez,Javier,Cantabria,7 de agosto de 2023,,actividades,1.0,,Partido Popular en Cantabria,Política,"Miembro del Comité Ejecutivo del Partido Popular en Cantabria, sin percibir remuneración económica alguna por referido cargo.",,,,,,19.12.2023,deputy_000141_interests_registro_intereses_diputado_141.pdf
000141,Noriega Gómez,Javier,Cantabria,7 de agosto de 2023,,actividades,2.0,,Medios de comunicación de Cantabria,Comunicación,"Colaboración con determinados medios de comunicación de Cantabria con el fin de publicar artículos jurídicos o políticos, sin recibir ningún tipo de remuneración económica por ello.",,,,,,19.12.2023,deputy_000141_interests_registro_intereses_diputado_141.pdf
000141,Noriega Gómez,Javier,Cantabria,7 de agosto de 2023,,actividades,3.0,,Tertulias radiofónicas en Santander,Comunicación,"Intervención en diversas tertulias radiofónicas en Santander, sin recibir ningún tipo de remuneración económica por ello.",,,,,,19.12.2023,deputy_000141_interests_registro_intereses_diputado_141.pdf
000141,Noriega Gómez,Javier,Cantabria,7 de agosto de 2023,,actividades,4.0,,Despacho propio,Legal,"Ejercicio de la abogacía, de carácter residual, centrado en los ámbitos del Derecho Civil y Penal en un despacho propio.",,,,,,19.12.2023,deputy_000141_interests_registro_intereses_diputado_141.pdf
000142,Diouf Dioh,Luc Andre,Palmas (Las),7 de agosto de 2023,,actividades,0.0,,PSOE,Política,Secretario de Política de Migración y de Refugiados del PSOE,,,,,,,deputy_000142_interests_registro_intereses_diputado_142.pdf
000142,Diouf Dioh,Luc Andre,Palmas (Las),7 de agosto de 2023,,otros_intereses,0.0,,,,,,,,,"La autorización de esta actividad se realiza con la cautela de que no suponga el desempeño de otro puesto público o privado o incurra en algunas de las actividades prohibidas del artículo 159.2 LOREG. Las actividades privadas se autorizan en la medida en que no incurran en los supuestos del artículo 159.2 de la LOREG, con las cautelas de no invocar la condición de parlamentario, no menoscabar la dedicación parlamentaria, y no incurrir en actividades prohibidas del artículo 159.2.",,deputy_000142_interests_registro_intereses_diputado_142.pdf
000143,,,,,,actividades,0.0,,Nuevas Generaciones en el Partido Popular,Cargos en partidos o grupos parlamentarios,"Presidenta de Nuevas Generaciones en el Partido Popular, sin retribución.",,,,,,,deputy_000143_interests_registro_intereses_diputado_143.pdf
000143,,,,,,otros_intereses,0.0,,,,,,,,,"Declaración de Actividades, de 7 de agosto de 2023",,deputy_000143_interests_registro_intereses_diputado_143.pdf
000145,Borrego Cortés,Isabel María,Murcia,8 de agosto de 2023,,actividades,0.0,,Instituto Balear de la Vivienda,,"Técnico Superior del Instituto Balear de la Vivienda, en situación de excedencia.",,,,,,,deputy_000145_interests_registro_intereses_diputado_145.pdf
000145,Borrego Cortés,Isabel María,Murcia,8 de agosto de 2023,,actividades,1.0,,Partido Popular,,"Miembro del Comité Ejecutivo del Partido Popular en la Región de Murcia, sin remuneración.",,,,,,,deputy_000145_interests_registro_intereses_diputado_145.pdf
000146,Martín Rodríguez,Margarita,Ourense,8 de agosto de 2023,,actividades,0.0,,Xunta de Galicia,Servicios Sociales,"Funcionaria de carrera del Cuerpo Facultativo Superior de la Escala de Facultativos de Servicios Sociales de la Xunta de Galicia y, desde el 1 de agosto de 2023, en situación de servicios especiales, percibiendo el correspondiente complemento por antigüedad.",,,,,,,deputy_000146_interests_registro_intereses_diputado_146.pdf
000146,Martín Rodríguez,Margarita,Ourense,8 de agosto de 2023,,actividades,1.0,,PSdeG-PSOE,Política,"Secretaria de Política Social del Comité Nacional Galego del PSdeG-PSOE, sin retribución alguna.",,,,,,,deputy_000146_interests_registro_intereses_diputado_146.pdf
000148,Sayas López,Sergio,Navarra,8 de agosto de 2023,,,,,,,,,,,,,,deputy_000148_interests_registro_intereses_diputado_148.pdf
000149,Catalán Higueras,Alberto,Navarra,8 de agosto de 2023,,,,,,,,,,,,,,deputy_000149_interests_registro_intereses_diputado_149.pdf
000150,Martín García,Pedro Samuel,Salamanca,8 de agosto de 2023,,actividades,0.0,,Ayuntamiento de Carbajosa de la Sagrada,Público,"Alcalde de Carbajosa de la Sagrada (Salamanca), sin percibir ningún tipo de remuneración, salvo indemnización por asistencia a órganos de la Corporación.",,,,,,,deputy_000150_interests_registro_intereses_diputado_150.pdf
000150,Martín García,Pedro Samuel,Salamanca,8 de agosto de 2023,,actividades,1.0,,Federación Regional de Municipios y Provincias de Castilla y León (FRMPCyL),Público,"Miembro del Consejo Regional de la Federación Regional de Municipios y Provincias de Castilla y León (FRMPCyL), sin retribución.",,,,,,,deputy_000150_interests_registro_intereses_diputado_150.pdf
000150,Martín García,Pedro Samuel,Salamanca,8 de agosto de 2023,,actividades,2.0,,Junta Directiva Autonómica del PPCyL,Político,"Miembro de la Junta Directiva Autonómica del PPCyL, sin retribución.",,,,,,,deputy_000150_interests_registro_intereses_diputado_150.pdf
000150,Martín García,Pedro Samuel,Salamanca,8 de agosto de 2023,,actividades,3.0,,Proyecto Hombre de Salamanca,Privado,"Secretario y Patrono de Proyecto Hombre de Salamanca, sin retribución.",,,,,,,deputy_000150_interests_registro_intereses_diputado_150.pdf
000150,Martín García,Pedro Samuel,Salamanca,8 de agosto de 2023,,actividades,4.0,,Asociación VIFEPLA,Privado,"Presidente de la Asociación VIFEPLA, sin retribución.",,,,,,,deputy_000150_interests_registro_intereses_diputado_150.pdf
000151,Moro Almaraz,María Jesús,Salamanca,8 de agosto de 2023,,actividades,0.0,,Universidad de Salamanca,Derecho Civil,"Profesora Titular de Derecho Civil en la Universidad de Salamanca, Fecha del acuerdo plenario definitivo: 19.12.2023 en situación de servicios especiales, percibiendo el correspondiente complemento por antigüedad.",,,,,,,deputy_000151_interests_registro_intereses_diputado_151.pdf
000152,Sánchez Ojeda,Carlos Alberto,Palmas (Las),8 de agosto de 2023,,actividades,0.0,,Bio Carburos S.L.,,"Administrador Mancomunado de Bio Carburos S.L., sin retribución. Fecha del acuerdo plenario definitivo: 19.12.2023",,,,,,,deputy_000152_interests_registro_intereses_diputado_152.pdf
000152,Sánchez Ojeda,Carlos Alberto,Palmas (Las),8 de agosto de 2023,,otros_intereses,0.0,,,,,,,,,"La autorización de esta actividad se realiza con la cautela de que no suponga el desempeño de otro puesto público o privado o incurra en algunas de las actividades prohibidas del artículo 159.2 LOREG. Las actividades privadas se autorizan en la medida en que no incurran en los supuestos del artículo 159.2 de la LOREG, con las cautelas de no invocar la condición de parlamentario, no menoscabar la dedicación parlamentaria, y no incurrir en actividades prohibidas del artículo 159.2.",,deputy_000152_interests_registro_intereses_diputado_152.pdf
000154,Crespín Rubio,Rafaela,Córdoba,8 de agosto de 2023,,actividades,0.0,,Secretaría General del PSOE en Córdoba,,sin remuneración,,,,,,19.12.2023,deputy_000154_interests_registro_intereses_diputado_154.pdf
000154,Crespín Rubio,Rafaela,Córdoba,8 de agosto de 2023,,actividades,1.0,,Miembro del Comité Federal del PSOE,,sin remuneración,,,,,,19.12.2023,deputy_000154_interests_registro_intereses_diputado_154.pdf
000155,Lima García,Laura María,S/C Tenerife,8 de agosto de 2023,,actividades,0.0,,Nuevas Generaciones de Tenerife,,Secretaria General de Nuevas Generaciones de Tenerife,,,,,,,deputy_000155_interests_registro_intereses_diputado_155.pdf
000156,Rojas Manrique,Juan Antonio,S/C Tenerife,8 de agosto de 2023,,actividades,0.0,,Vocal de la Junta Directiva Autonómica del PP de Canarias,,sin retribución,,,,,,,deputy_000156_interests_registro_intereses_diputado_156.pdf
000156,Rojas Manrique,Juan Antonio,S/C Tenerife,8 de agosto de 2023,,actividades,1.0,,FRED OLSEN S.A.,,"desempeñando funciones de Capitán, habiendo solicitado licencia sin retribución desde el 3 de julio de 2023 y la excedencia desde el 9 de agosto de 2023",,,,,,,deputy_000156_interests_registro_intereses_diputado_156.pdf
000157,Rivera Arias,Engracia,Sevilla,8 de agosto de 2023,,actividades,0.0,,Agencia Tributaria de la Administración Tributaria,,"Funcionaria de carrera, en situación de servicios especiales, percibiendo el correspondiente complemento por antigüedad.",,,,,,,deputy_000157_interests_registro_intereses_diputado_157.pdf
000157,Rivera Arias,Engracia,Sevilla,8 de agosto de 2023,,actividades,1.0,hasta el 16 de agosto de 2023,Tribunal Económico Administrativo del Ayuntamiento de Sevilla,,"Vocal, en situación de cese.",,,,,,,deputy_000157_interests_registro_intereses_diputado_157.pdf
000157,Rivera Arias,Engracia,Sevilla,8 de agosto de 2023,,actividades,2.0,,Partido Comunista de España en Sevilla,,"Secretaria Provincial, sin retribución.",,,,,,,deputy_000157_interests_registro_intereses_diputado_157.pdf
000157,Rivera Arias,Engracia,Sevilla,8 de agosto de 2023,,actividades,3.0,,Partido Comunista de España en Andalucía,,"Responsable institucional, sin retribución.",,,,,,,deputy_000157_interests_registro_intereses_diputado_157.pdf
000159,Flores Juberías,Carlos,Valencia/València,8 de agosto de 2023,,actividades,0.0,,Universidad de Valencia,Derecho Constitucional,"Catedrático de Derecho Constitucional en la Universidad de Valencia, en situación de servicios especiales, percibiendo el correspondiente complemento por antigüedad desde el 01.08.2023.",,,,,,,deputy_000159_interests_registro_intereses_diputado_159.pdf
000159,Flores Juberías,Carlos,Valencia/València,8 de agosto de 2023,,actividades,1.0,,diversos medios periodísticos,Medios de comunicación,Articulista en diversos medios periodísticos.,,,,,,,deputy_000159_interests_registro_intereses_diputado_159.pdf
000159,Flores Juberías,Carlos,Valencia/València,8 de agosto de 2023,,actividades,2.0,,diversos medios radiofónicos y televisivos,Medios de comunicación,Colaborador en diversos medios radiofónicos y televisivos.,,,,,,,deputy_000159_interests_registro_intereses_diputado_159.pdf
000159,Flores Juberías,Carlos,Valencia/València,8 de agosto de 2023,,actividades,3.0,,universidades y otros centros educativos,Educación,Conferencista en universidades y otros centros educativos.,,,,,,,deputy_000159_interests_registro_intereses_diputado_159.pdf
000159,Flores Juberías,Carlos,Valencia/València,8 de agosto de 2023,,otros_intereses,0.0,,,,,,,,,"1. Declaración de Actividades, de 8 de agosto de 2023

1 La autorización de esta actividad se realiza con la cautela de que no suponga el desempeño de otro puesto público o privado o incurra en algunas de las actividades prohibidas del artículo 159.2 LOREG

2 Las actividades privadas se autorizan en la medida en que no incurran en los supuestos del artículo 159.2 de la LOREG, con las cautelas de no invocar la condición de parlamentario, no menoscabar la dedicación parlamentaria, y no incurrir en actividades prohibidas del artículo 159.2",,deputy_000159_interests_registro_intereses_diputado_159.pdf
000160,Abades Martínez,Cristina,Lugo,8 de agosto de 2023,,actividades,0.0,,Xunta de Galicia,,"Funcionaria de la Xunta de Galicia, en situación de servicios especiales, percibiendo el correspondiente complemento por antigüedad.",,,,,,,deputy_000160_interests_registro_intereses_diputado_160.pdf
000160,Abades Martínez,Cristina,Lugo,8 de agosto de 2023,,otros_intereses,0.0,,,,,,,,,"1. La autorización de esta actividad se realiza con la cautela de que no suponga el desempeño de otro puesto público o privado o incurra en algunas de las actividades prohibidas del artículo 159.2 LOREG.
2. Las actividades privadas se autorizan en la medida en que no incurran en los supuestos del artículo 159.2 de la LOREG, con las cautelas de no invocar la condición de parlamentario, no menoscabar la dedicación parlamentaria, y no incurrir en actividades prohibidas del artículo 159.2.",,deputy_000160_interests_registro_intereses_diputado_160.pdf
000161,Olano Vela,Jaime Eduardo de,Lugo,8 de agosto de 2023,,otros_intereses,0.0,,,,,,,,,"La autorización de esta actividad se realiza con la cautela de que no suponga el desempeño de otro puesto público o privado o incurra en algunas de las actividades prohibidas del artículo 159.2 LOREG. Las actividades privadas se autorizan en la medida en que no incurran en los supuestos del artículo 159.2 de la LOREG, con las cautelas de no invocar la condición de parlamentario, no menoscabar la dedicación parlamentaria, y no incurrir en actividades prohibidas del artículo 159.2.",,deputy_000161_interests_registro_intereses_diputado_161.pdf
000162,Celaya Brey,Javier,Ceuta,8 de agosto de 2023,,actividades,0.0,Fecha del acuerdo plenario definitivo: 19.12.2023,Director General de Educación de la Ciudad Autónoma de Ceuta,,"percibiendo las retribuciones correspondientes hasta el 1 de agosto de 2023, en situación de cese.",,,,,,,deputy_000162_interests_registro_intereses_diputado_162.pdf
000162,Celaya Brey,Javier,Ceuta,8 de agosto de 2023,,actividades,1.0,Fecha del acuerdo plenario definitivo: 19.12.2023,Funcionario del Cuerpo de Profesores de Enseñanza Secundaria,,"dependiente de la Dirección Provincial del Ministerio de Educación en Ceuta, en situación de servicios especiales, percibiendo el correspondiente complemento por antigüedad.",,,,,,,deputy_000162_interests_registro_intereses_diputado_162.pdf
000162,Celaya Brey,Javier,Ceuta,8 de agosto de 2023,,actividades,2.0,Fecha del acuerdo plenario definitivo: 19.12.2023,Profesor-tutor en el Centro Universitario UNED-Ceuta,,"con una dedicación docente de 3 horas semanales, que no exceden las 75 horas anuales.",,,,,,,deputy_000162_interests_registro_intereses_diputado_162.pdf
000162,Celaya Brey,Javier,Ceuta,8 de agosto de 2023,,actividades,3.0,Fecha del acuerdo plenario definitivo: 19.12.2023,Miembro del Comité Ejecutivo del PP en Ceuta,,sin retribución o dieta.,,,,,,,deputy_000162_interests_registro_intereses_diputado_162.pdf
000163,,,,,,actividades,0.0,,Ayuntamiento de Llanera (Asturias),Cargos públicos,"Concejal del Ayuntamiento de Llanera (Asturias) sin dedicación exclusiva, sin percibir ningún tipo de remuneración, salvo indemnización por asistencia a órganos de la Corporación.",,,,,,,deputy_000163_interests_registro_intereses_diputado_163.pdf
000163,,,,,,actividades,1.0,,Partido Popular de Asturias,Cargos en partidos ó grupos parlamentarios,Vicesecretario de Acción Política del Partido Popular de Asturias.,,,,,,,deputy_000163_interests_registro_intereses_diputado_163.pdf
000164,Micó Micó,Àgueda,Valencia/València,8 de agosto de 2023,,actividades,0.0,,Universitat de València,Docencia,Profesora Asociada,,,,,,,deputy_000164_interests_registro_intereses_diputado_164.pdf
000164,Micó Micó,Àgueda,Valencia/València,8 de agosto de 2023,,actividades,1.0,,Més Compromís,Política,Secretaria General,,,,,,,deputy_000164_interests_registro_intereses_diputado_164.pdf
000165,Ibáñez Mezquita,Alberto,Valencia/València,8 de agosto de 2023,,,,,,,,,,,,,,deputy_000165_interests_registro_intereses_diputado_165.pdf
000166,González López,Nahuel,Valencia/València,8 de agosto de 2023,,otros_intereses,0.0,,,,,,,,,"La autorización de esta actividad se realiza con la cautela de que no suponga el desempeño de otro puesto público o privado o incurra en algunas de las actividades prohibidas del artículo 159.2 LOREG. Las actividades privadas se autorizan en la medida en que no incurran en los supuestos del artículo 159.2 de la LOREG, con las cautelas de no invocar la condición de parlamentario, no menoscabar la dedicación parlamentaria, y no incurrir en actividades prohibidas del artículo 159.2.",,deputy_000166_interests_registro_intereses_diputado_166.pdf
000167,Faneca López,María Luisa,Huelva,8 de agosto de 2023,,actividades,0.0,,"Ministerio de Trabajo, Migraciones y Seguridad Social",Cargos públicos,"Funcionaria de carrera con destino en el Instituto Social de la Marina en la Dirección Provincial de Huelva, en situación de servicios especiales, percibiendo el correspondiente complemento por antigüedad.",,,,,,,deputy_000167_interests_registro_intereses_diputado_167.pdf
000167,Faneca López,María Luisa,Huelva,8 de agosto de 2023,,actividades,1.0,,PSOE de Andalucía,Cargos en partidos ó grupos parlamentarios,"Secretaria de Agricultura, Ganadería y Políticas del Mar en el PSOE de Andalucía, sin retribución.",,,,,,,deputy_000167_interests_registro_intereses_diputado_167.pdf
000168,Cruz Santana,Gabriel,Huelva,8 de agosto de 2023,,actividades,0.0,,Ayuntamiento de Huelva,Cargos públicos,"Concejal del Ayuntamiento de Huelva, sin percibir ningún tipo de remuneración, salvo indemnización por asistencia a órganos de la Corporación.",,,,,,,deputy_000168_interests_registro_intereses_diputado_168.pdf
000168,Cruz Santana,Gabriel,Huelva,8 de agosto de 2023,,actividades,1.0,Fecha del acuerdo plenario definitivo: 19.12.2023,PSOE,Cargos en partidos ó grupos parlamentarios,"Vicescercario General Provincial del PSOE, sin retribución.",,,,,,,deputy_000168_interests_registro_intereses_diputado_168.pdf
000168,Cruz Santana,Gabriel,Huelva,8 de agosto de 2023,,actividades,2.0,Fecha del acuerdo plenario definitivo: 19.12.2023,PSOE,Cargos en partidos ó grupos parlamentarios,"Secretario General Local del PSOE, sin retribución.",,,,,,,deputy_000168_interests_registro_intereses_diputado_168.pdf
000168,Cruz Santana,Gabriel,Huelva,8 de agosto de 2023,,otros_intereses,0.0,,,,,,,,,"Declaración de Actividades, de 8 de agosto de 2023. La autorización de esta actividad se realiza con la cautela de que no suponga el desempeño de otro puesto público o privado o incurra en algunas de las actividades prohibidas del artículo 159.2 LOREG. Las actividades privadas se autorizan en la medida en que no incurran en los supuestos del artículo 159.2 de la LOREG, con las cautelas de no invocar la condición de parlamentario, no menoscabar la dedicación parlamentaria, y no incurrir en actividades prohibidas del artículo 159.2",,deputy_000168_interests_registro_intereses_diputado_168.pdf
000169,Velarde Gómez,Martina,Granada,8 de agosto de 2023,,,,,,,,,,,,,,deputy_000169_interests_registro_intereses_diputado_169.pdf
000170,Blanquer Alcaraz,Patricia,Alicante/Alacant,8 de agosto de 2023,,actividades,0.0,,"Secretaría Ejecutiva Federal de Industria, Comercio y Turismo del PSOE",,sin remuneración económica,,,,,,,deputy_000170_interests_registro_intereses_diputado_170.pdf
000171,Mellado Sierra,Valle,Tarragona,8 de agosto de 2023,,actividades,0.0,,Ayuntamiento de Tarragona,,"Directora de Emprendimiento en el Ayuntamiento de Tarragona, Fecha del acuerdo plenario definitivo: 19.12.2023 como laboral, en situación de excedencia forzosa.",,,,,,,deputy_000171_interests_registro_intereses_diputado_171.pdf
000171,Mellado Sierra,Valle,Tarragona,8 de agosto de 2023,,otros_intereses,0.0,,,,,,,,,"Declaración de Actividades, de 8 de agosto de 2023. La autorización de esta actividad se realiza con la cautela de que no suponga el desempeño de otro puesto público o privado o incurra en algunas de las actividades prohibidas del artículo 159.2 LOREG. Las actividades privadas se autorizan en la medida en que no incurran en los supuestos del artículo 159.2 de la LOREG, con las cautelas de no invocar la condición de parlamentario, no menoscabar la dedicación parlamentaria, y no incurrir en actividades prohibidas del artículo 159.2.",,deputy_000171_interests_registro_intereses_diputado_171.pdf
000172,Parra Gallego,Agustín,Barcelona,8 de agosto de 2023,,actividades,0.0,Desde el 8 de agosto de 2023,Ayuntamiento de Esplugues de Llobregat,Cargo público,"Concejal del Grupo Municipal Popular en el Ayuntamiento de Esplugues de Llobregat (Barcelona) sin dedicación exclusiva, sin percibir ningún tipo de remuneración, salvo indemnización por asistencia a órganos de la Corporación.",,,,,,8 de agosto de 2023,deputy_000172_interests_registro_intereses_diputado_172.pdf
000172,Parra Gallego,Agustín,Barcelona,8 de agosto de 2023,,actividades,1.0,,PP de Barcelona,Cargo en partido político,"Vicesecretario General de Organización del PP de Barcelona, sin retribución.",,,,,,8 de agosto de 2023,deputy_000172_interests_registro_intereses_diputado_172.pdf
000173,Martín Blanco,Nacho,Barcelona,8 de agosto de 2023,,actividades,0.0,Fecha del acuerdo plenario definitivo: 08.05.2023,La Salle Universidad Ramon Llull,Actividades docentes extraordinarias,Profesor asociado,,,,,,,deputy_000173_interests_registro_intereses_diputado_173.pdf
000173,Martín Blanco,Nacho,Barcelona,8 de agosto de 2023,,actividades,1.0,Fecha del acuerdo plenario definitivo: 19.12.2023,Universidad Abat Oliba CEU,Actividades privadas autorizadas,Profesor Asociado,,,,,,,deputy_000173_interests_registro_intereses_diputado_173.pdf
000173,Martín Blanco,Nacho,Barcelona,8 de agosto de 2023,,otros_intereses,0.0,,,,,,,,,"1. Declaración de Actividades, de 8 de agosto de 2023
2. Declaración de Actividades, de 22 de enero de 2025

* La autorización de esta actividad se realiza con la cautela de que no suponga el desempeño de otro puesto público o privado o incurra en algunas de las actividades prohibidas del artículo 159.2 LOREG.

* Las actividades privadas se autorizan en la medida en que no incurran en los supuestos del artículo 159.2 de la LOREG, con las cautelas de no invocar la condición de parlamentario, no menoscabar la dedicación parlamentaria, y no incurrir en actividades prohibidas del artículo 159.2.",,deputy_000173_interests_registro_intereses_diputado_173.pdf
000174,De Luna Tobarra,Llanos,Barcelona,8 de agosto de 2023,,actividades,0.0,,Cuerpo Superior de Técnicos de la Administración de la Seguridad Social,,"Funcionaria de carrera del Cuerpo Superior de Técnicos de la Administración de la Seguridad Social, en situación de servicios especiales, percibiendo el correspondiente complemento por antigüedad.",,,,,,,deputy_000174_interests_registro_intereses_diputado_174.pdf
000174,De Luna Tobarra,Llanos,Barcelona,8 de agosto de 2023,,actividades,1.0,,PP de Cataluña,,"Coordinadora de Acción Política del PP de Cataluña, sin retribución.",,,,,,,deputy_000174_interests_registro_intereses_diputado_174.pdf
000175,Belmonte Gómez,Rafael Benigno,Sevilla,8 de agosto de 2023,,actividades,0.0,,Comité Ejecutivo Provincial del PP de Sevilla,Cargos en partidos ó grupos parlamentarios,"Miembro del Comité Ejecutivo Provincial del PP de Sevilla, sin remuneración.",,,,,,,deputy_000175_interests_registro_intereses_diputado_175.pdf
000175,Belmonte Gómez,Rafael Benigno,Sevilla,8 de agosto de 2023,,actividades,1.0,,Junta Directiva Provincial del PP de Sevilla,Cargos en partidos ó grupos parlamentarios,"Miembro de la Junta Directiva Provincial del PP de Sevilla, sin remuneración.",,,,,,,deputy_000175_interests_registro_intereses_diputado_175.pdf
000175,Belmonte Gómez,Rafael Benigno,Sevilla,8 de agosto de 2023,,actividades,2.0,,Colegio de Sevilla,Actividades privadas autorizadas,Abogado en ejercicio del Colegio de Sevilla.,,,,,,,deputy_000175_interests_registro_intereses_diputado_175.pdf
000176,Rojo Blas,Alberto,Guadalajara,8 de agosto de 2023,,actividades,0.0,,Ayuntamiento de Guadalajara,,"Concejal del Ayuntamiento de Guadalajara, desde el 8 de agosto no percibe remuneración alguna, ni siquiera en concepto de dietas o asistencia a plenos.",,,,,,,deputy_000176_interests_registro_intereses_diputado_176.pdf
000176,Rojo Blas,Alberto,Guadalajara,8 de agosto de 2023,,otros_intereses,0.0,,,,,,,,,"La autorización de esta actividad se realiza con la cautela de que no suponga el desempeño de otro puesto público o privado o incurra en algunas de las actividades prohibidas del artículo 159.2 LOREG. Las actividades privadas se autorizan en la medida en que no incurran en los supuestos del artículo 159.2 de la LOREG, con las cautelas de no invocar la condición de parlamentario, no menoscabar la dedicación parlamentaria, y no incurrir en actividades prohibidas del artículo 159.2",,deputy_000176_interests_registro_intereses_diputado_176.pdf
000177,Sánchez Torregrosa,Maribel,Almería,8 de agosto de 2023,,,,,,,,,,,,,,deputy_000177_interests_registro_intereses_diputado_177.pdf
000178,Nasarre Oliva,Begoña,Huesca,8 de agosto de 2023,,actividades,0.0,,Ayuntamiento de Alcolea de Cinca,Cargos públicos,"Alcaldesa del Ayuntamiento de Alcolea de Cinca (Huesca) sin dedicación exclusiva y sin remuneración, dietas o indemnizaciones.",,,,,,,deputy_000178_interests_registro_intereses_diputado_178.pdf
000178,Nasarre Oliva,Begoña,Huesca,8 de agosto de 2023,,actividades,1.0,,PSOE en Aragón,Cargos en partidos ó grupos parlamentarios,"Secretaría autonómica de Política Autonómica del PSOE en Aragón, sin retribución, dietas o indemnizaciones.",,,,,,,deputy_000178_interests_registro_intereses_diputado_178.pdf
000180,Ibáñez Hernando,Ángel,Burgos,8 de agosto de 2023,,actividades,0.0,,Cortes de Castilla y León,Cargos públicos,"Procurador en las Cortes de Castilla y León, con dedicación exclusiva como Viceportavoz del GP Popular, en situación de renuncia desde el 16.08.2023.",,,,,,,deputy_000180_interests_registro_intereses_diputado_180.pdf
000180,Ibáñez Hernando,Ángel,Burgos,8 de agosto de 2023,,actividades,1.0,,Universidad de Burgos,Actividades públicas a las que ha renunciado,"Técnico Superior de Innovación y Empleo (Grupo I) de la Universidad de Burgos, en situación de excedencia forzosa, percibiendo el correspondiente complemento por antigüedad.",,,,,,,deputy_000180_interests_registro_intereses_diputado_180.pdf
000180,Ibáñez Hernando,Ángel,Burgos,8 de agosto de 2023,,actividades,2.0,,Partido Popular de Burgos,Cargos en partidos ó grupos parlamentarios,"Coordinador Provincial del Partido Popular de Burgos, sin percepción de retribución alguna ni dietas o indemnizaciones.",,,,,,,deputy_000180_interests_registro_intereses_diputado_180.pdf
000181,Quintanilla Navarro,Miguel Ángel,Madrid,9 de agosto de 2023,,actividades,0.0,,Universidad Francisco de Vitoria,Docencia,"Profesor contratado doctor en la Universidad Francisco de Vitoria, universidad privada, Pozuelo de Alarcón, Madrid. Contrato de cuatrimestre, 5 horas semanales.",,,,,,,deputy_000181_interests_registro_intereses_diputado_181.pdf
000181,Quintanilla Navarro,Miguel Ángel,Madrid,9 de agosto de 2023,,actividades,1.0,,Universidad Francisco de Vitoria,Docencia,"Profesor contratado Doctor en la Universidad Francisco de Vitoria, universidad privada (Pozuelo de Alarcón, Madrid). Contrato de cuatrimestre, 5 horas semanales.",,,,,,,deputy_000181_interests_registro_intereses_diputado_181.pdf
000181,Quintanilla Navarro,Miguel Ángel,Madrid,9 de agosto de 2023,,otros_intereses,0.0,,,,,,,,,"1. La autorización de esta actividad se realiza con la cautela de que no suponga el desempeño de otro puesto público o privado o incurra en algunas de las actividades prohibidas del artículo 159.2 LOREG.

2. Las actividades privadas se autorizan en la medida en que no incurran en los supuestos del artículo 159.2 de la LOREG, con las cautelas de no invocar la condición de parlamentario, no menoscabar la dedicación parlamentaria, y no incurrir en actividades prohibidas del artículo 159.2.",,deputy_000181_interests_registro_intereses_diputado_181.pdf
000182,Martínez Salmerón,Joaquín,Murcia,9 de agosto de 2023,,actividades,0.0,,PSOE,Cargos en partidos ó grupos parlamentarios,"Miembro de la Comisión Ejecutiva Local del PSOE, sin retribución.",,,,,,,deputy_000182_interests_registro_intereses_diputado_182.pdf
000182,Martínez Salmerón,Joaquín,Murcia,9 de agosto de 2023,,actividades,1.0,,PSRM/PSOE,Cargos en partidos ó grupos parlamentarios,"Presidente del Comité Regional del PSRM/PSOE, sin retribución.",,,,,,,deputy_000182_interests_registro_intereses_diputado_182.pdf
000182,Martínez Salmerón,Joaquín,Murcia,9 de agosto de 2023,,actividades,2.0,,Martínez Salmerón Recupera S.L.,Actividades privadas autorizadas,"Administrador Mancomunado de Martínez Salmerón Recupera S.L., no percibiendo ingresos por la condición de administrador.",,,,,,,deputy_000182_interests_registro_intereses_diputado_182.pdf
000183,Alía Aguado,María Pilar,Toledo,9 de agosto de 2023,,actividades,0.0,,Universidad de Castilla-La Mancha,Docencia,"Profesora Asociada en el Departamento de Economía Política y Hacienda Pública, con contrato a tiempo parcial (3 horas semanales).",,,,,,,deputy_000183_interests_registro_intereses_diputado_183.pdf
000183,Alía Aguado,María Pilar,Toledo,9 de agosto de 2023,,actividades,1.0,,Setep Toledo S.L. y Abaco Consultores y Asesores Tributarios S.L.,Asesoría,"Actividad profesional de economista, especializada en asesoría fiscal, contable, mercantil y laboral a empresas privadas y particulares.",,,,,,,deputy_000183_interests_registro_intereses_diputado_183.pdf
000184,Velasco Retamosa,José Manuel,Toledo,9 de agosto de 2023,,actividades,0.0,Fecha del acuerdo plenario definitivo: 19.12.2023,Ayuntamiento de Toledo,Cargos públicos,"Concejal en el Ayuntamiento de Toledo, sin dedicación exclusiva.",,,,,,,deputy_000184_interests_registro_intereses_diputado_184.pdf
000184,Velasco Retamosa,José Manuel,Toledo,9 de agosto de 2023,,actividades,1.0,Fecha del acuerdo plenario definitivo: 19.12.2023,Universidad de Castilla-La Mancha (UCLM),Actividades públicas a las que ha renunciado,"Profesor Titular de la Universidad de Castilla-La Mancha (UCLM) y, desde el 1 de agosto de 2023, en situación de servicios especiales, percibiendo el correspondiente complemento por antigüedad.",,,,,,,deputy_000184_interests_registro_intereses_diputado_184.pdf
000184,Velasco Retamosa,José Manuel,Toledo,9 de agosto de 2023,,actividades,2.0,Fecha del acuerdo plenario definitivo: 19.12.2023,Partido Popular de Toledo,Cargos en partidos ó grupos parlamentarios,"Coordinador General del Partido Popular de Toledo, sin percepción de retribuciones, dietas o indemnizaciones.",,,,,,,deputy_000184_interests_registro_intereses_diputado_184.pdf
000184,Velasco Retamosa,José Manuel,Toledo,9 de agosto de 2023,,otros_intereses,0.0,,,,,,,,,"1. Declaración de Actividades, de 9 de agosto de 2023
2. Declaración de Actividades, de 8 de noviembre de 2023",,deputy_000184_interests_registro_intereses_diputado_184.pdf
000185,Armengol Socias,Francina,Balears (Illes),9 de agosto de 2023,,actividades,0.0,,PSIB-PSOE,Cargos en partidos ó grupos parlamentarios,"Secretaria General del PSIB-PSOE, cargo orgánico no retribuido económicamente.",,,,,,,deputy_000185_interests_registro_intereses_diputado_185.pdf
000185,Armengol Socias,Francina,Balears (Illes),9 de agosto de 2023,,actividades,1.0,,PSOE,Cargos en partidos ó grupos parlamentarios,"Miembro del Comité Federal del PSOE, cargo orgánico no retribuido económicamente.",,,,,,,deputy_000185_interests_registro_intereses_diputado_185.pdf
000186,Herrera García,Milena,Balears (Illes),9 de agosto de 2023,,actividades,0.0,,Comisión Ejecutiva de la FSE-PSOE y del PSIB/PSOE,,"Miembro de la Comisión Ejecutiva de la FSE-PSOE y del PSIB/PSOE, ambas sin retribución.",,,,,,,deputy_000186_interests_registro_intereses_diputado_186.pdf
000187,Corujo Berriel,María Dolores,Palmas (Las),9 de agosto de 2023,,actividades,0.0,,Cabildo de Lanzarote,Cargos públicos,"Consejera del Cabildo de Lanzarote, sin dedicación exclusiva, sin percibir ningún tipo de remuneración, salvo indemnización por asistencia a órganos de la Corporación.",,,,,,,deputy_000187_interests_registro_intereses_diputado_187.pdf
000187,Corujo Berriel,María Dolores,Palmas (Las),9 de agosto de 2023,,actividades,1.0,,Parlamento canario,Actividades públicas a las que ha renunciado,"Diputada del Parlamento canario y, desde el 7 de agosto de 2023, en fecha del acuerdo plenario definitivo: 19.12.2023, situación de cese.",,,,,,,deputy_000187_interests_registro_intereses_diputado_187.pdf
000187,Corujo Berriel,María Dolores,Palmas (Las),9 de agosto de 2023,,actividades,2.0,,PSOE,Cargos en partidos ó grupos parlamentarios,"Secretaria Insular del PSOE en Lanzarote, sin remuneración ni fecha del acuerdo plenario definitivo: 19.12.2023, dietas.",,,,,,,deputy_000187_interests_registro_intereses_diputado_187.pdf
000187,Corujo Berriel,María Dolores,Palmas (Las),9 de agosto de 2023,,otros_intereses,0.0,,,,,,,,,"Declaración de Actividades, de 9 de agosto de 2023. La autorización de esta actividad se realiza con la cautela de que no suponga el desempeño de otro puesto público o privado o incurra en algunas de las actividades prohibidas del artículo 159.2 LOREG. Las actividades privadas se autorizan en la medida en que no incurran en los supuestos del artículo 159.2 de la LOREG, con las cautelas de no invocar la condición de parlamentario, no menoscabar la dedicación parlamentaria, y no incurrir en actividades prohibidas del artículo 159.2.",,deputy_000187_interests_registro_intereses_diputado_187.pdf
000188,Marí Bosó,José Vicente,Balears (Illes),9 de agosto de 2023,,actividades,0.0,,Partido Popular,Político,"Presidente del Partido Popular en Ibiza, sin retribución. Fecha del acuerdo plenario definitivo: 19.12.2023",,,,,,,deputy_000188_interests_registro_intereses_diputado_188.pdf
000188,Marí Bosó,José Vicente,Balears (Illes),9 de agosto de 2023,,actividades,1.0,,Partido Popular,Político,"Secretario Nacional de Turismo, Industria y Comercio del Partido Popular, sin retribución. Fecha del acuerdo plenario definitivo: 19.12.2023",,,,,,,deputy_000188_interests_registro_intereses_diputado_188.pdf
000189,Sánchez Pérez-Castejón,Pedro,Madrid,9 de agosto de 2023,,actividades,0.0,,Gobierno,Cargos públicos,Presidente del Gobierno,,,,,,,deputy_000189_interests_registro_intereses_diputado_189.pdf
000189,Sánchez Pérez-Castejón,Pedro,Madrid,9 de agosto de 2023,,actividades,1.0,,Internacional Socialista,Cargos en partidos ó grupos parlamentarios,"Presidente de la Internacional Socialista, sin remuneración",,,,,,,deputy_000189_interests_registro_intereses_diputado_189.pdf
000189,Sánchez Pérez-Castejón,Pedro,Madrid,9 de agosto de 2023,,actividades,2.0,,PSOE,Cargos en partidos ó grupos parlamentarios,"Secretario General del PSOE, sin remuneración",,,,,,,deputy_000189_interests_registro_intereses_diputado_189.pdf
000189,Sánchez Pérez-Castejón,Pedro,Madrid,9 de agosto de 2023,,actividades,3.0,,Fundación Pablo Iglesias,Actividades privadas autorizadas,"Miembro del Patronato de la Fundación Pablo Iglesias, sin remuneración",,,,,,,deputy_000189_interests_registro_intereses_diputado_189.pdf
000189,Sánchez Pérez-Castejón,Pedro,Madrid,9 de agosto de 2023,,otros_intereses,0.0,,,,,,,,,"1. Declaración de Actividades, de 9 de agosto de 2023. 1 La autorización de esta actividad se realiza con la cautela de que no suponga el desempeño de otro puesto público o privado o incurra en algunas de las actividades prohibidas del artículo 159.2 LOREG. 2 Las actividades privadas se autorizan en la medida en que no incurran en los supuestos del artículo 159.2 de la LOREG, con las cautelas de no invocar la condición de parlamentario, no menoscabar la dedicación parlamentaria, y no incurrir en actividades prohibidas del artículo 159.2",,deputy_000189_interests_registro_intereses_diputado_189.pdf
000190,Mercadal Baquero,Pepe,Balears (Illes),9 de agosto de 2023,,actividades,0.0,,Ayuntamiento de Es Migjorn Gran (Islas Baleares),Cargos públicos,"Concejal en el Ayuntamiento de Es Migjorn Gran (Islas Baleares), Fecha del acuerdo plenario definitivo: 19.12.2023 sin dedicación exclusiva, sin percibir ningún tipo de remuneración, salvo indemnización por asistencia a órganos de la Corporación.",,,,,,,deputy_000190_interests_registro_intereses_diputado_190.pdf
000190,Mercadal Baquero,Pepe,Balears (Illes),9 de agosto de 2023,,actividades,1.0,,Ejecutiva Insular del PSOE de Menorca,Cargos en partidos ó grupos parlamentarios,"Secretario de Política Europea en la Ejecutiva Insular del PSOE de Menorca, sin retribución.",,,,,,,deputy_000190_interests_registro_intereses_diputado_190.pdf
000191,Leal Fernández,Isaura,Madrid,9 de agosto de 2023,,actividades,0.0,,Federación Española de Municipios y Provincias,,"Personal de la Federación Española de Municipios y Provincias, en situación de excedencia.",,,,,,,deputy_000191_interests_registro_intereses_diputado_191.pdf
000191,Leal Fernández,Isaura,Madrid,9 de agosto de 2023,,actividades,1.0,,Comisión Ejecutiva Regional del PSOE de Madrid,,"Miembro de la Comisión Ejecutiva Regional del PSOE de Madrid, sin recibir remuneración alguna.",,,,,,,deputy_000191_interests_registro_intereses_diputado_191.pdf
000191,Leal Fernández,Isaura,Madrid,9 de agosto de 2023,,actividades,2.0,,PSOE de Madrid,,"Presidenta del PSOE de Madrid, sin remuneración alguna.",,,,,,,deputy_000191_interests_registro_intereses_diputado_191.pdf
000192,Vidal Matas,Vicenç,Balears (Illes),9 de agosto de 2023,,actividades,0.0,,Esporles (Islas Baleares),Cargos públicos,"Concejal d'Esporles (Islas Baleares), sin dedicación exclusiva, sin percepción de ninguna retribución económica.",,,,,,,deputy_000192_interests_registro_intereses_diputado_192.pdf
000192,Vidal Matas,Vicenç,Balears (Illes),9 de agosto de 2023,,actividades,1.0,,Més per Mallorca,Cargos en partidos ó grupos parlamentarios,"Miembro de la Ejecutiva Més per Mallorca, sin retribución.",,,,,,,deputy_000192_interests_registro_intereses_diputado_192.pdf
000193,Figaredo Álvarez-Sala,José María,Asturias,9 de agosto de 2023,,actividades,0.0,,universidad pública,Docencia,"Docente en universidad pública, sin remuneración.",,,,,,,deputy_000193_interests_registro_intereses_diputado_193.pdf
000193,Figaredo Álvarez-Sala,José María,Asturias,9 de agosto de 2023,,actividades,1.0,,Grupo Parlamentario de VOX en el Congreso de los Diputados,Política,Secretario general del Grupo Parlamentario de VOX en el Congreso de los Diputados con remuneración.,,,,,,,deputy_000193_interests_registro_intereses_diputado_193.pdf
000193,Figaredo Álvarez-Sala,José María,Asturias,9 de agosto de 2023,,actividades,2.0,,universidad privada,Docencia,"Docente en universidad privada, con y sin remuneración.",,,,,,,deputy_000193_interests_registro_intereses_diputado_193.pdf
000194,Hoces Íñiguez,Ignacio,Badajoz,9 de agosto de 2023,,actividades,0.0,,VOX,Político,Vicesecretario Nacional de Institucional de VOX,,,,,,,deputy_000194_interests_registro_intereses_diputado_194.pdf
000194,Hoces Íñiguez,Ignacio,Badajoz,9 de agosto de 2023,,actividades,1.0,,Congreso de los Diputados,Asesoría,Asesor en el Congreso de los Diputados,,,,,,,deputy_000194_interests_registro_intereses_diputado_194.pdf
000195,García Morís,Roberto,Asturias,9 de agosto de 2023,,actividades,0.0,,Universidade da Coruña,Didáctica de las Ciencias Sociales,"Profesor contratado Doctor en la Universidade da Coruña en el Área de Didáctica de las Ciencias Sociales de la Facultad de Educación y, desde el 4 de diciembre de 2019, en situación de excedencia forzosa.",,,,,,,deputy_000195_interests_registro_intereses_diputado_195.pdf
000196,Vázquez Blanco,Ana Belén,Ourense,9 de agosto de 2023,,actividades,0.0,,Diputación de Ourense,Público,"Funcionaria Técnico Superior de la Diputación de Ourense, en situación de servicios especiales, percibiendo el correspondiente cumplimiento por antigüedad.",,,,,,,deputy_000196_interests_registro_intereses_diputado_196.pdf
000196,Vázquez Blanco,Ana Belén,Ourense,9 de agosto de 2023,,actividades,1.0,,Cuerpo Nacional de Policía,Público,"Inspectora alumna del Cuerpo Nacional de Policía, en situación de servicios especiales.",,,,,,,deputy_000196_interests_registro_intereses_diputado_196.pdf
000196,Vázquez Blanco,Ana Belén,Ourense,9 de agosto de 2023,,actividades,2.0,,Partido Popular,Político,Secretaria Nacional de Interior del Partido Popular.,,,,,,,deputy_000196_interests_registro_intereses_diputado_196.pdf
000196,Vázquez Blanco,Ana Belén,Ourense,9 de agosto de 2023,,otros_intereses,0.0,,,,,,,,,"1. Declaración de Actividades, de 9 de agosto de 2023
2. Declaración de Actividades, de 14 de septiembre de 2023",,deputy_000196_interests_registro_intereses_diputado_196.pdf
000197,Quintana Carballo,Rosa,Ourense,9 de agosto de 2023,,actividades,0.0,,Xunta de Galicia,Funcionaria,"Solicitado, en situación de servicios especiales, percibiendo el correspondiente complemento por antigüedad desde el 07.08.2023.",,,,,,,deputy_000197_interests_registro_intereses_diputado_197.pdf
000198,Moraleja Gómez,Tristana María,Coruña (A),9 de agosto de 2023,,actividades,0.0,,Xunta de Galicia,Cuerpo Superior de la Xunta de Galicia (Grupo A),"Funcionaria del Cuerpo Superior de la Xunta de Galicia (Grupo A), en situación de servicios especiales, percibiendo el correspondiente complemento por antigüedad.",,,,,,,deputy_000198_interests_registro_intereses_diputado_198.pdf
000199,Puy Fraga,Pedro,Pontevedra,9 de agosto de 2023,,actividades,0.0,,Universidad de Santiago de Compostela,Docencia,"Profesor Titular de la Universidad de Santiago de Compostela, en situación de servicios especiales, percibiendo el correspondiente complemento por antigüedad.",,,,,,,deputy_000199_interests_registro_intereses_diputado_199.pdf
000199,Puy Fraga,Pedro,Pontevedra,9 de agosto de 2023,,otros_intereses,0.0,,,,,,,,,"1. Declaración de Actividades, de 9 de agosto de 2023. 2. La autorización de esta actividad se realiza con la cautela de que no suponga el desempeño de otro puesto público o privado o incurra en algunas de las actividades prohibidas del artículo 159.2 LOREG. 3. Las actividades privadas se autorizan en la medida en que no incurran en los supuestos del artículo 159.2 de la LOREG, con las cautelas de no invocar la condición de parlamentario, no menoscabar la dedicación parlamentaria, y no incurrir en actividades prohibidas del artículo 159.2.",,deputy_000199_interests_registro_intereses_diputado_199.pdf
000200,González Vázquez,Marta,Coruña (A),9 de agosto de 2023,,otros_intereses,0.0,,,,,,,,,"Declaración de Actividades, de 9 de agosto de 2023. La autorización de esta actividad se realiza con la cautela de que no suponga el desempeño de otro puesto público o privado o incurra en algunas de las actividades prohibidas del artículo 159.2 LOREG. Las actividades privadas se autorizan en la medida en que no incurran en los supuestos del artículo 159.2 de la LOREG, con las cautelas de no invocar la condición de parlamentario, no menoscabar la dedicación parlamentaria, y no incurrir en actividades prohibidas del artículo 159.2.",,deputy_000200_interests_registro_intereses_diputado_200.pdf
000201,Pueyo Sanz,Jorge,Zaragoza,9 de agosto de 2023,,,,,,,,,,,,,,deputy_000201_interests_registro_intereses_diputado_201.pdf
000202,Hernando Fraile,Rafael Antonio,Almería,9 de agosto de 2023,,otros_intereses,0.0,,,,,,,,,"La autorización de esta actividad se realiza con la cautela de que no suponga el desempeño de otro puesto público o privado o incurra en algunas de las actividades prohibidas del artículo 159.2 LOREG. Las actividades privadas se autorizan en la medida en que no incurran en los supuestos del artículo 159.2 de la LOREG, con las cautelas de no invocar la condición de parlamentario, no menoscabar la dedicación parlamentaria, y no incurrir en actividades prohibidas del artículo 159.2.",,deputy_000202_interests_registro_intereses_diputado_202.pdf
000203,Méndez Monasterio,Lourdes,Murcia,9 de agosto de 2023,,otros_intereses,0.0,,,,,,,,,"Declaración de Actividades, de 9 de agosto de 2023. La autorización de esta actividad se realiza con la cautela de que no suponga el desempeño de otro puesto público o privado o incurra en algunas de las actividades prohibidas del artículo 159.2 LOREG. Las actividades privadas se autorizan en la medida en que no incurran en los supuestos del artículo 159.2 de la LOREG, con las cautelas de no invocar la condición de parlamentario, no menoscabar la dedicación parlamentaria, y no incurrir en actividades prohibidas del artículo 159.2.",,deputy_000203_interests_registro_intereses_diputado_203.pdf
000204,Moneo Díez,María Sandra,Burgos,9 de agosto de 2023,,,,,,,,,,,,,,deputy_000204_interests_registro_intereses_diputado_204.pdf
000206,Sastre Uyá,Miguel Ángel,Cádiz,9 de agosto de 2023,,actividades,0.0,hasta el 8 de agosto de 2023,Ayuntamiento de Madrid,Personal eventual (Asesor N28) del Grupo Popular,en situación de cese,,,,,,,deputy_000206_interests_registro_intereses_diputado_206.pdf
000206,Sastre Uyá,Miguel Ángel,Cádiz,9 de agosto de 2023,,otros_intereses,0.0,,,,,,,,,"1. Declaración de Actividades, de 9 de agosto de 2023. La autorización de esta actividad se realiza con la cautela de que no suponga el desempeño de otro puesto público o privado o incurra en algunas de las actividades prohibidas del artículo 159.2 LOREG. 2. Las actividades privadas se autorizan en la medida en que no incurran en los supuestos del artículo 159.2 de la LOREG, con las cautelas de no invocar la condición de parlamentario, no menoscabar la dedicación parlamentaria, y no incurrir en actividades prohibidas del artículo 159.2",,deputy_000206_interests_registro_intereses_diputado_206.pdf
000207,Campos Asensi,Jorge,Balears (Illes),9 de agosto de 2023,,,,,,,,,,,,,,deputy_000207_interests_registro_intereses_diputado_207.pdf
000208,Belda Pérez-Pedrero,Enrique,Ciudad Real,9 de agosto de 2023,,actividades,0.0,,Universidad de Castilla-La Mancha (UCLM),Docencia,"Catedrático en su situación de servicios especiales, percibiendo el correspondiente complemento por antigüedad.",,,,,,,deputy_000208_interests_registro_intereses_diputado_208.pdf
000209,Bendodo Benasayag,Elías,Málaga,9 de agosto de 2023,,actividades,0.0,,Universidad de Málaga,Docencia,"Profesor colaborador honorario de la Universidad de Málaga en el Grado en Derecho, Grado en Criminología y Doble Grado en ADE y Derecho, sin remuneración alguna.",,,,,,,deputy_000209_interests_registro_intereses_diputado_209.pdf
000209,Bendodo Benasayag,Elías,Málaga,9 de agosto de 2023,,actividades,1.0,,Partido Popular,Política,"Coordinador General del Partido Popular, percibiendo gastos de representación.",,,,,,,deputy_000209_interests_registro_intereses_diputado_209.pdf
000210,Parra Aparicio,Julia,Alicante/Alacant,9 de agosto de 2023,,actividades,0.0,,Sant Joan d'Alacant,Cargos públicos,"Concejal de Sant Joan d'Alacant (Alicante), sin dedicación exclusiva, sin percibir ningún tipo de remuneración, salvo indemnización por asistencia a órganos de la Corporación.",,,,,,,deputy_000210_interests_registro_intereses_diputado_210.pdf
000211,Melgarejo Moreno,Joaquín,Alicante/Alacant,9 de agosto de 2023,,actividades,0.0,Fecha del acuerdo plenario definitivo: 19.12.2023,Universidad de Alicante,Docencia,"Catedrático de la Universidad de Alicante, en situación de servicios especiales, percibiendo el correspondiente complemento antigüedad desde el 17.08.2023.",,,,,,,deputy_000211_interests_registro_intereses_diputado_211.pdf
000211,Melgarejo Moreno,Joaquín,Alicante/Alacant,9 de agosto de 2023,,actividades,1.0,Fecha del acuerdo plenario definitivo: 19.12.2023,Universidad de Alicante,Investigación,"Investigador de la Universidad de Alicante en el PROYECTO SOS AGRICULTURA XX sin ejercer función de dirección ni percibir remuneración alguna por parte de las empresas que lo financian: Sacyr Agua, Bosonit, Fóra, Aeromedia, VSM (Valoriza Servicios Medioambientales).",,,,,,,deputy_000211_interests_registro_intereses_diputado_211.pdf
000211,Melgarejo Moreno,Joaquín,Alicante/Alacant,9 de agosto de 2023,,otros_intereses,0.0,,,,,,,,,"1. Declaración de Actividades, de 9 de agosto de 2023
2. Declaración de Actividades, de 18 de diciembre de 2023",,deputy_000211_interests_registro_intereses_diputado_211.pdf
000212,Pascual Rocamora,Sandra,Alicante/Alacant,9 de agosto de 2023,,,,,,,,,,,,,,deputy_000212_interests_registro_intereses_diputado_212.pdf
000213,Martínez Labella,Ana,Almería,9 de agosto de 2023,,actividades,0.0,Fecha del acuerdo plenario definitivo: 19.12.2023,Ayuntamiento de Almería,Cargos públicos,"Primer Teniente de Alcalde y Concejal de Presidencia, Planificación y Proyectos Europeos del Ayuntamiento de Almería. Percibe las retribuciones como concejal, habiendo renunciado a las correspondientes como diputada.",,,,,,,deputy_000213_interests_registro_intereses_diputado_213.pdf
000213,Martínez Labella,Ana,Almería,9 de agosto de 2023,,actividades,1.0,Fecha del acuerdo plenario definitivo: 19.12.2023,Ayuntamiento de Almería,Cargos públicos,Renuncia a la condición de Primer Teniente de Alcalde y Concejal en el Ayuntamiento de Almería con fecha 18 de diciembre de 2023.,,,,,,,deputy_000213_interests_registro_intereses_diputado_213.pdf
000213,Martínez Labella,Ana,Almería,9 de agosto de 2023,,actividades,2.0,Fecha del acuerdo plenario definitivo: 19.12.2023,PP de Almería,Cargos en partidos ó grupos parlamentarios,"Titular de la Oficina de Atención al Concejal del PP de Almería, sin remuneración.",,,,,,,deputy_000213_interests_registro_intereses_diputado_213.pdf
000213,Martínez Labella,Ana,Almería,9 de agosto de 2023,,otros_intereses,0.0,,,,,,,,,"1. Declaración de Actividades, de 9 de agosto de 2023
2. Declaración de Actividades, de 19 de diciembre de 2023",,deputy_000213_interests_registro_intereses_diputado_213.pdf
000214,Fernández Ríos,Tomás,Huelva,9 de agosto de 2023,,otros_intereses,0.0,,,,,,,,,"La autorización de esta actividad se realiza con la cautela de que no suponga el desempeño de otro puesto público o privado o incurra en algunas de las actividades prohibidas del artículo 159.2 LOREG. Las actividades privadas se autorizan en la medida en que no incurran en los supuestos del artículo 159.2 de la LOREG, con las cautelas de no invocar la condición de parlamentario, no menoscabar la dedicación parlamentaria, y no incurrir en actividades prohibidas del artículo 159.2.",,deputy_000214_interests_registro_intereses_diputado_214.pdf
000215,Navarro Lacoba,Carmen,Albacete,9 de agosto de 2023,,actividades,0.0,,Comunidad de Madrid,Cuerpo de Abogados,"Funcionaria del Cuerpo de Abogados de la Comunidad de Madrid, en situación de servicios especiales, percibiendo el correspondiente cumplimiento por antigüedad.",,,,,,,deputy_000215_interests_registro_intereses_diputado_215.pdf
000215,Navarro Lacoba,Carmen,Albacete,9 de agosto de 2023,,actividades,1.0,,Partido Popular,Político,"Vicesecretaria de Estudios del Partido Popular, con compensación para gastos de representación.",,,,,,,deputy_000215_interests_registro_intereses_diputado_215.pdf
000216,Montesinos de Miguel,Macarena,Alicante/Alacant,9 de agosto de 2023,,actividades,0.0,,Partido Popular de la Comunidad Valenciana,Cargos en partidos ó grupos parlamentarios,"Vicesecretaria del Partido Popular de la Comunidad Valenciana, sin retribución alguna.",,,,,,,deputy_000216_interests_registro_intereses_diputado_216.pdf
000217,Sánchez Pérez,César,Alicante/Alacant,9 de agosto de 2023,,,,,,,,,,,,,,deputy_000217_interests_registro_intereses_diputado_217.pdf
000218,Martínez Ramírez,Carmen,Valencia/València,10 de agosto de 2023,,actividades,0.0,,Consellería de Sanitat de la Generalitat Valenciana,Sanidad,Plaza estatutaria de Médico de Equipo de Atención Primaria de la Fecha del acuerdo plenario definitivo: 19.12.2023,,,,,,,deputy_000218_interests_registro_intereses_diputado_218.pdf
000218,Martínez Ramírez,Carmen,Valencia/València,10 de agosto de 2023,,actividades,1.0,,Comisión Ejecutiva Nacional del PSOE en la Comunitat Valenciana,Política,"Secretaria de Sanidad y Salud Mental de la Comisión Ejecutiva Nacional del PSOE en la Comunitat Valenciana, sin remuneración.",,,,,,,deputy_000218_interests_registro_intereses_diputado_218.pdf
000219,Sarrià Morell,Vicent Manuel,Valencia/València,10 de agosto de 2023,,actividades,0.0,,"RTVE, Centre Territorial TVE-CV",,Trabajador en situación de excedencia,,,,,,,deputy_000219_interests_registro_intereses_diputado_219.pdf
000219,Sarrià Morell,Vicent Manuel,Valencia/València,10 de agosto de 2023,,actividades,1.0,,PSPV-PSOE,,"Miembro de la Comissió Executiva Nacional PSPV-PSOE, sin retribución",,,,,,,deputy_000219_interests_registro_intereses_diputado_219.pdf
000219,Sarrià Morell,Vicent Manuel,Valencia/València,10 de agosto de 2023,,actividades,2.0,,Medios de comunicación,,"Participación ocasional en tertulias de medios de comunicación, sin retribución",,,,,,,deputy_000219_interests_registro_intereses_diputado_219.pdf
000219,Sarrià Morell,Vicent Manuel,Valencia/València,10 de agosto de 2023,,otros_intereses,0.0,,,,,,,,,"1. Declaración de Actividades, de 10 de agosto de 2023

1. La autorización de esta actividad se realiza con la cautela de que no suponga el desempeño de otro puesto público o privado o incurra en algunas de las actividades prohibidas del artículo 159.2 LOREG.

2. Las actividades privadas se autorizan en la medida en que no incurran en los supuestos del artículo 159.2 de la LOREG, con las cautelas de no invocar la condición de parlamentario, no menoscabar la dedicación parlamentaria, y no incurrir en actividades prohibidas del artículo 159.2 de la LOREG.",,deputy_000219_interests_registro_intereses_diputado_219.pdf
000220,Trenzano Rubio,Marta,Valencia/València,10 de agosto de 2023,,actividades,0.0,Fecha del acuerdo plenario definitivo: 19.12.2023,Ayuntamiento de Algemesí,Cargos públicos,"Regidora Portavoz del Grupo Municipal Socialista en el Ayuntamiento de Algemesí, sin dedicación exclusiva, sin percibir ningún tipo de remuneración, salvo indemnización por asistencia a órganos de la Corporación.",,,,,,,deputy_000220_interests_registro_intereses_diputado_220.pdf
000220,Trenzano Rubio,Marta,Valencia/València,10 de agosto de 2023,,actividades,1.0,Fecha del acuerdo plenario definitivo: 19.12.2023,Federación Valenciana de Municipios y Provincias,Cargos públicos,"Portavoz del Grupo Socialista de la Federación Valenciana de Municipios y Provincias, sin dedicación exclusiva, sin percibir ningún tipo de remuneración.",,,,,,,deputy_000220_interests_registro_intereses_diputado_220.pdf
000220,Trenzano Rubio,Marta,Valencia/València,10 de agosto de 2023,,actividades,2.0,Fecha del acuerdo plenario definitivo: 19.12.2023,Comisión Ejecutiva Nacional PSPV-PSOE,Cargos en partidos ó grupos parlamentarios,"Miembro de la Comisión Ejecutiva Nacional PSPV-PSOE, sin remuneración ni dietas por asistencia.",,,,,,,deputy_000220_interests_registro_intereses_diputado_220.pdf
000221,Granollers Cunillera,Inés,Lleida,10 de agosto de 2023,,actividades,0.0,,Ayuntamiento de Bellpuig,Cargos públicos,"Concejala del Ayuntamiento de Bellpuig (Lleida), sin dedicación a la exclusión de un excompañero de remuneración, salvo indemnización por asistencia a órganos de la Corporación.",,,,,,19.12.2023,deputy_000221_interests_registro_intereses_diputado_221.pdf
000221,Granollers Cunillera,Inés,Lleida,10 de agosto de 2023,,actividades,1.0,,ERC,Cargos en partidos o grupos parlamentarios,"Presidenta Comarcal d'ERC, sin retribución.",,,,,,19.12.2023,deputy_000221_interests_registro_intereses_diputado_221.pdf
000221,Granollers Cunillera,Inés,Lleida,10 de agosto de 2023,,otros_intereses,0.0,,,,,,,,,"Declaración de Actividades, de 10 de agosto de 2023. La autorización de esta actividad se realiza con la cautela de que no suponga el desempeño de otro puesto público o privado o incurra en algunas de las actividades prohibidas del artículo 159.2 LOREG. Las actividades privadas se autorizan en la medida en que no incurran en los supuestos del artículo 159.2 de la LOREG, con las cautelas de no invocar la condición de parlamentario, no menoscabar la dedicación parlamentaria, y no incurrir en actividades prohibidas del artículo 159.2.",19.12.2023,deputy_000221_interests_registro_intereses_diputado_221.pdf
000222,Álvaro Vidal,Francesc-Marc,Barcelona,10 de agosto de 2023,,actividades,0.0,,G.P. Republicano (GR),Cargos en partidos o grupos parlamentarios,,,,,,,,deputy_000222_interests_registro_intereses_diputado_222.pdf
000223,Vallugera Balañá,Pilar,Barcelona,10 de agosto de 2023,,actividades,0.0,,Generalitat de Catalunya,,"Cap de l'Area de Coordinació editorial de l'Emitat Autònoma del 19.12.2023 de la Fècula 1 Publicacions del Departament de la Presidència de la 19.12.2023 Generalitat de Catalunya, en situación de excedencia forzosa, percibiendo el correspondiente complemento por antigüedad.",,,,,,,deputy_000223_interests_registro_intereses_diputado_223.pdf
000224,Jordà i Roura,Teresa,Barcelona,10 de agosto de 2023,,otros_intereses,0.0,,,,,,,,,"La autorización de esta actividad se realiza con la cautela de que no suponga el desempeño de otro puesto público o privado o incurra en algunas de las actividades prohibidas del artículo 159.2 LOREG. Las actividades privadas se autorizan en la medida en que no incurran en los supuestos del artículo 159.2 de la LOREG, con las cautelas de no invocar la condición de parlamentario, no menoscabar la dedicación parlamentaria, y no incurrir en actividades prohibidas del artículo 159.2.",,deputy_000224_interests_registro_intereses_diputado_224.pdf
000225,Martín Urriza,Carlos,Madrid,10 de agosto de 2023,,actividades,0.0,hasta el 16 de agosto de 2023,Comisiones Obreras,,Director del Gabinete Económico de la C.S. de Comisiones Obreras,,,,,,,deputy_000225_interests_registro_intereses_diputado_225.pdf
000228,González Gracia,Juan Antonio,Badajoz,10 de agosto de 2023,,actividades,0.0,,SEPE,,Prestación por desempleo del SEPE julio 2023 (tramitación de la devolución de las cantidades obtenidas).,,,,,,,deputy_000228_interests_registro_intereses_diputado_228.pdf
000228,González Gracia,Juan Antonio,Badajoz,10 de agosto de 2023,,actividades,1.0,,PSOE de Extremadura,,"Secretario de Comunicación del PSOE de Extremadura, sin retribución.",,,,,,,deputy_000228_interests_registro_intereses_diputado_228.pdf
000229,Simancas Simancas,Rafael,Madrid,10 de agosto de 2023,,actividades,0.0,,Secretario de Estado de Relaciones con las Cortes y Asuntos Constitucionales,,"en funciones desde el 23 de julio de 2023, sin percibir remuneración alguna como diputado desde el 21 de julio de 2023.",,,,,,,deputy_000229_interests_registro_intereses_diputado_229.pdf
000229,Simancas Simancas,Rafael,Madrid,10 de agosto de 2023,,actividades,1.0,,Patrono de las Fundaciones Pablo Iglesias y Sistema,,sin percepción económica.,,,,,,,deputy_000229_interests_registro_intereses_diputado_229.pdf
000229,Simancas Simancas,Rafael,Madrid,10 de agosto de 2023,,actividades,2.0,,Autor de libros y publicaciones diversas,,,,,,,,,deputy_000229_interests_registro_intereses_diputado_229.pdf
000231,Rives Arcayna,Caridad,Murcia,10 de agosto de 2023,,actividades,0.0,,Comunidad Autónoma de la Región de Murcia,Cuerpo de Profesores de Secundaria,"Funcionaria de carrera del Cuerpo de Profesores de Secundaria en la Comunidad Autónoma de la Región de Murcia, en situación de servicios especiales, percibiendo el correspondiente complemento por antigüedad desde el 17.08.2023.",,,,,,,deputy_000231_interests_registro_intereses_diputado_231.pdf
000231,Rives Arcayna,Caridad,Murcia,10 de agosto de 2023,,actividades,1.0,,Agrupación de Distrito Cartagena Oeste del PSOE,Partidos políticos,"Secretaria de Organización de la Agrupación de Distrito Cartagena Oeste del PSOE, no remunerado.",,,,,,,deputy_000231_interests_registro_intereses_diputado_231.pdf
000231,Rives Arcayna,Caridad,Murcia,10 de agosto de 2023,,actividades,2.0,,Comisión Ejecutiva Municipal de Cartagena,Partidos políticos,"Secretaria de Educación del PSOE en la Comisión Ejecutiva Municipal de Cartagena, no remunerado.",,,,,,,deputy_000231_interests_registro_intereses_diputado_231.pdf
000232,Gutiérrez Prieto,Sergio,Toledo,10 de agosto de 2023,,actividades,0.0,,Ayuntamiento de Escalona (Toledo),Cargos públicos,"Concejal del Ayuntamiento de Escalona (Toledo), sin remuneración de Fecha del acuerdo plenario definitivo: 19.12.2023 y renunciando a las dietas por asistencia a los órganos de la Corporación.",,,,,,10 de agosto de 2023,deputy_000232_interests_registro_intereses_diputado_232.pdf
000232,Gutiérrez Prieto,Sergio,Toledo,10 de agosto de 2023,,actividades,1.0,,PSOE de Castilla-La Mancha,Cargos en partidos o grupos parlamentarios,"Secretario de Organización del PSOE de Castilla-La Mancha, sin remuneración.",,,,,,10 de agosto de 2023,deputy_000232_interests_registro_intereses_diputado_232.pdf
000234,Cantalapiedra Álvarez,María de las Mercedes,Valladolid,10 de agosto de 2023,,actividades,0.0,,Ayuntamiento de Valladolid,Cargos públicos,"Concejal del Ayuntamiento de Valladolid, sin dedicación exclusiva, Fecha del acuerdo plenario definitivo: 19.12.2023 sin percibir ningún tipo de remuneración, salvo indemnización por asistencia a órganos de la Corporación.",,,,,,,deputy_000234_interests_registro_intereses_diputado_234.pdf
000234,Cantalapiedra Álvarez,María de las Mercedes,Valladolid,10 de agosto de 2023,,actividades,1.0,,Partido Popular de Valladolid,Cargos en partidos ó grupos parlamentarios,"Secretaria General del Partido Popular de Valladolid, sin retribución Fecha del acuerdo plenario definitivo: 19.12.2023 específica.",,,,,,,deputy_000234_interests_registro_intereses_diputado_234.pdf
000234,Cantalapiedra Álvarez,María de las Mercedes,Valladolid,10 de agosto de 2023,,otros_intereses,0.0,,,,,,,,,"1. Declaración de Actividades, de 10 de agosto de 2023. La autorización de esta actividad se realiza con la cautela de que no suponga el desempeño de otro puesto público o privado o incurra en algunas de las actividades prohibidas del artículo 159.2 LOREG. Las actividades privadas se autorizan en la medida en que no incurran en los supuestos del artículo 159.2 de la LOREG, con las cautelas de no invocar la condición de parlamentario, no menoscabar la dedicación parlamentaria, y no incurrir en actividades prohibidas del artículo 159.2.",,deputy_000234_interests_registro_intereses_diputado_234.pdf
000235,Delgado-Taramona Hernández,Jimena,Palmas (Las),10 de agosto de 2023,,actividades,0.0,,Ayuntamiento de Las Palmas de Gran Canaria,Cargos públicos,"Concejal del Ayuntamiento de Las Palmas de Gran Canaria, sin peras del acuerdo plenario definitivo: 19.12.2023, percibir ningún tipo de remuneración, salvo indemnización por asistencia a órganos de la Corporación.",,,,,,,deputy_000235_interests_registro_intereses_diputado_235.pdf
000235,Delgado-Taramona Hernández,Jimena,Palmas (Las),10 de agosto de 2023,,actividades,1.0,,Funcionaria de carrera,Actividades públicas a las que ha renunciado,"Funcionaria de carrera, en situación de servicios especiales, Fecha del acuerdo plenario definitivo: 19.12.2023, percibiendo el correspondiente complemento por antigüedad.",,,,,,,deputy_000235_interests_registro_intereses_diputado_235.pdf
000235,Delgado-Taramona Hernández,Jimena,Palmas (Las),10 de agosto de 2023,,otros_intereses,0.0,,,,,,,,,"Declaración de Actividades, de 10 de agosto de 2023. La autorización de esta actividad se realiza con la cautela de que no suponga el desempeño de otro puesto público o privado o incurra en algunas de las actividades prohibidas del artículo 159.2 LOREG. Las actividades privadas se autorizan en la medida en que no incurran en los supuestos del artículo 159.2 de la LOREG, con las cautelas de no invocar la condición de parlamentario, no menoscabar la dedicación parlamentaria, y no incurrir en actividades prohibidas del artículo 159.2.",,deputy_000235_interests_registro_intereses_diputado_235.pdf
000236,Muñoz Abrines,Pedro,Madrid,10 de agosto de 2023,,otros_intereses,0.0,,,,,,,,,"La autorización de esta actividad se realiza con la cautela de que no suponga el desempeño de otro puesto público o privado o incurra en algunas de las actividades prohibidas del artículo 159.2 LOREG. Las actividades privadas se autorizan en la medida en que no incurran en los supuestos del artículo 159.2 de la LOREG, con las cautelas de no invocar la condición de parlamentario, no menoscabar la dedicación parlamentaria, y no incurrir en actividades prohibidas del artículo 159.2.",,deputy_000236_interests_registro_intereses_diputado_236.pdf
000238,Rego Candamil,Néstor,Coruña (A),10 de agosto de 2023,,actividades,0.0,,Consellería de Educación de la Xunta de Galicia,Educación,"Profesor de Educación Secundaria en situación de servicios especiales, percibiendo el correspondiente complemento por antigüedad.",,,,,,,deputy_000238_interests_registro_intereses_diputado_238.pdf
000239,Gavin i Valls,Isidre,Lleida,10 de agosto de 2023,,actividades,0.0,,Cimalsa,empresa pública,Director de negocio en la empresa pública Cimalsa. Renuncia a través de excedencia forzosa a la retribución de la empresa a partir del 11 de agosto de 2023 pidiendo que la retribución del Congreso sea a partir del 12 de agosto de 2023.,,,,,,,deputy_000239_interests_registro_intereses_diputado_239.pdf
000241,Nogueras i Camero,Míriam,Barcelona,10 de agosto de 2023,,actividades,0.0,,Junts per Catalunya,Cargos en partidos ó grupos parlamentarios,"Miembro de la dirección del partido Junts per Catalunya, sin retribución.",,,,,,,deputy_000241_interests_registro_intereses_diputado_241.pdf
000242,Cervera Pinart,Josep Maria,Girona,10 de agosto de 2023,,actividades,0.0,,Ayuntamiento del Port de la Selva (Girona),Cargos públicos,"Alcalde del Ayuntamiento del Port de la Selva (Girona), sin percibir ningún tipo de remuneración, salvo indemnización por asistencia a órganos de la Corporación.",,,,,,,deputy_000242_interests_registro_intereses_diputado_242.pdf
000242,Cervera Pinart,Josep Maria,Girona,10 de agosto de 2023,,otros_intereses,0.0,,,,,,,,,"1. Declaración de Actividades, de 10 de agosto de 2023
2. Declaración de Actividades, de 6 de marzo de 2024
* La autorización de esta actividad se realiza con la cautela de que no suponga el desempeño de otro puesto público o privado o incurra en algunas de las actividades prohibidas del artículo 159.2 LOREG
* Las actividades privadas se autorizan en la medida en que no incurran en los supuestos del artículo 159.2 de la LOREG, con las cautelas de no invocar la condición de parlamentario, no menoscabar la dedicación parlamentaria, y no incurrir en actividades prohibidas del artículo 159.2",,deputy_000242_interests_registro_intereses_diputado_242.pdf
000243,Calvo Gómez,Pilar,Barcelona,10 de agosto de 2023,,actividades,0.0,,"Oppshunter, Consulting, Networking & Communication",,"Partner en la consultora Oppshunter, Consulting, Networking & Communication, sin relación laboral o retribución ninguna.",,,,,,,deputy_000243_interests_registro_intereses_diputado_243.pdf
000243,Calvo Gómez,Pilar,Barcelona,10 de agosto de 2023,,otros_intereses,0.0,,,,,,,,,"La autorización de esta actividad se realiza con la cautela de que no suponga el desempeño de otro puesto público o privado o incurra en algunas de las actividades prohibidas del artículo 159.2 LOREG. Las actividades privadas se autorizan en la medida en que no incurran en los supuestos del artículo 159.2 de la LOREG, con las cautelas de no invocar la condición de parlamentario, no menoscabar la dedicación parlamentaria, y no incurrir en actividades prohibidas del artículo 159.2.",,deputy_000243_interests_registro_intereses_diputado_243.pdf
000244,Cruset Domènech,Josep Maria,Tarragona,10 de agosto de 2023,,actividades,0.0,,Diputación de Tarragona,Funcionario,"en situación de servicios especiales, percibiendo el correspondiente complemento por antigüedad.",,,,,,,deputy_000244_interests_registro_intereses_diputado_244.pdf
000244,Cruset Domènech,Josep Maria,Tarragona,10 de agosto de 2023,,actividades,1.0,,Junts per Catalunya,Vicepresidente del Consell Nacional,sin retribución.,,,,,,,deputy_000244_interests_registro_intereses_diputado_244.pdf
000245,Madrenas i Mir,Marta,Girona,10 de agosto de 2023,,actividades,0.0,,Parlament de Catalunya,,"Diputada del Parlament de Catalunya, con baja el 16 de agosto de 2023. Fecha del acuerdo plenario definitivo: 19.12.2023.",,,,,,,deputy_000245_interests_registro_intereses_diputado_245.pdf
000245,Madrenas i Mir,Marta,Girona,10 de agosto de 2023,,actividades,1.0,,Junts per Catalunya,,"Miembro de la Ejecutiva Nacional de Junts per Catalunya, sin remuneración ni gastos compensados.",,,,,,,deputy_000245_interests_registro_intereses_diputado_245.pdf
000245,Madrenas i Mir,Marta,Girona,10 de agosto de 2023,,otros_intereses,0.0,,,,,,,,,"Declaración de Actividades, de 10 de agosto de 2023. La autorización de esta actividad se realiza con la cautela de que no suponga el desempeño de otro puesto público o privado o incurra en algunas de las actividades prohibidas del artículo 159.2 LOREG. Las actividades privadas se autorizan en la medida en que no incurran en los supuestos del artículo 159.2 de la LOREG, con las cautelas de no invocar la condición de parlamentario, no menoscabar la dedicación parlamentaria, y no incurrir en actividades prohibidas del artículo 159.2.",,deputy_000245_interests_registro_intereses_diputado_245.pdf
000246,Reynal Reillo,Esperanza,Valencia/València,10 de agosto de 2023,,actividades,0.0,Fecha del acuerdo plenario definitivo: 19.12.2023,Consellería de Sanidad de Valencia,Cargos públicos,Cese como miembro del Tribunal de la OPE de Ginecología al haber finalizado la baremación de méritos de opositores.,,,,,,,deputy_000246_interests_registro_intereses_diputado_246.pdf
000246,Reynal Reillo,Esperanza,Valencia/València,10 de agosto de 2023,,actividades,1.0,Fecha del acuerdo plenario definitivo: 19.12.2023,Consellería de Sanidad de Valencia,Actividades públicas a las que ha renunciado,"Personal estatutario, Médico especialista de Ginecología en situación de servicios especiales, percibiendo el correspondiente complemento por antigüedad desde el 10.08.2023.",,,,,,,deputy_000246_interests_registro_intereses_diputado_246.pdf
000246,Reynal Reillo,Esperanza,Valencia/València,10 de agosto de 2023,,actividades,2.0,Fecha del acuerdo plenario definitivo: 19.12.2023,Escuela Valenciana de Estudios en Salud Pública,Actividades docentes extraordinarias,Docencia esporádica.,,,,,,,deputy_000246_interests_registro_intereses_diputado_246.pdf
000246,Reynal Reillo,Esperanza,Valencia/València,10 de agosto de 2023,,actividades,3.0,Fecha del acuerdo plenario definitivo: 19.12.2023,Consellería de Sanidad de Valencia,Actividades docentes extraordinarias,Miembro del tribunal OPE Ginecología.,,,,,,,deputy_000246_interests_registro_intereses_diputado_246.pdf
000246,Reynal Reillo,Esperanza,Valencia/València,10 de agosto de 2023,,actividades,4.0,Fecha del acuerdo plenario definitivo: 19.12.2023,PPCV,Cargos en partidos ó grupos parlamentarios,"Secretaria de Derechos Sanitarios y Sociales del PPCV, sin retribución.",,,,,,,deputy_000246_interests_registro_intereses_diputado_246.pdf
000246,Reynal Reillo,Esperanza,Valencia/València,10 de agosto de 2023,,actividades,5.0,Fecha del acuerdo plenario definitivo: 19.12.2023,Generalitat Valenciana,Actividades privadas autorizadas,Alta como agricultora al 50% con su hermana (campo de producción de caquis) con una subvención única de la PAC de la Generalitat Valenciana.,,,,,,,deputy_000246_interests_registro_intereses_diputado_246.pdf
000247,Gil Santiago,Carlos,Valencia/València,10 de agosto de 2023,,actividades,0.0,,Benavites (Valencia),Cargos públicos,"Alcalde de Benavites (Valencia), sin percepción económica y sin dedicación exclusiva.",,,,,,,deputy_000247_interests_registro_intereses_diputado_247.pdf
000247,Gil Santiago,Carlos,Valencia/València,10 de agosto de 2023,,actividades,1.0,,Universidad Politécnica de Valencia,Actividades docentes extraordinarias,"Profesor Asociado en la Universidad Politécnica de Valencia, solicitando compatibilidad para continuar en el ejercicio de la docencia.",,,,,,,deputy_000247_interests_registro_intereses_diputado_247.pdf
000247,Gil Santiago,Carlos,Valencia/València,10 de agosto de 2023,,actividades,2.0,,Partido Popular,Cargos en partidos ó grupos parlamentarios,"Coordinador General del Partido Popular en la provincia de Valencia, sin retribución.",,,,,,,deputy_000247_interests_registro_intereses_diputado_247.pdf
000247,Gil Santiago,Carlos,Valencia/València,10 de agosto de 2023,,otros_intereses,0.0,,,,,,,,,"1. Declaración de Actividades, de 10 de agosto de 2023. * La autorización de esta actividad se realiza con la cautela de que no suponga el desempeño de otro puesto público o privado o incurra en algunas de las actividades prohibidas del artículo 159.2 LOREG. * Las actividades privadas se autorizan en la medida en que no incurran en los supuestos del artículo 159.2 de la LOREG, con las cautelas de no invocar la condición de parlamentario, no menoscabar la dedicación parlamentaria, y no incurrir en actividades prohibidas del artículo 159.2",,deputy_000247_interests_registro_intereses_diputado_247.pdf
000248,Rosa Torner,Fernando,Valencia/València,10 de agosto de 2023,,actividades,0.0,,Carrera Judicial,,"en situación de servicios especiales, percibiendo el correspondiente complemento por antigüedad.",,,,,,10 de agosto de 2023,deputy_000248_interests_registro_intereses_diputado_248.pdf
000248,Rosa Torner,Fernando,Valencia/València,10 de agosto de 2023,,actividades,1.0,,Partido Popular,,"Vicesecretario Institucional del Partido Popular en la provincia de València, sin retribución.",,,,,,10 de agosto de 2023,deputy_000248_interests_registro_intereses_diputado_248.pdf
000248,Rosa Torner,Fernando,Valencia/València,10 de agosto de 2023,,actividades,2.0,,Partido Popular,,Miembro de la Junta Directiva Nacional del Partido Popular.,,,,,,10 de agosto de 2023,deputy_000248_interests_registro_intereses_diputado_248.pdf
000249,Armario González,Blanca,Cádiz,10 de agosto de 2023,,actividades,0.0,,VOX,Cargo en partido político,"Cargo orgánico en el partido VOX, sin remuneración.",,,,,,,deputy_000249_interests_registro_intereses_diputado_249.pdf
000250,Navarro López,Pedro,Zaragoza,10 de agosto de 2023,,actividades,0.0,Fecha del acuerdo plenario definitivo: 19.12.2023,Congregación de Sacerdotes C.J. (ESIC),Docencia,"Profesor del Grado universitario de Marketing (asignatura Entorno Jurídico de la Empresa, en la Escuela Superior de Gestión Comercial y Marketing",,,,,,,deputy_000250_interests_registro_intereses_diputado_250.pdf
000250,Navarro López,Pedro,Zaragoza,10 de agosto de 2023,,otros_intereses,0.0,,,,,,,,,"1. La autorización de esta actividad se realiza con la cautela de que no suponga el desempeño de otro puesto público o privado o incurra en algunas de las actividades prohibidas del artículo 159.2 LOREG. 2. Las actividades privadas se autorizan en la medida en que no incurran en los supuestos del artículo 159.2 de la LOREG, con las cautelas de no invocar la condición de parlamentario, no menoscabar la dedicación parlamentaria, y no incurrir en actividades prohibidas del artículo 159.2 de la LOREG.",,deputy_000250_interests_registro_intereses_diputado_250.pdf
000252,Alfonso Cendón,Javier,León,10 de agosto de 2023,,actividades,0.0,,Universidad de León,Docencia,"Profesor Titular en la Universidad de León, en situación de servicios especiales, percibiendo el correspondiente complemento por antigüedad.",,,,,,,deputy_000252_interests_registro_intereses_diputado_252.pdf
000252,Alfonso Cendón,Javier,León,10 de agosto de 2023,,actividades,1.0,,PSOE de León,Política,"Secretario General del PSOE de León, sin remuneración.",,,,,,,deputy_000252_interests_registro_intereses_diputado_252.pdf
000253,Bolaños García,Félix,Madrid,10 de agosto de 2023,,actividades,0.0,,"Ministro de la Presidencia, Relaciones con las Cortes y Memoria Democrática",,,,,,,,,deputy_000253_interests_registro_intereses_diputado_253.pdf
000253,Bolaños García,Félix,Madrid,10 de agosto de 2023,,actividades,1.0,,Jefe de la División de Asesoría Jurídica Laboral y Documentación Jurídica del Banco de España,,en situación de excedencia forzosa,,,,,,,deputy_000253_interests_registro_intereses_diputado_253.pdf
000253,Bolaños García,Félix,Madrid,10 de agosto de 2023,,actividades,2.0,,Secretario para la Reforma Constitucional y Nuevos Derechos de la Comisión Ejecutiva Federal del PSOE,,sin percibir remuneración alguna,,,,,,,deputy_000253_interests_registro_intereses_diputado_253.pdf
000253,Bolaños García,Félix,Madrid,10 de agosto de 2023,,otros_intereses,0.0,,,,,,,,,"1. Declaración de Actividades, de 10 de agosto de 2023. 1 La autorización de esta actividad se realiza con la cautela de que no suponga el desempeño de otro puesto público o privado o incurra en algunas de las actividades prohibidas del artículo 159.2 LOREG. 2 Las actividades privadas se autorizan en la medida en que no incurran en los supuestos del artículo 159.2 de la LOREG, con las cautelas de no invocar la condición de parlamentario, no menoscabar la dedicación parlamentaria, y no incurrir en actividades prohibidas del artículo 159.2",,deputy_000253_interests_registro_intereses_diputado_253.pdf
000254,Silvestre,Alma Alfonso,Valencia/València,10 de agosto de 2023,,actividades,0.0,,PP de Valencia,Cargos en partidos ó grupos parlamentarios,"Miembro de la Junta Directiva y del Comité Ejecutivo del PP de Valencia como Secretaria Ejecutiva de economía, pymes y autónomos de la Vicesecretaria Sectorial, sin remuneración ni dietas ni indemnizaciones por asistencia.",,,,,,,deputy_000254_interests_registro_intereses_diputado_254.pdf
000254,Silvestre,Alma Alfonso,Valencia/València,10 de agosto de 2023,,actividades,1.0,,PP CV,Cargos en partidos ó grupos parlamentarios,"Miembro del Comité Ejecutivo Autonómico del PP CV como Vicesecretaria de empleo, emprendimiento e infraestructuras; Secretaría de autónomos, sin remuneración ni dietas ni indemnizaciones por asistencia.",,,,,,,deputy_000254_interests_registro_intereses_diputado_254.pdf
000254,Silvestre,Alma Alfonso,Valencia/València,10 de agosto de 2023,,actividades,2.0,,ATA CV,Actividades privadas autorizadas,"Miembro de la junta directiva de ATA CV, sin remuneración ni dietas ni indemnizaciones por asistencia.",,,,,,,deputy_000254_interests_registro_intereses_diputado_254.pdf
000255,Mariscal Anaya,Guillermo,Palmas (Las),10 de agosto de 2023,,,,,,,,,,,,,,deputy_000255_interests_registro_intereses_diputado_255.pdf
000256,Rodríguez Almeida,Andrés Alberto,Palmas (Las),10 de agosto de 2023,,actividades,0.0,,Ayuntamiento de Las Palmas de Gran Canaria,Cargos públicos,"Concejal del Ayuntamiento de Las Palmas de Gran Canaria, sin dedicación exclusiva, sin percibir ningún tipo de remuneración, salvo indemnización por asistencia a órganos de la Corporación.",,,,,,,deputy_000256_interests_registro_intereses_diputado_256.pdf
000257,Taboadela Álvarez,Obdulia,Coruña (A),11 de agosto de 2023,,actividades,0.0,,Embajada de España en Polonia,Educación,Consejera de Educación,,,,,,,deputy_000257_interests_registro_intereses_diputado_257.pdf
000257,Taboadela Álvarez,Obdulia,Coruña (A),11 de agosto de 2023,,actividades,1.0,,Universidad de A Coruña,Educación,Profesora Titular,,,,,,,deputy_000257_interests_registro_intereses_diputado_257.pdf
000257,Taboadela Álvarez,Obdulia,Coruña (A),11 de agosto de 2023,,actividades,2.0,,PSdG-PSOE,Política,"Miembro del Comité Nacional del PSdG-PSOE, sin retribución",,,,,,,deputy_000257_interests_registro_intereses_diputado_257.pdf
000257,Taboadela Álvarez,Obdulia,Coruña (A),11 de agosto de 2023,,otros_intereses,0.0,,,,,,,,,Ocasionalmente impartición de conferencias y participación en coloquios con posibilidad de retribución.,,deputy_000257_interests_registro_intereses_diputado_257.pdf
000258,Sémper Pascual,Borja,Madrid,11 de agosto de 2023,,actividades,0.0,,Partido Popular,,"Trabajador por cuenta ajena del Partido Popular, hasta el 16 de agosto de 2023.",,,,,,,deputy_000258_interests_registro_intereses_diputado_258.pdf
000259,Aragonés Mendiguchía,Carlos,Madrid,11 de agosto de 2023,,otros_intereses,0.0,,,,,,,,,"La autorización de esta actividad se realiza con la cautela de que no suponga el desempeño de otro puesto público o privado o incurra en algunas de las actividades prohibidas del artículo 159.2 LOREG. Las actividades privadas se autorizan en la medida en que no incurran en los supuestos del artículo 159.2 de la LOREG, con las cautelas de no invocar la condición de parlamentario, no menoscabar la dedicación parlamentaria, y no incurrir en actividades prohibidas del artículo 159.2.",,deputy_000259_interests_registro_intereses_diputado_259.pdf
000260,Madrid Olmo,Bartolomé,Córdoba,11 de agosto de 2023,,actividades,0.0,hasta el 10 de agosto de 2023,Alcalde de Añora (Córdoba),Cargos públicos,"con dedicación exclusiva, sin percibir ningún tipo de remuneración, salvo indemnización por asistencia a órganos de la Corporación.",,,,,,,deputy_000260_interests_registro_intereses_diputado_260.pdf
000260,Madrid Olmo,Bartolomé,Córdoba,11 de agosto de 2023,,actividades,1.0,,Presidente del Consejo de Alcaldes del PP de Córdoba,Cargos en partidos ó grupos parlamentarios,sin retribución.,,,,,,,deputy_000260_interests_registro_intereses_diputado_260.pdf
000260,Madrid Olmo,Bartolomé,Córdoba,11 de agosto de 2023,,actividades,2.0,,Secretaria de Ganadería del PP de Andalucía,Cargos en partidos ó grupos parlamentarios,sin retribución.,,,,,,,deputy_000260_interests_registro_intereses_diputado_260.pdf
000260,Madrid Olmo,Bartolomé,Córdoba,11 de agosto de 2023,,otros_intereses,0.0,,,,,,,,,"1. Declaración de Actividades, de 11 de agosto de 2023. 1. La autorización de esta actividad se realiza con la cautela de que no suponga el desempeño de otro puesto público o privado o incurra en algunas de las actividades prohibidas del artículo 159.2 LOREG. 2. Las actividades privadas se autorizan en la medida en que no incurran en los supuestos del artículo 159.2 de la LOREG, con las cautelas de no invocar la condición de parlamentario, no menoscabar la dedicación parlamentaria, y no incurrir en actividades prohibidas del artículo 159.2.",,deputy_000260_interests_registro_intereses_diputado_260.pdf
000262,Belarra Urteaga,Ione,Madrid,11 de agosto de 2023,,otros_intereses,0.0,,,,,,,,,"1. Declaración de Actividades, de 11 de agosto de 2023. 1. La autorización de esta actividad se realiza con la cautela de que no suponga el desempeño de otro puesto público o privado o incurra en algunas de las actividades prohibidas del artículo 159.2 LOREG. 2. Las actividades privadas se autorizan en la medida en que no incurran en los supuestos del artículo 159.2 de la LOREG, con las cautelas de no invocar la condición de parlamentario, no menoscabar la dedicación parlamentaria, y no incurrir en actividades prohibidas del artículo 159.2.",,deputy_000262_interests_registro_intereses_diputado_262.pdf
000263,Mariscal Zabala,Manuel,Toledo,11 de agosto de 2023,,actividades,0.0,,VOX,Cargos en partidos ó grupos parlamentarios,"Vicesecretario Nacional de Comunicación de VOX, con Fecha del acuerdo plenario definitivo: 19.12.2023 remuneración.",,,,,,,deputy_000263_interests_registro_intereses_diputado_263.pdf
000264,López Cano,Ignacio,Málaga,11 de agosto de 2023,,actividades,0.0,,Comisión Ejecutiva Regional del PSOE de Andalucía,Cargos en partidos ó grupos parlamentarios,"Miembro de la Comisión Ejecutiva Regional del PSOE de Andalucía, sin remuneración.",,,,,,,deputy_000264_interests_registro_intereses_diputado_264.pdf
000264,López Cano,Ignacio,Málaga,11 de agosto de 2023,,otros_intereses,0.0,,,,,,,,,"1. La autorización de esta actividad se realiza con la cautela de que no suponga el desempeño de otro puesto público o privado o incurra en algunas de las actividades prohibidas del artículo 159.2 LOREG.
2. Las actividades privadas se autorizan en la medida en que no incurran en los supuestos del artículo 159.2 de la LOREG, con las cautelas de no invocar la condición de parlamentario, no menoscabar la dedicación parlamentaria, y no incurrir en actividades prohibidas del artículo 159.2.",,deputy_000264_interests_registro_intereses_diputado_264.pdf
000266,García Adanero,Carlos,Madrid,11 de agosto de 2023,,actividades,0.0,,Ayuntamiento de Pamplona,Cargos públicos,"Concejal del Ayuntamiento de Pamplona, sin dedicación exclusiva, Fecha del acuerdo plenario definitivo: 19.12.2023 sin percibir ningún tipo de remuneración, salvo indemnización por asistencia a órganos de la Corporación.",,,,,,,deputy_000266_interests_registro_intereses_diputado_266.pdf
000266,García Adanero,Carlos,Madrid,11 de agosto de 2023,,otros_intereses,0.0,,,,,,,,,"Declaración de Actividades, de 11 de agosto de 2023. La autorización de esta actividad se realiza con la cautela de que no suponga el desempeño de otro puesto público o privado o incurra en algunas de las actividades prohibidas del artículo 159.2 LOREG. Las actividades privadas se autorizan en la medida en que no incurran en los supuestos del artículo 159.2 de la LOREG, con las cautelas de no invocar la condición de parlamentario, no menoscabar la dedicación parlamentaria, y no incurrir en actividades prohibidas del artículo 159.2",,deputy_000266_interests_registro_intereses_diputado_266.pdf
000268,Sierra Caballero,Francisco,Sevilla,14 de agosto de 2023,,actividades,0.0,,Universidad de Sevilla,Funcionario público,"en situación de servicios especiales, percibiendo el correspondiente complemento por antigüedad.",,,,,,,deputy_000268_interests_registro_intereses_diputado_268.pdf
000268,Sierra Caballero,Francisco,Sevilla,14 de agosto de 2023,,actividades,1.0,,"Editorial Akal, UOC y Siglo XXI",Autor,Edición de textos científicos.,,,,,,,deputy_000268_interests_registro_intereses_diputado_268.pdf
000268,Sierra Caballero,Francisco,Sevilla,14 de agosto de 2023,,actividades,2.0,,Fundación de Investigaciones Marxistas,Director de la Sección de Comunicación y Cultura,"sin remuneración, se cubren desplazamientos para las reuniones científicas.",,,,,,,deputy_000268_interests_registro_intereses_diputado_268.pdf
000269,Alonso Cantorné,Félix,Tarragona,14 de agosto de 2023,,actividades,0.0,,Ediciones Deportivas Catalanas,,Jefe de Sección de Ediciones Deportivas Catalanas. Cesado por despido improcedente el 12 de julio de 2023. Percibiendo en concepto prorrateado una indemnización durante 12 meses.,,,,,,,deputy_000269_interests_registro_intereses_diputado_269.pdf
000270,De los Santos González,Jaime Miguel,Madrid,14 de agosto de 2023,,actividades,0.0,,Partido Popular,Cargos en partidos o grupos parlamentarios,Secretario Nacional de Cultura del Partido Popular. Fecha del acuerdo plenario definitivo: 19.12.2023,,,,,,,deputy_000270_interests_registro_intereses_diputado_270.pdf
000270,De los Santos González,Jaime Miguel,Madrid,14 de agosto de 2023,,otros_intereses,0.0,,,,,,,,,"1. Declaración de Actividades, de 14 de agosto de 2023. 2. La autorización de esta actividad se realiza con la cautela de que no suponga el desempeño de otro puesto público o privado o incurra en algunas de las actividades prohibidas del artículo 159.2 LOREG. 3. Las actividades privadas se autorizan en la medida en que no incurran en los supuestos del artículo 159.2 de la LOREG, con las cautelas de no invocar la condición de parlamentario, no menoscabar la dedicación parlamentaria, y no incurrir en actividades prohibidas del artículo 159.2.",,deputy_000270_interests_registro_intereses_diputado_270.pdf
000271,Narbona Ruiz,Cristina,Madrid,14 de agosto de 2023,,actividades,0.0,,Partido Socialista Obrero Español (PSOE),,"Presidente del Partido Socialista Obrero Español (PSOE), sin percibir retribución económica alguna.",,,,,,,deputy_000271_interests_registro_intereses_diputado_271.pdf
000271,Narbona Ruiz,Cristina,Madrid,14 de agosto de 2023,,actividades,1.0,,Fundación Pablo Iglesias,,"Patrona de la Fundación Pablo Iglesias, sin percibir retribución alguna.",,,,,,,deputy_000271_interests_registro_intereses_diputado_271.pdf
000272,Guinart Moreno,Lidia,Barcelona,14 de agosto de 2023,,actividades,0.0,,Federación del Barcelonés Nord del PSC,,"Cargo orgánico en la Federación del Barcelonés Nord del PSC, sin remuneración.",,,,,,,deputy_000272_interests_registro_intereses_diputado_272.pdf
000272,Guinart Moreno,Lidia,Barcelona,14 de agosto de 2023,,actividades,1.0,,Consell Nacional del PSC,,"Miembro del Consell Nacional del PSC, sin remuneración.",,,,,,,deputy_000272_interests_registro_intereses_diputado_272.pdf
000273,Azorín Salar,Lázaro,Alicante/Alacant,14 de agosto de 2023,,actividades,0.0,Fechas del acuerdo plenario definitivo: 19.12.2023,Alcalde de Pinoso (Valencia),Cargos públicos,"sin dedicación exclusiva, sin percibir en ningún tipo de remuneración, salvo indemnización por asistencia a órganos de la Corporación.",,,,,,,deputy_000273_interests_registro_intereses_diputado_273.pdf
000273,Azorín Salar,Lázaro,Alicante/Alacant,14 de agosto de 2023,,actividades,1.0,Fecha del acuerdo plenario definitivo: 19.12.2023,Maestro de Educación Primaria,Actividades públicas a las que ha renunciado,"en situación de servicios especiales, percibiendo el correspondiente complemento por antigüedad.",,,,,,,deputy_000273_interests_registro_intereses_diputado_273.pdf
000273,Azorín Salar,Lázaro,Alicante/Alacant,14 de agosto de 2023,,actividades,2.0,Fecha del acuerdo plenario definitivo: 19.12.2023,Secretario de Coordinación Comarcal de la CEP del PSOE,Cargos en partidos ó grupos parlamentarios,sin remuneración.,,,,,,,deputy_000273_interests_registro_intereses_diputado_273.pdf
000276,Clemente Muñoz,Raquel,Teruel,14 de agosto de 2023,,actividades,0.0,,Corporación de Celadas (Teruel),Cargos públicos,"Alcaldesa de Celadas (Teruel), sin dedicación exclusiva, sin percibir ningún tipo de remuneración, salvo indemnización por asistencia a órganos de la Corporación.",,,,,,,deputy_000276_interests_registro_intereses_diputado_276.pdf
000276,Clemente Muñoz,Raquel,Teruel,14 de agosto de 2023,,actividades,1.0,,Diputación Provincial de Teruel,Cargos públicos,"Diputada provincial de Teruel, sin dedicación exclusiva.",,,,,,,deputy_000276_interests_registro_intereses_diputado_276.pdf
000276,Clemente Muñoz,Raquel,Teruel,14 de agosto de 2023,,actividades,2.0,,Partido Popular,Cargos en partidos o grupos parlamentarios,"Secretaria Nacional de Reto Demográfico del Partido Popular, sin retribución.",,,,,,,deputy_000276_interests_registro_intereses_diputado_276.pdf
000277,Herrero Bono,José Alberto,Teruel,14 de agosto de 2023,,actividades,0.0,,Alcalde en Calanda (Teruel),Cargos públicos,"sin dedicación exclusiva, sin percibir ningún tipo de remuneración, salvo indemnización por asistencia a órganos de la Corporación",,,,,,19.12.2023,deputy_000277_interests_registro_intereses_diputado_277.pdf
000277,Herrero Bono,José Alberto,Teruel,14 de agosto de 2023,,actividades,1.0,,Vicesecretario del PP de Teruel,Cargos en partidos o grupos parlamentarios,sin retribución,,,,,,19.12.2023,deputy_000277_interests_registro_intereses_diputado_277.pdf
000277,Herrero Bono,José Alberto,Teruel,14 de agosto de 2023,,otros_intereses,0.0,,,,,,,,,"Declaración de Actividades, de 14 de agosto de 2023. La autorización de esta actividad se realiza con la cautela de que no suponga el desempeño de otro puesto público o privado o incurra en algunas de las actividades prohibidas del artículo 159.2 LOREG. Las actividades privadas se autorizan en la medida en que no incurran en los supuestos del artículo 159.2 de la LOREG, con las cautelas de no invocar la condición de parlamentario, no menoscabar la dedicación parlamentaria, y no incurrir en actividades prohibidas del artículo 159.2",19.12.2023,deputy_000277_interests_registro_intereses_diputado_277.pdf
000281,Sánchez Sierra,María del Mar,Madrid,14 de agosto de 2023,,actividades,0.0,,Partido Popular,,"Directora de Proyección e Imagen del Partido Popular, solicitando el cese con fecha 16 de agosto de 2023.",,,,,,,deputy_000281_interests_registro_intereses_diputado_281.pdf
000281,Sánchez Sierra,María del Mar,Madrid,14 de agosto de 2023,,actividades,1.0,,"Sociedad Inpronosa Inversiones, S.L.",,"Presidente del Consejo de Administración Sociedad Inpronosa Inversiones, S.L., sin remunerar. Actualmente ningún tipo de relación con la Administración Pública.",,,,,,,deputy_000281_interests_registro_intereses_diputado_281.pdf
000281,Sánchez Sierra,María del Mar,Madrid,14 de agosto de 2023,,otros_intereses,0.0,,,,,,,,,"1. La autorización de esta actividad se realiza con la cautela de que no suponga el desempeño de otro puesto público o privado o incurra en algunas de las actividades prohibidas del artículo 159.2 LOREG.
2. Las actividades privadas se autorizan en la medida en que no incurran en los supuestos del artículo 159.2 de la LOREG, con las cautelas de no invocar la condición de parlamentario, no menoscabar la dedicación parlamentaria, y no incurrir en actividades prohibidas del artículo 159.2.",,deputy_000281_interests_registro_intereses_diputado_281.pdf
000282,Carazo Hermoso,Eduardo,Valladolid,14 de agosto de 2023,,actividades,0.0,,Partido Popular,Cargos en partidos o grupos parlamentarios,"Coordinador Territorial del Partido Popular, sin retribución.",,,,,,,deputy_000282_interests_registro_intereses_diputado_282.pdf
000283,Ruiz Solás,María de la Cabeza,Diputada por Madrid,14 de agosto de 2023,,actividades,0.0,,VOX,Cargos en partidos ó grupos parlamentarios,"Vicesecretaria de Organización Territorial del partido VOX, con Fecha del acuerdo plenario definitivo: 19.12.2023 remuneración.",,,,,,,deputy_000283_interests_registro_intereses_diputado_283.pdf
000284,De Meer Méndez,Rocío,Almería,14 de agosto de 2023,,actividades,0.0,,VOX,Cargos en partidos o grupos parlamentarios,Vocal del Comité Ejecutivo Nacional de VOX.,,,,,,,deputy_000284_interests_registro_intereses_diputado_284.pdf
000287,Matute García de Jalón,Oskar,Bizkaia,14 de agosto de 2023,,actividades,0.0,,Onda Vasca,,"Tertulia semanal en Onda Vasca, sin retribución.",,,,,,,deputy_000287_interests_registro_intereses_diputado_287.pdf
000288,Pozueta Fernández,Isabel,Navarra,14 de agosto de 2023,,,,,,,,,,,,,,deputy_000288_interests_registro_intereses_diputado_288.pdf
000290,Iñarritu García,Jon,Gipuzkoa,14 de agosto de 2023,,otros_intereses,0.0,,,,,,,,,"La autorización de esta actividad se realiza con la cautela de que no suponga el desempeño de otro puesto público o privado o incurra en algunas de las actividades prohibidas del artículo 159.2 LOREG. Las actividades privadas se autorizan en la medida en que no incurran en los supuestos del artículo 159.2 de la LOREG, con las cautelas de no invocar la condición de parlamentario, no menoscabar la dedicación parlamentaria, y no incurrir en actividades prohibidas del artículo 159.2.",,deputy_000290_interests_registro_intereses_diputado_290.pdf
000291,Fullaondo la Cruz,Marije,Bizkaia,14 de agosto de 2023,,actividades,0.0,Fecha del acuerdo plenario definitivo: 19.12.2023,Ayuntamiento de Errigoiti (Bizkaia),Cargos públicos,"Concejala del Ayuntamiento de Errigoiti (Bizkaia), sin ningún tipo de remuneración.",,,,,,,deputy_000291_interests_registro_intereses_diputado_291.pdf
000291,Fullaondo la Cruz,Marije,Bizkaia,14 de agosto de 2023,,actividades,1.0,Fecha del acuerdo plenario definitivo: 19.12.2023,Ayuntamiento de Errigoiti,Actividades públicas a las que ha renunciado,Renuncia al acta de concejala del Ayuntamiento de Errigoiti desde el mes de septiembre.,,,,,,,deputy_000291_interests_registro_intereses_diputado_291.pdf
000291,Fullaondo la Cruz,Marije,Bizkaia,14 de agosto de 2023,,actividades,2.0,Fecha del acuerdo plenario definitivo: 19.12.2023,Gobierno Vasco,Actividades públicas a las que ha renunciado,"Funcionaria interina del Gobierno Vasco, en situación de servicios especiales, percibiendo el correspondiente complemento por antigüedad.",,,,,,,deputy_000291_interests_registro_intereses_diputado_291.pdf
000292,Sánchez Serna,Javier,Murcia,14 de agosto de 2023,,actividades,0.0,,Podemos,Político,"Miembro de la Dirección Estatal de Podemos, Portavocía Adjunta, Fecha del acuerdo plenario definitivo: 19.12.2023 sin retribución.",,,,,,,deputy_000292_interests_registro_intereses_diputado_292.pdf
000293,Rueda Perelló,Patricia,Málaga,14 de agosto de 2023,,otros_intereses,0.0,,,,,,,,,"La autorización de esta actividad se realiza con la cautela de que no suponga el desempeño de otro puesto público o privado o incurra en algunas de las actividades prohibidas del artículo 159.2 LOREG. Las actividades privadas se autorizan en la medida en que no incurran en los supuestos del artículo 159.2 de la LOREG, con las cautelas de no invocar la condición de parlamentario, no menoscabar la dedicación parlamentaria, y no incurrir en actividades prohibidas del artículo 159.2.",,deputy_000293_interests_registro_intereses_diputado_293.pdf
000294,Chamorro Delmo,Ricardo,Ciudad Real,14 de agosto de 2023,,actividades,0.0,,Ayuntamiento de Ciudad Real,Cargos públicos,"Concejal del Ayuntamiento de Ciudad Real, sin dedicación a la Celebración, se encuentra en la cédula exclusiva, sin percibir ningún tipo de remuneración, salvo la indemnización por asistencia a órganos de la Corporación.",,,,,,,deputy_000294_interests_registro_intereses_diputado_294.pdf
000294,Chamorro Delmo,Ricardo,Ciudad Real,14 de agosto de 2023,,actividades,1.0,,Medios de comunicación,Actividades privadas autorizadas,"Participación ocasional en tertulias o colaboración en medios de comunicación, con o sin retribución.",,,,,,,deputy_000294_interests_registro_intereses_diputado_294.pdf
000294,Chamorro Delmo,Ricardo,Ciudad Real,14 de agosto de 2023,,otros_intereses,0.0,,,,,,,,,"Declaración de Actividades, de 14 de agosto de 2023. La autorización de esta actividad se realiza con la cautela de que no suponga el desempeño de otro puesto público o privado o incurra en algunas de las actividades prohibidas del artículo 159.2 LOREG. Las actividades privadas se autorizan en la medida en que no incurran en los supuestos del artículo 159.2 de la LOREG, con las cautelas de no invocar la condición de parlamentario, no menoscabar la dedicación parlamentaria, y no incurrir en actividades prohibidas del artículo 159.2.",,deputy_000294_interests_registro_intereses_diputado_294.pdf
000296,Soler Mur,Alejandro,Alicante/Alacant,14 de agosto de 2023,,actividades,0.0,,PSOE de Elche,Cargos en partidos o grupos parlamentarios,"Secretario General del PSOE de Elche, sin remuneración.",,,,,,,deputy_000296_interests_registro_intereses_diputado_296.pdf
000296,Soler Mur,Alejandro,Alicante/Alacant,14 de agosto de 2023,,actividades,1.0,,PSOE en la provincia de Alicante,Cargos en partidos o grupos parlamentarios,"Secretario General del PSOE en la provincia de Alicante, sin remuneración.",,,,,,,deputy_000296_interests_registro_intereses_diputado_296.pdf
000297,Beamonte Mesa,Luis María,Zaragoza,14 de agosto de 2023,,actividades,0.0,,Cortes de Aragón,,"Diputado de las Cortes de Aragón, con fecha de baja el 14 de agosto de 2023.",,,,,,14 de agosto de 2023,deputy_000297_interests_registro_intereses_diputado_297.pdf
000297,Beamonte Mesa,Luis María,Zaragoza,14 de agosto de 2023,,actividades,1.0,,Partido Popular,,"Secretario Nacional de Impulso Agropecuario del PP, sin retribución ni dietas por asistencia.",,,,,,14 de agosto de 2023,deputy_000297_interests_registro_intereses_diputado_297.pdf
000297,Beamonte Mesa,Luis María,Zaragoza,14 de agosto de 2023,,actividades,2.0,,Partido Popular,,"Miembro de la Junta Directiva Nacional del PP, sin retribución ni dietas por asistencia.",,,,,,14 de agosto de 2023,deputy_000297_interests_registro_intereses_diputado_297.pdf
000297,Beamonte Mesa,Luis María,Zaragoza,14 de agosto de 2023,,actividades,3.0,,Partido Popular,,"Miembro del Comité Ejecutivo Regional del PP de Aragón, sin retribución ni dietas por asistencia.",,,,,,14 de agosto de 2023,deputy_000297_interests_registro_intereses_diputado_297.pdf
000298,Macías Gata,Alfonso Carlos,Badajoz,14 de agosto de 2023,,actividades,0.0,,Ayuntamiento de Bancarrota (Badajoz),Cargos públicos,"Concejal del Ayuntamiento de Bancarrota (Badajoz), sin dedicación a la exclusiva, sin percibir ningún tipo de remuneración, salvo indemnización por asistencia a órganos de la Corporación.",,,,,,,deputy_000298_interests_registro_intereses_diputado_298.pdf
000298,Macías Gata,Alfonso Carlos,Badajoz,14 de agosto de 2023,,actividades,1.0,,Partido Popular de Badajoz,Cargos en partidos o grupos parlamentarios,"Vicesecretario de Transparencia y Tesorero del Partido Popular de Badajoz, sin remuneración.",,,,,,,deputy_000298_interests_registro_intereses_diputado_298.pdf
000299,Cavacasillas Rodríguez,Antonio,Badajoz,14 de agosto de 2023,,actividades,0.0,,Ayuntamiento de Badajoz,Servicios Sociales,"Primer Teniente de Alcalde y Concejal de Servicios Sociales, Mujer, Mayores y Cooperación al Desarrollo del Ayuntamiento de Badajoz, sin percibir ningún tipo de remuneración, salvo indemnización por asistencia a órganos de la Corporación.",,,,,,,deputy_000299_interests_registro_intereses_diputado_299.pdf
000299,Cavacasillas Rodríguez,Antonio,Badajoz,14 de agosto de 2023,,actividades,1.0,,Partido Popular de Badajoz,Político,"Presidente Local del Partido Popular de Badajoz, sin remuneración.",,,,,,,deputy_000299_interests_registro_intereses_diputado_299.pdf
000299,Cavacasillas Rodríguez,Antonio,Badajoz,14 de agosto de 2023,,otros_intereses,0.0,,,,,,,,,"1. Declaración de Actividades, de 14 de agosto de 2023
2. Declaración de Actividades, de 2 de noviembre de 2023",,deputy_000299_interests_registro_intereses_diputado_299.pdf
000300,Aizpurua Arzallus,Mertxe,Gipuzkoa,14 de agosto de 2023,,,,,,,,,,,,,,deputy_000300_interests_registro_intereses_diputado_300.pdf
000303,Vaquero Montero,Maribel,Gipuzkoa,16 de agosto de 2023,,actividades,0.0,,Larraul (Gipuzkoa),Cargos públicos,"Concejal en Larraul (Gipuzkoa), sin dedicación exclusiva, sin percibir ningún tipo de remuneración, salvo indemnización por asistencia a órganos de la Corporación.",,,,,,,deputy_000303_interests_registro_intereses_diputado_303.pdf
000305,,,,,,,,,,,,,,,,,,deputy_000305_interests_registro_intereses_diputado_305.pdf
000306,Uriarte,Mikel,Araba/Álava,16 de agosto de 2023,,,,,,,,,,,,,,deputy_000306_interests_registro_intereses_diputado_306.pdf
000307,Romero Vilches,María de los Reyes,Sevilla,16 de agosto de 2023,,,,,,,,,,,,,19.12.2023,deputy_000307_interests_registro_intereses_diputado_307.pdf
000308,Romero Cantera,José Ignacio,Cádiz,16 de agosto de 2023,,actividades,0.0,,Partido Popular,Político,"Coordinador General del Partido Popular en la provincia de Cádiz, sin remuneración.",,,,,,,deputy_000308_interests_registro_intereses_diputado_308.pdf
000308,Romero Cantera,José Ignacio,Cádiz,16 de agosto de 2023,,actividades,1.0,,Partido Popular,Político,"Coordinador en materia de Vivienda del Partido Popular en Andalucía, sin remuneración.",,,,,,,deputy_000308_interests_registro_intereses_diputado_308.pdf
000308,Romero Cantera,José Ignacio,Cádiz,16 de agosto de 2023,,actividades,2.0,,Partido Popular,Político,"Secretaría General del Partido Popular en Cádiz capital, sin remuneración.",,,,,,,deputy_000308_interests_registro_intereses_diputado_308.pdf
000309,Sagastizabal Unzetabarrenetxea,Idoia,Bizkaia,16 de agosto de 2023,,,,,,,,,,,,,,deputy_000309_interests_registro_intereses_diputado_309.pdf
000310,Martínez Barbero,Verónica,Pontevedra,16 de agosto de 2023,,actividades,0.0,,Inspección provincial de Pontevedra,Pública,"Inspectora de Trabajo y Seguridad Social en la Inspección provincial de Pontevedra. Solicitado el pase a la situación de servicios especiales y la devolución de las cantidades percibidas en concepto de retribución por tales funciones desde el 23 de julio de 2023, en situación de servicios especiales, percibiendo el correspondiente complemento por antigüedad.",,,,,,,deputy_000310_interests_registro_intereses_diputado_310.pdf
000311,Santos Maraver,Agustín,Madrid,16 de agosto de 2023,,actividades,0.0,,Funcionario de la carrera diplomática,,"En servicios especiales desde 1 de agosto de 2023, en situación de servicios especiales, percibiendo el correspondiente complemento por antigüedad.",,,,,,,deputy_000311_interests_registro_intereses_diputado_311.pdf
000312,Rufián Romero,Gabriel,Barcelona,16 de agosto de 2023,,actividades,0.0,,Ayuntamiento de Santa Coloma de Gramenet,Cargos públicos,"Concejal Portavoz del Grupo Esquema Republicana de Catalunya, sin percibir ningún tipo de remuneración, salvo indemnización por asistencia a órganos de la Corporación.",,,,,,,deputy_000312_interests_registro_intereses_diputado_312.pdf
000314,Gamarra Ruiz-Clavijo,Concepción,Rioja (La),16 de agosto de 2023,,actividades,0.0,,Partido Popular,,"Secretaria General del Partido Popular, percibiendo gastos de representación.",,,,,,,deputy_000314_interests_registro_intereses_diputado_314.pdf
000315,Álvarez de Toledo Peralta-Ramos,Cayetana,Madrid,16 de agosto de 2023,,otros_intereses,0.0,,,,,,,,,"La autorización de esta actividad se realiza con la cautela de que no suponga el desempeño de otro puesto público o privado o incurra en algunas de las actividades prohibidas del artículo 159.2 LOREG. Las actividades privadas se autorizan en la medida en que no incurran en los supuestos del artículo 159.2 de la LOREG, con las cautelas de no invocar la condición de parlamentario, no menoscabar la dedicación parlamentaria, y no incurrir en actividades prohibidas del artículo 159.2.",,deputy_000315_interests_registro_intereses_diputado_315.pdf
000316,Asarta Cuevas,Alberto,Castellón/Castelló,16 de agosto de 2023,,otros_intereses,0.0,,,,,,,,,"La autorización de esta actividad se realiza con la cautela de que no suponga el desempeño de otro puesto público o privado o incurra en algunas de las actividades prohibidas del artículo 159.2 LOREG. Las actividades privadas se autorizan en la medida en que no incurran en los supuestos del artículo 159.2 de la LOREG, con las cautelas de no invocar la condición de parlamentario, no menoscabar la dedicación parlamentaria, y no incurrir en actividades prohibidas del artículo 159.2.",,deputy_000316_interests_registro_intereses_diputado_316.pdf
000317,Abascal Conde,Santiago,Madrid,16 de agosto de 2023,,actividades,0.0,,VOX,Cargos en partidos o grupos parlamentarios,"Presidente del partido VOX, con retribución. Fecha del acuerdo plenario definitivo: 19.12.2023",,,,,,,deputy_000317_interests_registro_intereses_diputado_317.pdf
000318,Robles López,Joaquín,Murcia,16 de agosto de 2023,,actividades,0.0,,Consejería de Educación de la Comunidad Autónoma de la Región de Murcia,Educación,"Profesor de Secundaria en situación de servicios especiales, percibiendo el correspondiente complemento por antigüedad.",,,,,,,deputy_000318_interests_registro_intereses_diputado_318.pdf
000319,Cruz-Guzmán García,María Soledad,Sevilla,16 de agosto de 2023,,actividades,0.0,Fecha del acuerdo plenario definitivo: 19.12.2023,Funcionaria interina en situación de inactivo,servicios especiales,,,,,,,,deputy_000319_interests_registro_intereses_diputado_319.pdf
000319,Cruz-Guzmán García,María Soledad,Sevilla,16 de agosto de 2023,,actividades,1.0,Fecha del acuerdo plenario definitivo: 19.12.2023,Vicesecretaria de la Organización Electoral del PP de Sevilla,,,,,,,,,deputy_000319_interests_registro_intereses_diputado_319.pdf
000319,Cruz-Guzmán García,María Soledad,Sevilla,16 de agosto de 2023,,actividades,2.0,Fecha del acuerdo plenario definitivo: 19.12.2023,Consejera del Consejo Social de la Universidad Pablo Olavide (Sevilla),,sin retribución,,,,,,,deputy_000319_interests_registro_intereses_diputado_319.pdf
000319,Cruz-Guzmán García,María Soledad,Sevilla,16 de agosto de 2023,,otros_intereses,0.0,,,,,,,,,"1. Declaración de Actividades, de 16 de agosto de 2023

1. La autorización de esta actividad se realiza con la cautela de que no suponga el desempeño de otro puesto público o privado o incurra en algunas de las actividades prohibidas del artículo 159.2 LOREG.

2. Las actividades privadas se autorizan en la medida en que no incurran en los supuestos del artículo 159.2 de la LOREG, con las cautelas de no invocar la condición de parlamentario, no menoscabar la dedicación parlamentaria, y no incurrir en actividades prohibidas del artículo 159.2 de la LOREG.",,deputy_000319_interests_registro_intereses_diputado_319.pdf
000320,Marcos Ortega,Milagros,Palencia,16 de agosto de 2023,,actividades,0.0,,Junta de Castilla y León,Funcionaria pública,"En situación de servicios especiales, percibiendo el correspondiente complemento por antigüedad.",,,,,,,deputy_000320_interests_registro_intereses_diputado_320.pdf
000321,Cobo Pérez,Noelia,Cantabria,16 de agosto de 2023,,actividades,0.0,,Parlamento de Cantabria,Cargos públicos,Diputada regional en el Parlamento de Cantabria. Baja con efectos Fecha del acuerdo plenario definitivo: 19.12.2023 del día 16 de agosto de 2023.,,,,,,,deputy_000321_interests_registro_intereses_diputado_321.pdf
000321,Cobo Pérez,Noelia,Cantabria,16 de agosto de 2023,,actividades,1.0,,PSOE de Cantabria,Cargos en partidos ó grupos parlamentarios,"Secretaría de Organización del PSOE de Cantabria, sin retribución. Fecha del acuerdo plenario definitivo: 19.12.2023",,,,,,,deputy_000321_interests_registro_intereses_diputado_321.pdf
000321,Cobo Pérez,Noelia,Cantabria,16 de agosto de 2023,,actividades,2.0,,Seg Automotive,Actividades privadas autorizadas,"Empleada de Seg Automotive, en excedencia desde 2019. Fecha del acuerdo plenario definitivo: 19.12.2023",,,,,,,deputy_000321_interests_registro_intereses_diputado_321.pdf
000321,Cobo Pérez,Noelia,Cantabria,16 de agosto de 2023,,otros_intereses,0.0,,,,,,,,,"Declaración de Actividades, de 16 de agosto de 2023. La autorización de esta actividad se realiza con la cautela de que no suponga el desempeño de otro puesto público o privado o incurra en algunas de las actividades prohibidas del artículo 159.2 LOREG. Las actividades privadas se autorizan en la medida en que no incurran en los supuestos del artículo 159.2 de la LOREG, con las cautelas de no invocar la condición de parlamentario, no menoscabar la dedicación parlamentaria, y no incurrir en actividades prohibidas del artículo 159.2",,deputy_000321_interests_registro_intereses_diputado_321.pdf
000323,Paniagua Núñez,Miguel Ángel,Palencia,16 de agosto de 2023,,otros_intereses,0.0,,,,,,,,,"1. Declaración de Actividades, de 16 de agosto de 2023. La autorización de esta actividad se realiza con la cautela de que no suponga el desempeño de otro puesto público o privado o incurra en algunas de las actividades prohibidas del artículo 159.2 LOREG. Las actividades privadas se autorizan en la medida en que no incurran en los supuestos del artículo 159.2 de la LOREG, con las cautelas de no invocar la condición de parlamentario, no menoscabar la dedicación parlamentaria, y no incurrir en actividades prohibidas del artículo 159.2.",,deputy_000323_interests_registro_intereses_diputado_323.pdf
000324,Cobo Vega,Manuel,Madrid,16 de agosto de 2023,,actividades,0.0,,GM Producciones y Contenidos Audiovisuales S.L.U.,,"Colaborador en Al rojo vivo, La Sexta.",,,,,,,deputy_000324_interests_registro_intereses_diputado_324.pdf
000324,Cobo Vega,Manuel,Madrid,16 de agosto de 2023,,actividades,1.0,hasta el 16 de agosto de 2023,Grucove S.A.,,Gerente,,,,,,,deputy_000324_interests_registro_intereses_diputado_324.pdf
000324,Cobo Vega,Manuel,Madrid,16 de agosto de 2023,,actividades,2.0,,Comunidad de Bienes: Hermanos Cobo Vega C.B.,,"Representante, sin remuneración. Constituida con sus tres hermanas para el arrendamiento de inmueble heredado de su madre, y del que son copropietarios los cuatro hermanos por partes iguales.",,,,,,,deputy_000324_interests_registro_intereses_diputado_324.pdf
000325,Ortega Smith-Molina,Francisco Javier,Madrid,16 de agosto de 2023,,actividades,0.0,Fecha del acuerdo plenario definitivo: 19.12.2023,Ayuntamiento de Madrid,Cargos públicos,"Concejal portavoz del Grupo municipal de VOX en el Ayuntamiento de Madrid, sin dedicación exclusiva, sin percibir ningún tipo de remuneración, salvo indemnización por asistencia a órganos de la Corporación.",,,,,,,deputy_000325_interests_registro_intereses_diputado_325.pdf
000325,Ortega Smith-Molina,Francisco Javier,Madrid,16 de agosto de 2023,,actividades,1.0,Fecha del acuerdo plenario definitivo: 19.12.2023,Partido político VOX,Cargos en partidos ó grupos parlamentarios,"Vicepresidente del partido político VOX, con retribución.",,,,,,,deputy_000325_interests_registro_intereses_diputado_325.pdf
000325,Ortega Smith-Molina,Francisco Javier,Madrid,16 de agosto de 2023,,actividades,2.0,Fecha del acuerdo plenario definitivo: 19.12.2023,ICAM,Actividades privadas autorizadas,Abogado ejerciente (ICAM).,,,,,,,deputy_000325_interests_registro_intereses_diputado_325.pdf
000327,Vidal Sáez,Aina,Barcelona,16 de agosto de 2023,,otros_intereses,0.0,,,,,,,,,"La autorización de esta actividad se realiza con la cautela de que no suponga el desempeño de otro puesto público o privado o incurra en algunas de las actividades prohibidas del artículo 159.2 LOREG. Las actividades privadas se autorizan en la medida en que no incurran en los supuestos del artículo 159.2 de la LOREG, con las cautelas de no invocar la condición de parlamentario, no menoscabar la dedicación parlamentaria, y no incurrir en actividades prohibidas del artículo 159.2.",,deputy_000327_interests_registro_intereses_diputado_327.pdf
000328,Pisarello Prados,Gerardo,Barcelona,16 de agosto de 2023,,actividades,0.0,,Universidad,Docencia,"Profesor de universidad, en situación de servicios especiales, percibiendo el correspondiente complemento por antigüedad.",,,,,,,deputy_000328_interests_registro_intereses_diputado_328.pdf
000328,Pisarello Prados,Gerardo,Barcelona,16 de agosto de 2023,,actividades,1.0,,Catalunya en Comú,Política,"Miembro de la Ejecutiva Catalunya en Comú, sin retribución.",,,,,,,deputy_000328_interests_registro_intereses_diputado_328.pdf
000329,Badia Casas,Eloi,Barcelona,16 de agosto de 2023,,,,,,,,,,,,,,deputy_000329_interests_registro_intereses_diputado_329.pdf
000331,Mejías Sánchez,Carina,Barcelona,16 de agosto de 2023,,otros_intereses,0.0,,,,,,,,,"La autorización de esta actividad se realiza con la cautela de que no suponga el desempeño de otro puesto público o privado o incurra en algunas de las actividades prohibidas del artículo 159.2 LOREG. Las actividades privadas se autorizan en la medida en que no incurran en los supuestos del artículo 159.2 de la LOREG, con las cautelas de no invocar la condición de parlamentario, no menoscabar la dedicación parlamentaria, y no incurrir en actividades prohibidas del artículo 159.2.",19.12.2023,deputy_000331_interests_registro_intereses_diputado_331.pdf
000332,Boada Danés,Júlia,Girona,16 de agosto de 2023,,actividades,0.0,,Partido Verde Europeo,,"Asesora política en el Partido Verde Europeo (sede en Bruselas) con Fecha del acuerdo plenario definitivo: 19.12.2023, fecha de cese de 15 de agosto de 2023.",,,,,,,deputy_000332_interests_registro_intereses_diputado_332.pdf
000334,,,Aragón,,,actividades,0.0,,Partido Popular de Aragón,Cargos en partidos ó grupos parlamentarios,"Secretaria General del Partido Popular de Aragón, sin retribución.",,,,,,,deputy_000334_interests_registro_intereses_diputado_334.pdf
000334,,,Aragón,,,actividades,1.0,,Partido Popular,Cargos en partidos ó grupos parlamentarios,"Vicesecretaria de Igualdad, Conciliación y Política Social del Partido Popular, percibiendo importe de gastos de representación.",,,,,,,deputy_000334_interests_registro_intereses_diputado_334.pdf
000337,Montero Cuadrado,María Jesús,Sevilla,16 de agosto de 2023,,actividades,0.0,,Ministra de Hacienda y Función Pública,,,,,,,,,deputy_000337_interests_registro_intereses_diputado_337.pdf
000337,Montero Cuadrado,María Jesús,Sevilla,16 de agosto de 2023,,actividades,1.0,,Personal Estatutario del Servicio Andaluz de Salud,,en situación de servicios especiales,,,,,,,deputy_000337_interests_registro_intereses_diputado_337.pdf
000337,Montero Cuadrado,María Jesús,Sevilla,16 de agosto de 2023,,otros_intereses,0.0,,,,,,,,,"Declaración de Actividades, de 16 de agosto de 2023. La autorización de esta actividad se realiza con la cautela de que no suponga el desempeño de otro puesto público o privado o incurra en algunas de las actividades prohibidas del artículo 159.2 LOREG. Las actividades privadas se autorizan en la medida en que no incurran en los supuestos del artículo 159.2 de la LOREG, con las cautelas de no invocar la condición de parlamentario, no menoscabar la dedicación parlamentaria, y no incurrir en actividades prohibidas del artículo 159.2.",,deputy_000337_interests_registro_intereses_diputado_337.pdf
000338,Andala Ubbi,Teslem,Madrid,16 de agosto de 2023,,actividades,0.0,,Santander Global Tech,,"Trabajador de Santander Global Tech hasta el 8 de agosto de 2023, renunciando al salario recibido.",,,,,,19.12.2023,deputy_000338_interests_registro_intereses_diputado_338.pdf
000338,Andala Ubbi,Teslem,Madrid,16 de agosto de 2023,,otros_intereses,0.0,,,,,,,,,"Conferencias en materia de DDHH en universidades y congresos. Medios de comunicación, sin retribución.",19.12.2023,deputy_000338_interests_registro_intereses_diputado_338.pdf
000339,Pedreño Molina,Juan Luis,Murcia,16 de agosto de 2023,,actividades,0.0,,Universidad Politécnica de Cartagena (UPCT),Catedrático de Universidad,"en situación de servicios especiales, percibiendo el correspondiente complemento por antigüedad desde el 27.11.2019",,,,,,,deputy_000339_interests_registro_intereses_diputado_339.pdf
000339,Pedreño Molina,Juan Luis,Murcia,16 de agosto de 2023,,actividades,1.0,,Universidad Politécnica de Cartagena (UPCT),Miembro de tribunales de plazos de profesorado y tesis doctorales,percibiendo compensación por gastos de desplazamiento,,,,,,,deputy_000339_interests_registro_intereses_diputado_339.pdf
000339,Pedreño Molina,Juan Luis,Murcia,16 de agosto de 2023,,actividades,2.0,desde 2008,Colegio Oficial de Ingenieros de Telecomunicación de la Región de Murcia,Decano,percibiendo compensación por gastos de desplazamiento,,,,,,,deputy_000339_interests_registro_intereses_diputado_339.pdf
000339,Pedreño Molina,Juan Luis,Murcia,16 de agosto de 2023,,actividades,3.0,,spin-off universitarios,Ingresos derivados de dividendos,sin relación con el sector público,,,,,,,deputy_000339_interests_registro_intereses_diputado_339.pdf
000339,Pedreño Molina,Juan Luis,Murcia,16 de agosto de 2023,,actividades,4.0,desde 2018,Junta de Gobierno del Colegio Oficial de Ingenieros de Telecomunicación,Vocal,percibiendo compensación por gastos de desplazamiento,,,,,,,deputy_000339_interests_registro_intereses_diputado_339.pdf
000340,Llamazares Domingo,Esther,Asturias,16 de agosto de 2023,,actividades,0.0,,Ayuntamiento de Avilés,Cargos públicos,"Concejal - Portavoz del Partido Popular en el Ayuntamiento de Avilés (Asturias), sin dedicación exclusiva desde el 16 de agosto de 2023, sin percibir ningún tipo de remuneración, salvo indemnización por asistencia a órganos de la Corporación.",,,,,,,deputy_000340_interests_registro_intereses_diputado_340.pdf
000340,Llamazares Domingo,Esther,Asturias,16 de agosto de 2023,,actividades,1.0,,E.R.A. (Establecimientos Residenciales para Ancianos),Cargos públicos,Miembro del Consejo de Administración del Organismo Autónomo E.R.A. (Establecimientos Residenciales para Ancianos).,,,,,,,deputy_000340_interests_registro_intereses_diputado_340.pdf
000340,Llamazares Domingo,Esther,Asturias,16 de agosto de 2023,,actividades,2.0,,Partido Popular de Avilés,Cargos en partidos ó grupos parlamentarios,"Secretaria General del Partido Popular de Avilés (Asturias), sin retribución.",,,,,,,deputy_000340_interests_registro_intereses_diputado_340.pdf
000341,Carballedo Berlanga,María Eugenia,Madrid,16 de agosto de 2023,,,,,,,,,,,,,,deputy_000341_interests_registro_intereses_diputado_341.pdf
000342,Díaz Pérez,Yolanda,Madrid,16 de agosto de 2023,,otros_intereses,0.0,,,,,,,,,"1. Declaración de Actividades, de 16 de agosto de 2023. 2. La autorización de esta actividad se realiza con la cautela de que no suponga el desempeño de otro puesto público o privado o incurra en algunas de las actividades prohibidas del artículo 159.2 LOREG. 3. Las actividades privadas se autorizan en la medida en que no incurran en los supuestos del artículo 159.2 de la LOREG, con las cautelas de no invocar la condición de parlamentario, no menoscabar la dedicación parlamentaria, y no incurrir en actividades prohibidas del artículo 159.2.",,deputy_000342_interests_registro_intereses_diputado_342.pdf
000344,Rodríguez de Millán Parro,María José,Madrid,16 de agosto de 2023,,,,,,,,,,,,,,deputy_000344_interests_registro_intereses_diputado_344.pdf
000345,Hernández Quero,Carlos,Málaga,16 de agosto de 2023,,actividades,0.0,,Fundación Dechano,,"Trabajador por cuenta ajena como analista político en la Fundación Dechano, solicitado el cese con efectos del 16 de agosto de 2023, renunciando a las retribuciones del Congreso de los Diputados hasta ese día.",,,,,,,deputy_000345_interests_registro_intereses_diputado_345.pdf
000345,Hernández Quero,Carlos,Málaga,16 de agosto de 2023,,otros_intereses,0.0,,,,,,,,,"Colaboración esporádica en medios de comunicación, editoriales e institutos de formación, con retribución ocasional.",,deputy_000345_interests_registro_intereses_diputado_345.pdf
000346,Núñez Feijóo,Alberto,Madrid,16 de agosto de 2023,,actividades,0.0,,Cuerpo Superior de la Administración General de la C.A. de Galicia,Cargos públicos,"Funcionario en situación de servicios especiales, percibiendo el correspondiente complemento por antigüedad.",,,,,,,deputy_000346_interests_registro_intereses_diputado_346.pdf
000346,Núñez Feijóo,Alberto,Madrid,16 de agosto de 2023,,actividades,1.0,,Partido Popular,Cargos en partidos ó grupos parlamentarios,"Presidente del Partido Popular, percibiendo gastos de representación.",,,,,,,deputy_000346_interests_registro_intereses_diputado_346.pdf
000346,Núñez Feijóo,Alberto,Madrid,16 de agosto de 2023,,otros_intereses,0.0,,,,,,,,,"1. Declaración de Actividades, de 16 de agosto de 2023. 2. Las actividades privadas se autorizan en la medida en que no incurran en los supuestos del artículo 159.2 de la LOREG, con las cautelas de no invocar la condición de parlamentario, no menoscabar la dedicación parlamentaria, y no incurrir en actividades prohibidas del artículo 159.2",,deputy_000346_interests_registro_intereses_diputado_346.pdf
000347,Varela Pazos,Marta,Madrid,16 de agosto de 2023,,actividades,0.0,,Partido Popular,,"Directora de Gabinete del Presidente del Partido Popular, hasta el 16 de agosto de 2023. Fecha del acuerdo plenario definitivo: 19.12.2023.",,,,,,,deputy_000347_interests_registro_intereses_diputado_347.pdf
000347,Varela Pazos,Marta,Madrid,16 de agosto de 2023,,otros_intereses,0.0,,,,,,,,,"La autorización de esta actividad se realiza con la cautela de que no suponga el desempeño de otro puesto público o privado o incurra en algunas de las actividades prohibidas del artículo 159.2 LOREG. Las actividades privadas se autorizan en la medida en que no incurran en los supuestos del artículo 159.2 de la LOREG, con las cautelas de no invocar la condición de parlamentario, no menoscabar la dedicación parlamentaria, y no incurrir en actividades prohibidas del artículo 159.2.",,deputy_000347_interests_registro_intereses_diputado_347.pdf
000348,Nacarino-Brabo Jiménez,Aurora,Madrid,16 de agosto de 2023,,otros_intereses,0.0,,,,,,,,,"1. La autorización de esta actividad se realiza con la cautela de que no suponga el desempeño de otro puesto público o privado o incurra en algunas de las actividades prohibidas del artículo 159.2 LOREG.
2. Las actividades privadas se autorizan en la medida en que no incurran en los supuestos del artículo 159.2 de la LOREG, con las cautelas de no invocar la condición de parlamentario, no menoscabar la dedicación parlamentaria, y no incurrir en actividades prohibidas del artículo 159.2 de la LOREG.",,deputy_000348_interests_registro_intereses_diputado_348.pdf
000349,Conde López,Francisco José,Lugo,16 de agosto de 2023,,actividades,0.0,,Parlamento de Galicia,Cargos públicos,Diputado del Parlamento de Galicia hasta el 16 de agosto de 2023.,,,,,,,deputy_000349_interests_registro_intereses_diputado_349.pdf
000349,Conde López,Francisco José,Lugo,16 de agosto de 2023,,actividades,1.0,,Partido Popular de Lugo,Cargos en partidos ó grupos parlamentarios,"Vicepresidente del Partido Popular de Lugo, sin retribución.",,,,,,,deputy_000349_interests_registro_intereses_diputado_349.pdf
000349,Conde López,Francisco José,Lugo,16 de agosto de 2023,,otros_intereses,0.0,,,,,,,,,"1. Declaración de Actividades, de 16 de agosto de 2023. 2. La autorización de esta actividad se realiza con la cautela de que no suponga el desempeño de otro puesto público o privado o incurra en algunas de las actividades prohibidas del artículo 159.2 LOREG. 3. Las actividades privadas se autorizan en la medida en que no incurran en los supuestos del artículo 159.2 de la LOREG, con las cautelas de no invocar la condición de parlamentario, no menoscabar la dedicación parlamentaria, y no incurrir en actividades prohibidas del artículo 159.2.",,deputy_000349_interests_registro_intereses_diputado_349.pdf
000350,Hispán Iglesias de Ussel,Pablo,Granada,16 de agosto de 2023,,actividades,0.0,,Universidad de San Pablo CEU,,Ponencia retribuida,,,,,,,deputy_000350_interests_registro_intereses_diputado_350.pdf
000350,Hispán Iglesias de Ussel,Pablo,Granada,16 de agosto de 2023,,otros_intereses,0.0,,,,,,,,,"1. La autorización de esta actividad se realiza con la cautela de que no suponga el desempeño de otro puesto público o privado o incurra en algunas de las actividades prohibidas del artículo 159.2 LOREG.

2. Las actividades privadas se autorizan en la medida en que no incurran en los supuestos del artículo 159.2 de la LOREG, con las cautelas de no invocar la condición de parlamentario, no menoscabar la dedicación parlamentaria, y no incurrir en actividades prohibidas del artículo 159.2.",,deputy_000350_interests_registro_intereses_diputado_350.pdf
000351,Guardiola Salmerón,Mirían,Murcia,18 de septiembre de 2023,,actividades,0.0,desde el 15.09.2023,Asamblea Regional de Murcia,,"Diputada Asamblea Regional de Murcia, en situación de renuncia",,,,,,,deputy_000351_interests_registro_intereses_diputado_351.pdf
000351,Guardiola Salmerón,Mirían,Murcia,18 de septiembre de 2023,,actividades,1.0,,Partido Popular de la Región de Murcia,,"Portavoz del Partido Popular de la Región de Murcia, sin retribución, ni dietas por asistencia ni indemnizaciones",,,,,,,deputy_000351_interests_registro_intereses_diputado_351.pdf
000352,Conesa Coma,Ignasi,Barcelona,19 de septiembre de 2023,,actividades,0.0,18.09.2023,Ayuntamiento de Barcelona,Público,"Gerente Distrito de Sants-Montjuïc, en situación de renuncia",,,,,,,deputy_000352_interests_registro_intereses_diputado_352.pdf
000352,Conesa Coma,Ignasi,Barcelona,19 de septiembre de 2023,,actividades,1.0,23.06.2023,Ayuntamiento de Barcelona,Público,"Personal Laboral en el Ayuntamiento de Barcelona, en situación de excedencia forzosa, percibiendo el correspondiente complemento por antigüedad",,,,,,,deputy_000352_interests_registro_intereses_diputado_352.pdf
000352,Conesa Coma,Ignasi,Barcelona,19 de septiembre de 2023,,actividades,2.0,22.01.2024,Ayuntamiento de Barcelona,Público,"Nombramiento de Funcionario de carrera del Ayuntamiento de Barcelona, Técnico Superior en Gestión subgrupo A1, en situación de servicios especiales",,,,,,,deputy_000352_interests_registro_intereses_diputado_352.pdf
000352,Conesa Coma,Ignasi,Barcelona,19 de septiembre de 2023,,actividades,3.0,,PSC Sants-Montjuïc,Político,"Primer Secretario PSC Sants-Montjuïc sin remuneración, sin dietas ni indemnizaciones",,,,,,,deputy_000352_interests_registro_intereses_diputado_352.pdf
000352,Conesa Coma,Ignasi,Barcelona,19 de septiembre de 2023,,otros_intereses,0.0,,,,,,,,,"1. Declaración de Actividades, de 19 de septiembre de 2023
2. Declaración de Actividades, de 19 de diciembre de 2023
3. Declaración de Actividades, de 25 de enero de 2024",,deputy_000352_interests_registro_intereses_diputado_352.pdf
000353,Losada Fernández,José,Sevilla,28 de noviembre de 2023,,actividades,0.0,,Consejería de Desarrollo Educativo de la Junta de Andalucía,Educación,"Maestro funcionario en situación de servicios especiales, percibiendo el correspondiente complemento por antigüedad desde el 28.11.2023.",,,,,,,deputy_000353_interests_registro_intereses_diputado_353.pdf
000353,Losada Fernández,José,Sevilla,28 de noviembre de 2023,,actividades,1.0,,Ejecutiva Provincial PSOE Sevilla,Política,"Coordinador del Área de Medio Ambiente, Cambio Climático y Transición Ecológica, sin ningún tipo de remuneración.",,,,,,,deputy_000353_interests_registro_intereses_diputado_353.pdf
000353,Losada Fernández,José,Sevilla,28 de noviembre de 2023,,actividades,2.0,,Explotación agrícola familiar,Agricultura,"Explotación agrícola familiar, sin ningún tipo de prestación de Servicios a la Administración Pública, percibiendo subvención reglada de la PAC.",,,,,,,deputy_000353_interests_registro_intereses_diputado_353.pdf
000354,Lorenzo Cazorla,Juan Antonio,Almería,28 de noviembre de 2023,,actividades,0.0,2022-2023,Parlamento de Andalucía,,Renuncia a la condición de parlamentario del Parlamento de Andalucía 2022-2023 con fecha 27 de noviembre de 2023.,,,,,,19.12.2023,deputy_000354_interests_registro_intereses_diputado_354.pdf
000354,Lorenzo Cazorla,Juan Antonio,Almería,28 de noviembre de 2023,,actividades,1.0,,PSOE Almería,,"Secretario General PSOE Almería, sin retribución.",,,,,,19.12.2023,deputy_000354_interests_registro_intereses_diputado_354.pdf
000354,Lorenzo Cazorla,Juan Antonio,Almería,28 de noviembre de 2023,,otros_intereses,0.0,,,,,,,,,"1. Declaración de Actividades, de 28 de noviembre de 2023. La autorización de esta actividad se realiza con la cautela de que no suponga el desempeño de otro puesto público o privado o incurra en algunas de las actividades prohibidas del artículo 159.2 LOREG. Las actividades privadas se autorizan en la medida en que no incurran en los supuestos del artículo 159.2 de la LOREG, con las cautelas de no invocar la condición de parlamentario, no menoscabar la dedicación parlamentaria, y no incurrir en actividades prohibidas del artículo 159.2",19.12.2023,deputy_000354_interests_registro_intereses_diputado_354.pdf
000355,Rodríguez Palacios,Javier,Madrid,5 de diciembre de 2023,,actividades,0.0,,Ayuntamiento de Alcalá de Henares,Cargos públicos,"Concejal portavoz del Grupo Municipal Socialista en el Ayuntamiento de Alcalá de Henares en régimen de dedicación exclusiva hasta el 4 de diciembre de 2023 en el que pasa a régimen de asistencia a plenos y órganos colegiados, sin percibir ningún tipo de remuneración, salvo dietas correspondientes por la asistencia a los órganos colegiados a los que pertenece.",,,,,,,deputy_000355_interests_registro_intereses_diputado_355.pdf
000357,Gutiérrez Santiago,Víctor,Madrid,5 de diciembre de 2023,,actividades,0.0,Fecha del acuerdo plenario definitivo: 19.12.2023,PSOE,Cargos en partidos ó grupos parlamentarios,Secretario de Políticas LGTBI de la Comisión Ejecutiva Federal del PSOE (sin remuneración desde el 5 de diciembre de 2023).,,,,,,,deputy_000357_interests_registro_intereses_diputado_357.pdf
000358,Soldevilla Novials,Alba,Barcelona,12 de diciembre de 2023,,actividades,0.0,,"Secretaría de Economía, Trabajo y Formación Profesional del PSC",,"Fecha del acuerdo plenario definitivo: 19.12.2023 de Terrassa, sin remuneración.",,,,,,,deputy_000358_interests_registro_intereses_diputado_358.pdf
000358,Soldevilla Novials,Alba,Barcelona,12 de diciembre de 2023,,actividades,1.0,desde el 11 de diciembre de 2023,"Grifols, S.A.","prestación de servicios de administración, gestión y control de empresas y negocios",en situación de excedencia forzosa por cargo público.,,,,,,,deputy_000358_interests_registro_intereses_diputado_358.pdf
000359,Rodríguez Suárez,Esther,S/C Tenerife,12 de diciembre de 2023,,actividades,0.0,,Ilustre Ayuntamiento de San Sebastián de la Gomera,Trabajadora Social,"personal laboral fijo, en situación de excedencia forzosa por cargo público desde el 11.12.2023",,,,,,12 de diciembre de 2023,deputy_000359_interests_registro_intereses_diputado_359.pdf
000359,Rodríguez Suárez,Esther,S/C Tenerife,12 de diciembre de 2023,,otros_intereses,0.0,,,,,,,,,"Las actividades privadas se autorizan en la medida en que no incurran en los supuestos del artículo 159.2 de la LOREG, con las cualidades de no invocar la condición de parlamentario, no menoscabar la dedicación parlamentaria, y no incurrir en actividades prohibidas del artículo 159.2.",12 de diciembre de 2023,deputy_000359_interests_registro_intereses_diputado_359.pdf
000361,Moreno Fernández,Mª Isabel,Diputada por Cádiz,12 de diciembre de 2023,,actividades,0.0,,Alcaldesa de El Gastor (Cádiz),,sin percibir remuneración alguna. Fecha del acuerdo plenario definitivo: 19.12.2023,,,,,,,deputy_000361_interests_registro_intereses_diputado_361.pdf
000361,Moreno Fernández,Mª Isabel,Diputada por Cádiz,12 de diciembre de 2023,,actividades,1.0,,Consejería de Educación la Junta de Andalucía,,"Funcionaria de carrera del grupo A1 de Profesores de Secundaria, en situación de servicios especiales, percibiendo el correspondiente complemento por antigüedad. Fecha del acuerdo plenario definitivo: 19.12.2023",,,,,,,deputy_000361_interests_registro_intereses_diputado_361.pdf
000361,Moreno Fernández,Mª Isabel,Diputada por Cádiz,12 de diciembre de 2023,,actividades,2.0,,Comisión Ejecutiva Provincial del PSOE en Cádiz,,"Secretaria de Sostenibilidad y Medio Natural, sin percibir remuneración alguna. Fecha del acuerdo plenario definitivo: 19.12.2023",,,,,,,deputy_000361_interests_registro_intereses_diputado_361.pdf
000362,Ruiz de Diego,Víctor Javier,Zaragoza,12 de diciembre de 2023,,actividades,0.0,,PSOE Calatayud,Cargos en partidos ó grupos parlamentarios,"Secretario General PSOE Calatayud, sin remuneración alguna. Fecha del acuerdo plenario definitivo: 19.12.2023",,,,,,,deputy_000362_interests_registro_intereses_diputado_362.pdf
000363,Mayoral de Lamo,Alberto,Córdoba,12 de diciembre de 2023,,actividades,0.0,,PSOE Córdoba,Cargos en partidos ó grupos parlamentarios,"Vicesecretario General PSOE Córdoba, sin remuneración",,,,,,,deputy_000363_interests_registro_intereses_diputado_363.pdf
000363,Mayoral de Lamo,Alberto,Córdoba,12 de diciembre de 2023,,actividades,1.0,hasta el 11 de diciembre de 2023,Grupo Parlamentario Socialista en el Congreso de los Diputados,Actividades privadas autorizadas,Asistente del Grupo Parlamentario Socialista en el Congreso de los Diputados,,,,,,,deputy_000363_interests_registro_intereses_diputado_363.pdf
000363,Mayoral de Lamo,Alberto,Córdoba,12 de diciembre de 2023,,otros_intereses,0.0,,,,,,,,,"1. La autorización de esta actividad se realiza con la cautela de que no suponga el desempeño de otro puesto público o privado o incurra en algunas de las actividades prohibidas del artículo 159.2 LOREG.
2. Las actividades privadas se autorizan en la medida en que no incurran en los supuestos del artículo 159.2 de la LOREG, con las cautelas de no invocar la condición de parlamentario, no menoscabar la dedicación parlamentaria, y no incurrir en actividades prohibidas del artículo 159.2.",,deputy_000363_interests_registro_intereses_diputado_363.pdf
000364,Camino Miñana,Víctor,Valencia/València,12 de diciembre de 2023,,actividades,0.0,,Partido Socialista Obrero Español,,Prestador de servicios en el Partido Socialista Obrero Español como Comisión Ejecutiva Federal con categoría nivel IIB hasta el 11 de diciembre de 2023.,,,,,,,deputy_000364_interests_registro_intereses_diputado_364.pdf
000365,López Zamora,Cristina,Ciudad Real,12 de diciembre de 2023,,actividades,0.0,,Junta de Castilla-La Mancha,,"Delegada provincial de Desarrollo Sostenible en Ciudad Real, en situación de renuncia desde el 11.12.2023.",,,,,,,deputy_000365_interests_registro_intereses_diputado_365.pdf
000365,López Zamora,Cristina,Ciudad Real,12 de diciembre de 2023,,actividades,1.0,,Portavoz de la Ejecutiva Provincial PSOE Ciudad Real,,sin remuneración.,,,,,,,deputy_000365_interests_registro_intereses_diputado_365.pdf
000366,Mayoral Pérez,Jesús,Toledo,19 de diciembre de 2023,,otros_intereses,0.0,,,,,,,,,"1. Declaración de Actividades, de 19 de diciembre de 2023. La autorización de esta actividad se realiza con la cautela de que no suponga el desempeño de otro puesto público o privado o incurra en algunas de las actividades prohibidas del artículo 159.2 LOREG. Las actividades privadas se autorizan en la medida en que no incurran en los supuestos del artículo 159.2 de la LOREG, con las cautelas de no invocar la condición de parlamentario, no menoscabar la dedicación parlamentaria, y no incurrir en actividades prohibidas del artículo 159.2",,deputy_000366_interests_registro_intereses_diputado_366.pdf
000367,Almodóvar Sánchez,Emilia,Cáceres,19 de diciembre de 2023,,actividades,0.0,,Junta de Extremadura,Funcionario interino,"Grupo A2, titulado grado medio Trabajo Social, en situación de servicios especiales, percibiendo el correspondiente complemento por antigüedad.",,,,,,,deputy_000367_interests_registro_intereses_diputado_367.pdf
000368,Torres Tejada,María,Jaén,9 de enero de 2024,,actividades,0.0,desde junio de 2023,Ayuntamiento de Bailén (Jaén),Cargos públicos,"Primera Teniente de Alcalde y concejal de Urbanismo, personal, formación, empleo y comunicación, sin dedicación exclusiva, sin percibir ningún tipo de remuneración, salvo indemnización por asistencia a órganos de la Corporación.",,,,,,,deputy_000368_interests_registro_intereses_diputado_368.pdf
000368,Torres Tejada,María,Jaén,9 de enero de 2024,,actividades,1.0,,Partido Popular de Bailén,Cargos en partidos o grupos parlamentarios,"Secretaría General del Partido Popular de Bailén, sin retribución.",,,,,,,deputy_000368_interests_registro_intereses_diputado_368.pdf
000368,Torres Tejada,María,Jaén,9 de enero de 2024,,actividades,2.0,,Partido Popular de Jaén,Cargos en partidos o grupos parlamentarios,Portavoz Adjunta en el Partido Popular de Jaén.,,,,,,,deputy_000368_interests_registro_intereses_diputado_368.pdf
000368,Torres Tejada,María,Jaén,9 de enero de 2024,,actividades,3.0,,Partido Popular,Cargos en partidos o grupos parlamentarios,Miembro del Comité de Dirección del Partido Popular.,,,,,,,deputy_000368_interests_registro_intereses_diputado_368.pdf
000369,Paré Aregall,Josep,Barcelona,9 de enero de 2024,,actividades,0.0,,Ajuntament de Centelles,Cargos públicos,"Alcalde de Centelles (Barcelona), renunciando a prestación de la económica de 8 de enero de 2024, sin percibir ningún tipo de remuneración, salvo indemnización por asistencia a órganos de la Corporación.",,,,,,,deputy_000369_interests_registro_intereses_diputado_369.pdf
000369,Paré Aregall,Josep,Barcelona,9 de enero de 2024,,actividades,1.0,,Fundació Osona Formació i Desenvolupament,Cargos públicos,"Patrono, sin remuneración.",,,,,,,deputy_000369_interests_registro_intereses_diputado_369.pdf
000369,Paré Aregall,Josep,Barcelona,9 de enero de 2024,,actividades,2.0,Fecha del acuerdo plenario definitivo: 21.03.2024,Residencia Sant Gabriel de Centelles (Barcelona),Cargos públicos,"Presidente, sin percibir prestación económica.",,,,,,,deputy_000369_interests_registro_intereses_diputado_369.pdf
000369,Paré Aregall,Josep,Barcelona,9 de enero de 2024,,actividades,3.0,Fecha del acuerdo plenario definitivo: 21.03.2024,Ajuntament de Centelles,Cargos públicos,Junta General (Pleno del Ayuntamiento) empresas mercantiles.,,,,,,,deputy_000369_interests_registro_intereses_diputado_369.pdf
000369,Paré Aregall,Josep,Barcelona,9 de enero de 2024,,actividades,4.0,Fecha del acuerdo plenario definitivo: 21.03.2024,Representante de entidades y asociaciones municipales,Cargos públicos,,,,,,,,deputy_000369_interests_registro_intereses_diputado_369.pdf
000369,Paré Aregall,Josep,Barcelona,9 de enero de 2024,,actividades,5.0,Fecha del acuerdo plenario definitivo: 21.03.2024,PSC OSONA (FED. XIII),Cargos en partidos ó grupos parlamentarios,"Secretario de organización, sin remuneración.",,,,,,,deputy_000369_interests_registro_intereses_diputado_369.pdf
000369,Paré Aregall,Josep,Barcelona,9 de enero de 2024,,actividades,6.0,Excedencia forzosa con fecha 8 de enero de 2024,Urbaser S.A.,Actividades privadas autorizadas,Instalación de autoconsumo solar de una potencia de 5KW.,,,,,,,deputy_000369_interests_registro_intereses_diputado_369.pdf
000370,Gracia Blanco,Marta,Zaragoza,16 de enero de 2024,,actividades,0.0,Fecha del acuerdo plenario definitivo: 21.03.2024,Ayuntamiento de la Almunia de Doña Godina,Cargos públicos,"Concejala, sin percibir ningún tipo de remuneración, salvo indemnización por asistencia a órganos de la Corporación.",,,,,,,deputy_000370_interests_registro_intereses_diputado_370.pdf
000370,Gracia Blanco,Marta,Zaragoza,16 de enero de 2024,,actividades,1.0,Fecha del acuerdo plenario definitivo: 21.03.2024,INSS,Prestaciones de derechos pasivos,Pensión de viudedad del INSS a la que renuncia con fecha de la toma de posesión en el Congreso.,,,,,,,deputy_000370_interests_registro_intereses_diputado_370.pdf
000370,Gracia Blanco,Marta,Zaragoza,16 de enero de 2024,,actividades,2.0,Fecha del acuerdo plenario definitivo: 21.03.2024,INSS,Prestaciones de derechos pasivos,Pensión de viudedad del INSS.,,,,,,,deputy_000370_interests_registro_intereses_diputado_370.pdf
000370,Gracia Blanco,Marta,Zaragoza,16 de enero de 2024,,actividades,3.0,Fecha del acuerdo plenario definitivo: 21.03.2024,PSOE,Cargos en partidos ó grupos parlamentarios,"Miembro del Comité Federal del PSOE, sin retribución.",,,,,,,deputy_000370_interests_registro_intereses_diputado_370.pdf
000370,Gracia Blanco,Marta,Zaragoza,16 de enero de 2024,,actividades,4.0,Fecha del acuerdo plenario definitivo: 21.03.2024,PSOE,Cargos en partidos ó grupos parlamentarios,"Secretaria General de la Agrupación Local del PSOE de la Almunia de Doña Godina, sin remuneración.",,,,,,,deputy_000370_interests_registro_intereses_diputado_370.pdf
000370,Gracia Blanco,Marta,Zaragoza,16 de enero de 2024,,actividades,5.0,Fecha del acuerdo plenario definitivo: 21.03.2024,Tragsatec (Grupo Tragsa),Actividades privadas autorizadas,"Cese de empleada, puesto de trabajo técnico jurídico el 15 de enero de 2024.",,,,,,,deputy_000370_interests_registro_intereses_diputado_370.pdf
000371,Aguirre Gil de Biedma,Rocío,Madrid,16 de enero de 2024,,otros_intereses,0.0,,,,,,,,,"La autorización de esta actividad se realiza con la cautela de que no suponga el desempeño de otro puesto público o privado o incurra en algunas de las actividades prohibidas del artículo 159.2 LOREG. Las actividades privadas se autorizan en la medida en que no incurran en los supuestos del artículo 159.2 de la LOREG, con las cautelas de no invocar la condición de parlamentario, no menoscabar la dedicación parlamentaria, y no incurrir en actividades prohibidas del artículo 159.2.",,deputy_000371_interests_registro_intereses_diputado_371.pdf
000372,López Tagliafico,Candela,Barcelona,30 de enero de 2024,,actividades,0.0,,Diputación Provincial de Barcelona,Cargos públicos,"Diputada y Vicepresidenta Tercera en la Diputación Provincial de Barcelona, percibiendo retribución como Vicepresidenta Tercera.",,,,,,,deputy_000372_interests_registro_intereses_diputado_372.pdf
000372,López Tagliafico,Candela,Barcelona,30 de enero de 2024,,actividades,1.0,,Ayuntamiento de Castelldefels,Cargos públicos,"Concejal en el Ayuntamiento de Castelldefels (Barcelona), sin percibir ningún tipo de remuneración, salvo indemnización por asistencia a órganos de la Corporación.",,,,,,,deputy_000372_interests_registro_intereses_diputado_372.pdf
000372,López Tagliafico,Candela,Barcelona,30 de enero de 2024,,actividades,2.0,Fecha del acuerdo plenario definitivo: 21.03.2024,Grupo Municipal Movem en Comú Podem,Cargos en partidos ó grupos parlamentarios,Portavoz,,,,,,,deputy_000372_interests_registro_intereses_diputado_372.pdf
000372,López Tagliafico,Candela,Barcelona,30 de enero de 2024,,actividades,3.0,Fecha del acuerdo plenario definitivo: 21.03.2024,Catalunya en Común,Cargos en partidos ó grupos parlamentarios,"Coordinadora, sin retribución",,,,,,,deputy_000372_interests_registro_intereses_diputado_372.pdf
000373,Núñez Guijarro,José Enrique,Madrid,30 de enero de 2024,,actividades,0.0,29 de enero de 2024,Asamblea de Madrid,Cargos públicos,Diputado en la Asamblea de Madrid con renuncia a tal condición,,,,,,,deputy_000373_interests_registro_intereses_diputado_373.pdf
000373,Núñez Guijarro,José Enrique,Madrid,30 de enero de 2024,,actividades,1.0,29 de enero de 2024,Universidad Complutense de Madrid,Actividades públicas a las que ha renunciado,"Funcionario de la Universidad Complutense de Madrid, en situación de servicios especiales, percibiendo el correspondiente complemento por antigüedad",,,,,,,deputy_000373_interests_registro_intereses_diputado_373.pdf
000373,Núñez Guijarro,José Enrique,Madrid,30 de enero de 2024,,actividades,2.0,,Partido Popular,Cargos en partidos ó grupos parlamentarios,"Secretario Ejecutivo de Acción electoral del Partido Popular, sin remuneración",,,,,,,deputy_000373_interests_registro_intereses_diputado_373.pdf
000373,Núñez Guijarro,José Enrique,Madrid,30 de enero de 2024,,actividades,3.0,,Partido Popular,Cargos en partidos ó grupos parlamentarios,"Vocal del Comité ejecutivo nacional del PP, sin remuneración",,,,,,,deputy_000373_interests_registro_intereses_diputado_373.pdf
000373,Núñez Guijarro,José Enrique,Madrid,30 de enero de 2024,,actividades,4.0,julio de 2024,Consejo Social de la Universidad Complutense de Madrid,Actividades privadas autorizadas,"Vocal del Consejo Social de la Universidad Complutense de Madrid por la Asamblea de Madrid, dietas por asistencia",,,,,,,deputy_000373_interests_registro_intereses_diputado_373.pdf
000374,Uriarte Bengoechea,Edurne,Madrid,30 de enero de 2024,,actividades,0.0,,Universidad Rey Juan Carlos,Catedrática de Ciencia Política,"en situación de servicios especiales, percibiendo el correspondiente complemento por antigüedad desde el 29.01.2024.",,,,,,,deputy_000374_interests_registro_intereses_diputado_374.pdf
000374,Uriarte Bengoechea,Edurne,Madrid,30 de enero de 2024,,actividades,1.0,,Partido Popular,Secretaria de área de Formación,sin remuneración.,,,,,,,deputy_000374_interests_registro_intereses_diputado_374.pdf
000374,Uriarte Bengoechea,Edurne,Madrid,30 de enero de 2024,,actividades,2.0,,El Debate,Columnista,,,,,,,,deputy_000374_interests_registro_intereses_diputado_374.pdf
000375,Lago Peñas,Manuel,Coruña (A),6 de febrero de 2024,,actividades,0.0,,Ministerio de Trabajo y Economía Social y Vicepresidencia Segunda,,Cese del cargo de Asesor del Gabinete,,,,,,21.03.2024,deputy_000375_interests_registro_intereses_diputado_375.pdf
000375,Lago Peñas,Manuel,Coruña (A),6 de febrero de 2024,,actividades,1.0,,SUMAR,,"Tesorero de SUMAR, sin retribución",,,,,,21.03.2024,deputy_000375_interests_registro_intereses_diputado_375.pdf
000376,De la Rosa Baena,Olvido,Granada,20 de febrero de 2024,,actividades,0.0,,Agrupación Local del PSOE en Cúllar Vega (Granada),,"Vicesecretaria General de la Agrupación Local del PSOE en Cúllar Vega (Granada), sin retribución ni dietas.",,,,,,,deputy_000376_interests_registro_intereses_diputado_376.pdf
000376,De la Rosa Baena,Olvido,Granada,20 de febrero de 2024,,actividades,1.0,hasta el 19 de febrero de 2024,Fundación El Balcón de Zubia,,"Directora del Centro Residencial de Mayores Fundación el Balcón de Zubia, cuyo objeto social es la atención integral a personas mayores en situación de dependencia. La relación con la administración pública es propiamente administrativa de una residencia con el 85 por ciento de plazas concertadas con la Junta de Andalucía.",,,,,,,deputy_000376_interests_registro_intereses_diputado_376.pdf
000377,Otero Rodríguez,Patricia,Lugo,12 de marzo de 2024,,actividades,0.0,,Parlamento de Galicia,Cargos públicos,Renuncia al cargo de diputada del Parlamento de Galicia con efectos del 11 de marzo de 2024.,,,,,,,deputy_000377_interests_registro_intereses_diputado_377.pdf
000377,Otero Rodríguez,Patricia,Lugo,12 de marzo de 2024,,actividades,1.0,,PSdeG,Cargos en partidos ó grupos parlamentarios,"Secretaria de Pesca de la Comisión Ejecutiva Nacional del PSdeG, sin retribución.",,,,,,,deputy_000377_interests_registro_intereses_diputado_377.pdf
000377,Otero Rodríguez,Patricia,Lugo,12 de marzo de 2024,,otros_intereses,0.0,,,,,,,,,"Declaración de Actividades, de 12 de marzo de 2024. La autorización de esta actividad se realiza con la cautela de que no suponga el desempeño de otro puesto público o privado o incurra en algunas de las actividades prohibidas del artículo 159.2 LOREG. Las actividades privadas se autorizan en la medida en que no incurran en los supuestos del artículo 159.2 de la LOREG, con las cautelas de no invocar la condición de parlamentario, no menoscabar la dedicación parlamentaria, y no incurrir en actividades prohibidas del artículo 159.2",,deputy_000377_interests_registro_intereses_diputado_377.pdf
000378,Barrio Baroja,Carmelo,Araba/Álava,19 de marzo de 2024,,actividades,0.0,,Partido Popular del País Vasco,Cargos en partidos o grupos parlamentarios,Miembro del Comité Ejecutivo del Partido Popular del País Vasco.,,,,,,,deputy_000378_interests_registro_intereses_diputado_378.pdf
000378,Barrio Baroja,Carmelo,Araba/Álava,19 de marzo de 2024,,actividades,1.0,,Eurobasque (Consejo Vasco del Movimiento Europeo),Actividades privadas autorizadas,Miembro del Eurobasque (Consejo Vasco del Movimiento Europeo).,,,,,,,deputy_000378_interests_registro_intereses_diputado_378.pdf
000380,García Chavarría,María Montserrat,Coruña (A),23 de abril de 2024,,actividades,0.0,,PSdeG,Cargos en partidos ó grupos parlamentarios,"Miembro de la Ejecutiva Nacional Gallega del PSdeG, sin remuneración.",,,,,,,deputy_000380_interests_registro_intereses_diputado_380.pdf
000381,,,,,,,,,,,,,,,,,,deputy_000381_interests_registro_intereses_diputado_381.pdf
000382,,,,,,,,,,,,,,,,,,deputy_000382_interests_registro_intereses_diputado_382.pdf
000383,,,,,,,,,,,,,,,,,,deputy_000383_interests_registro_intereses_diputado_383.pdf
000384,Sainz Martín,María,Madrid,25 de junio de 2024,,actividades,0.0,Fecha del acuerdo plenario definitivo: 23.10.2024,Instituto Nacional de la Seguridad Social,Cargos públicos,"Pensión de jubilación del Instituto Nacional de la Seguridad Social, solicitud de suspensión desde el 24 de junio.",,,,,,,deputy_000384_interests_registro_intereses_diputado_384.pdf
000384,Sainz Martín,María,Madrid,25 de junio de 2024,,actividades,1.0,Fecha del acuerdo plenario definitivo: 23.10.2024,Escuela de Salud Pública del ISCIII,Actividades docentes extraordinarias,Participación como docente en Medicina Preventiva y Salud Pública en el curso de postgrado.,,,,,,,deputy_000384_interests_registro_intereses_diputado_384.pdf
000384,Sainz Martín,María,Madrid,25 de junio de 2024,,actividades,2.0,Fecha del acuerdo plenario definitivo: 23.10.2024,PSOE-Madrid,Cargos en partidos ó grupos parlamentarios,Miembro del Comité Ejecutivo Regional del PSOE-Madrid.,,,,,,,deputy_000384_interests_registro_intereses_diputado_384.pdf
000384,Sainz Martín,María,Madrid,25 de junio de 2024,,actividades,3.0,Fecha del acuerdo plenario definitivo: 23.10.2024,Distintas revistas científicas,"Actividades de producción y creación literaria, científica, artística o técnica",Publicación de artículos en distintas revistas científicas.,,,,,,,deputy_000384_interests_registro_intereses_diputado_384.pdf
000384,Sainz Martín,María,Madrid,25 de junio de 2024,,actividades,4.0,Fecha del acuerdo plenario definitivo: 23.10.2024,Diferentes editoriales,"Actividades de producción y creación literaria, científica, artística o técnica",Poeta y escritora con varios libros publicados en diferentes editoriales.,,,,,,,deputy_000384_interests_registro_intereses_diputado_384.pdf
000384,Sainz Martín,María,Madrid,25 de junio de 2024,,actividades,5.0,Fecha del acuerdo plenario definitivo: 23.10.2024,Asociación de Educación para la Salud (ADEPS),Actividades privadas autorizadas,Presidenta de la Asociación de Educación para la Salud (ADEPS).,,,,,,,deputy_000384_interests_registro_intereses_diputado_384.pdf
000384,Sainz Martín,María,Madrid,25 de junio de 2024,,actividades,6.0,Fecha del acuerdo plenario definitivo: 23.10.2024,Fundación de Educación para la Salud (FUNDADEPS),Actividades privadas autorizadas,Presidenta Honorífica de la Fundación de Educación para la Salud (FUNDADEPS).,,,,,,,deputy_000384_interests_registro_intereses_diputado_384.pdf
000384,Sainz Martín,María,Madrid,25 de junio de 2024,,actividades,7.0,Fecha del acuerdo plenario definitivo: 23.10.2024,Capítulo Español del Club de Roma,Actividades privadas autorizadas,Miembro de la Junta Directiva del Capítulo Español del Club de Roma.,,,,,,,deputy_000384_interests_registro_intereses_diputado_384.pdf
000384,Sainz Martín,María,Madrid,25 de junio de 2024,,actividades,8.0,Fecha del acuerdo plenario definitivo: 23.10.2024,Asociación El Club de las 25,Actividades privadas autorizadas,Miembro de la Junta Directiva de la asociación El Club de las 25.,,,,,,,deputy_000384_interests_registro_intereses_diputado_384.pdf
000385,Moreno Borrás,Cristina,Valencia/València,4 de julio de 2024,,actividades,0.0,,Ayuntamiento de Gandia,Cargo público,"Concejal del Ayuntamiento de Gandia (Valencia), sin percibir ningún tipo de remuneración, salvo indemnización por asistencia a órganos de la Corporación.",,,,,,,deputy_000385_interests_registro_intereses_diputado_385.pdf
000385,Moreno Borrás,Cristina,Valencia/València,4 de julio de 2024,,actividades,1.0,desde el 3 de julio de 2024,Generalitat Valenciana,Cargo público,"Secretaria Autonómica de Turismo de la Generalitat Valenciana (Promoción del destino Comunidad Valenciana tanto a nivel nacional como internacional), en situación de cese de dicho cargo así como del de miembro de las entidades asociadas al mismo.",,,,,,,deputy_000385_interests_registro_intereses_diputado_385.pdf
000385,Moreno Borrás,Cristina,Valencia/València,4 de julio de 2024,,actividades,2.0,,Puerto de Gandia,Cargo público,Cese como miembro del Consejo de Administración del Puerto de Gandia como consecuencia del cese en el cargo de Secretaria Autonómica de Turismo de la Generalitat Valenciana.,,,,,,,deputy_000385_interests_registro_intereses_diputado_385.pdf
000385,Moreno Borrás,Cristina,Valencia/València,4 de julio de 2024,,actividades,3.0,,Partido Popular de Gandia,Cargo en partido político,"Vicesecretaria de Movilización del Partido Popular de Gandia, sin remuneración.",,,,,,,deputy_000385_interests_registro_intereses_diputado_385.pdf
000385,Moreno Borrás,Cristina,Valencia/València,4 de julio de 2024,,actividades,4.0,,Partido Popular de Gandia,Cargo en partido político,"Miembro del Comité de Dirección del Partido Popular de Gandia, sin remuneración.",,,,,,,deputy_000385_interests_registro_intereses_diputado_385.pdf
000386,Otero García,Mercedes,Asturias,22 de julio de 2024,,actividades,0.0,desde el 1 de abril de 2024,Gobierno del Principado de Asturias,Público,Auxiliar Administrativo,,,,,,,deputy_000386_interests_registro_intereses_diputado_386.pdf
000386,Otero García,Mercedes,Asturias,22 de julio de 2024,,actividades,1.0,en situación de cese desde el 22.07.2024,Vicepresidenta de la Junta General del Principado de Asturias,Público,Secretaría de despacho,,,,,,,deputy_000386_interests_registro_intereses_diputado_386.pdf
000386,Otero García,Mercedes,Asturias,22 de julio de 2024,,actividades,2.0,,Federación Socialista Asturiana,Público,Secretaría Ejecutiva del Suroccidente de Asturias,,,,,,,deputy_000386_interests_registro_intereses_diputado_386.pdf
000387,Almirón Ruíz,Oriol,Barcelona,10 de septiembre de 2024,,actividades,0.0,,Ayuntamiento de d'Ódena,Cargos públicos,"Concejal del Ayuntamiento de d'Ódena (Barcelona), sin percibir ningún tipo de remuneración, salvo indemnización por asistencia a órganos de la Corporación.",,,,,,,deputy_000387_interests_registro_intereses_diputado_387.pdf
000387,Almirón Ruíz,Oriol,Barcelona,10 de septiembre de 2024,,actividades,1.0,,Juventudes Socialistas de Cataluña de la Anoia,Cargos en partidos ó grupos parlamentarios,"Secretario de Organización de las Juventudes Socialistas de Cataluña de la Anoia, sin percibir remuneración.",,,,,,,deputy_000387_interests_registro_intereses_diputado_387.pdf
000387,Almirón Ruíz,Oriol,Barcelona,10 de septiembre de 2024,,actividades,2.0,,Agrupación del Partido Socialista de Cataluña en d'Ódena,Cargos en partidos ó grupos parlamentarios,"Secretario de Organización de la Agrupación del Partido Socialista de Cataluña en d'Ódena, sin percibir remuneración.",,,,,,,deputy_000387_interests_registro_intereses_diputado_387.pdf
000388,Canelo Matito,Andrea,Barcelona,10 de septiembre de 2024,,actividades,0.0,,Ayuntamiento de Granollers,Público,"Concejala del Ayuntamiento de Granollers (Barcelona) de vía pública, limpieza, gestión de residuos, servicios municipales y mantenimiento. Tercera Teniente de Alcalde.",,,,,,,deputy_000388_interests_registro_intereses_diputado_388.pdf
000388,Canelo Matito,Andrea,Barcelona,10 de septiembre de 2024,,actividades,1.0,,Fundación Privada de la Acción de Granollers,Privado,"Técnico de prevención de riesgos laborales en la Fundación Privada de la Acción de Granollers (Barcelona), en excedencia desde 2019.",,,,,,,deputy_000388_interests_registro_intereses_diputado_388.pdf
000389,Pagès i Massó,Josep,Barcelona,10 de septiembre de 2024,,actividades,0.0,,Ayuntamiento de Barcelona,,Técnico Superior en Derecho del Ayuntamiento de Barcelona,,,,,,10 de septiembre de 2024,deputy_000389_interests_registro_intereses_diputado_389.pdf
000389,Pagès i Massó,Josep,Barcelona,10 de septiembre de 2024,,actividades,1.0,,Ayuntamiento de Barcelona,,"Letrado Consistorial, en situación de servicios especiales, percibiendo el correspondiente complemento por antigüedad",,,,,,10 de septiembre de 2024,deputy_000389_interests_registro_intereses_diputado_389.pdf
000389,Pagès i Massó,Josep,Barcelona,10 de septiembre de 2024,,actividades,2.0,,Junts,,"Miembro del órgano de Garantías de Junts (Comisión de Garantías), no remunerado",,,,,,10 de septiembre de 2024,deputy_000389_interests_registro_intereses_diputado_389.pdf
000389,Pagès i Massó,Josep,Barcelona,10 de septiembre de 2024,,otros_intereses,0.0,,,,,,,,,"1. La autorización de esta actividad se realiza con la cautela de que no suponga el desempeño de otro puesto público o privado o incurra en algunas de las actividades prohibidas del artículo 159.2 LOREG.
2. Las actividades privadas se autorizan en la medida en que no incurran en los supuestos del artículo 159.2 de la LOREG, con las cautelas de no invocar la condición de parlamentario, no menoscabar la dedicación parlamentaria, y no incurrir en actividades prohibidas del artículo 159.2.",10 de septiembre de 2024,deputy_000389_interests_registro_intereses_diputado_389.pdf
000390,Montávez Aguillaume,Vicente,Madrid,17 de septiembre de 2024,,actividades,0.0,,centros de educación superior,Actividades docentes esporádicas,Fecha del acuerdo plenario definitivo: 08.05.2025,,,,,,,deputy_000390_interests_registro_intereses_diputado_390.pdf
000390,Montávez Aguillaume,Vicente,Madrid,17 de septiembre de 2024,,actividades,1.0,Fecha del acuerdo plenario definitivo: 19.12.2024,PSOE,Cargos en partidos ó grupos parlamentarios,Secretario General del PSOE de Puente de Vallecas,,,,,,,deputy_000390_interests_registro_intereses_diputado_390.pdf
000390,Montávez Aguillaume,Vicente,Madrid,17 de septiembre de 2024,,actividades,2.0,Fecha del acuerdo plenario definitivo: 19.12.2024,PSOE,Cargos en partidos ó grupos parlamentarios,Secretario de Coordinación del PSOE de la Ciudad de Madrid,,,,,,,deputy_000390_interests_registro_intereses_diputado_390.pdf
000390,Montávez Aguillaume,Vicente,Madrid,17 de septiembre de 2024,,actividades,3.0,Fecha del acuerdo plenario definitivo: 19.12.2024,PSOE,Cargos en partidos ó grupos parlamentarios,Secretario de Coordinación del PSOE de la Comunidad de Madrid,,,,,,,deputy_000390_interests_registro_intereses_diputado_390.pdf
000390,Montávez Aguillaume,Vicente,Madrid,17 de septiembre de 2024,,actividades,4.0,Fecha del acuerdo plenario definitivo: 19.12.2024,PSOE,Cargos en partidos ó grupos parlamentarios,Secretario del Comité Municipal del PSOE de la Ciudad de Madrid,,,,,,,deputy_000390_interests_registro_intereses_diputado_390.pdf
000390,Montávez Aguillaume,Vicente,Madrid,17 de septiembre de 2024,,actividades,5.0,Fecha del acuerdo plenario definitivo: 08.05.2025,PSOE,Cargos en partidos ó grupos parlamentarios,Secretario de Comité Municipal del PSOE de la Comunidad de Madrid (sin remuneración),,,,,,,deputy_000390_interests_registro_intereses_diputado_390.pdf
000391,Molina León,Ainhoa,S/C Tenerife,17 de septiembre de 2024,,actividades,0.0,,Gobierno de Canarias,Público,"Directora General de Formación Profesional y Enseñanzas de Régimen Especial en el Gobierno de Canarias, en situación de cese desde el 16.09.2024.",,,,,,,deputy_000391_interests_registro_intereses_diputado_391.pdf
000391,Molina León,Ainhoa,S/C Tenerife,17 de septiembre de 2024,,actividades,1.0,,Partido Popular,Político,"Presidenta del Comité Local de la Frontera del Partido Popular, sin remuneración.",,,,,,,deputy_000391_interests_registro_intereses_diputado_391.pdf
000392,Estrems Fayos,Etna,Girona,8 de octubre de 2024,,actividades,0.0,,Ayuntamiento de L'Escala (Girona),Cargos públicos,"Concejal en el Ayuntamiento de L'Escala (Girona), sin percibir ningún tipo de remuneración, salvo indemnización por asistencia a órganos de la Corporación.",,,,,,,deputy_000392_interests_registro_intereses_diputado_392.pdf
000392,Estrems Fayos,Etna,Girona,8 de octubre de 2024,,actividades,1.0,,Alt Empordà,Actividades públicas a las que ha renunciado,Consejera Comarcal en el Alt Empordà. Renuncia al cargo con efecto 7 de octubre de 2024.,,,,,,,deputy_000392_interests_registro_intereses_diputado_392.pdf
000392,Estrems Fayos,Etna,Girona,8 de octubre de 2024,,actividades,2.0,,Alt Empordà,Cargos en partidos ó grupos parlamentarios,Secretaria Comarcal de igualdad y feminismo en la ejecutiva Comarcal del Alt Empordà. No recibe ninguna retribución por ello. Coordinadora de grupos en la oposición en la ejecutiva Comarcal del Alt Empordà. No recibe ninguna retribución por ello.,,,,,,,deputy_000392_interests_registro_intereses_diputado_392.pdf
000392,Estrems Fayos,Etna,Girona,8 de octubre de 2024,,actividades,3.0,,SOLEXPERT 2013 SC,Actividades privadas autorizadas,"Ostenta la propiedad del 25% de las participaciones sociales de la Empresa SOLEXPERT 2013 SC. Siendo administradora solidaria de la misma y recibiendo retribuciones a las que renunció con fecha de efecto 30 de septiembre 2024, sin percibir ningún tipo de remuneración.",,,,,,,deputy_000392_interests_registro_intereses_diputado_392.pdf
000393,Recas Martín,Alda,Madrid,29 de octubre de 2024,,actividades,0.0,,Mesa regional Más Madrid,Política,Mesa regional Más Madrid (no remunerado).,,,,,,,deputy_000393_interests_registro_intereses_diputado_393.pdf
000393,Recas Martín,Alda,Madrid,29 de octubre de 2024,,otros_intereses,0.0,,,,,,,,,"1. Declaración de Actividades, de 29 de octubre de 2024. 2. La autorización de esta actividad se realiza con la cautela de que no suponga el desempeño de otro puesto público o privado o incurra en algunas de las actividades prohibidas del artículo 159.2 LOREG. 3. Las actividades privadas se autorizan en la medida en que no incurran en los supuestos del artículo 159.2 de la LOREG, con las cautelas de no invocar la condición de parlamentario, no menoscabar la dedicación parlamentaria, y no incurrir en actividades prohibidas del artículo 159.2.",,deputy_000393_interests_registro_intereses_diputado_393.pdf
000394,Quintero Hernández,Jonay,S/C Tenerife,10 de diciembre de 2024,,actividades,0.0,,Juventudes Socialistas El Hierro,,Secretario de Organización de Juventudes Socialistas El Hierro (sin remuneración),,,,,,,deputy_000394_interests_registro_intereses_diputado_394.pdf
000394,Quintero Hernández,Jonay,S/C Tenerife,10 de diciembre de 2024,,actividades,1.0,,Juventudes Socialistas El Hierro,,Secretario de LGTBI de Juventudes Socialistas El Hierro (sin remuneración),,,,,,,deputy_000394_interests_registro_intereses_diputado_394.pdf
000395,Cuevas Larrosa,Raúl,Zaragoza,17 de diciembre de 2024,,actividades,0.0,,Ayuntamiento de Codo (Zaragoza),Cargos públicos,"Alcalde de Codo (Zaragoza), sin percibir ningún tipo de remuneración, salvo indemnización por asistencia a órganos de la Corporación.",,,,,,,deputy_000395_interests_registro_intereses_diputado_395.pdf
000395,Cuevas Larrosa,Raúl,Zaragoza,17 de diciembre de 2024,,actividades,1.0,,Diputación Provincial de Zaragoza,Actividades públicas a las que ha renunciado,Renuncia como Diputado provincial de la Diputación Provincial de Zaragoza el 23 de diciembre de 2024.,,,,,,,deputy_000395_interests_registro_intereses_diputado_395.pdf
000395,Cuevas Larrosa,Raúl,Zaragoza,17 de diciembre de 2024,,actividades,2.0,,Ayuntamiento de Zaragoza,Actividades públicas a las que ha renunciado,"Bombero - Funcionario de carrera del Ayuntamiento de Zaragoza, en situación de excedencia, percibiendo el correspondiente complemento por antigüedad.",,,,,,,deputy_000395_interests_registro_intereses_diputado_395.pdf
000395,Cuevas Larrosa,Raúl,Zaragoza,17 de diciembre de 2024,,otros_intereses,0.0,,,,,,,,,"1. Declaración de Actividades, de 17 de diciembre de 2024
2. Declaración de Actividades, de 22 de enero de 2025",,deputy_000395_interests_registro_intereses_diputado_395.pdf
000396,Gómez Piña,Luis Antonio,Pontevedra,11 de febrero de 2025,,actividades,0.0,,Ayuntamiento de A Cañiza,Cargos públicos,"Alcalde-Presidente del Ayuntamiento de A Cañiza (Pontevedra), sin percibir salario desde el día 10 de febrero de 2025, sin percibir ningún tipo de remuneración, salvo indemnización por asistencia a órganos de la Corporación.",,,,,,,deputy_000396_interests_registro_intereses_diputado_396.pdf
000396,Gómez Piña,Luis Antonio,Pontevedra,11 de febrero de 2025,,actividades,1.0,,Ayuntamiento de A Cañiza,Cargos públicos,Gastos de dietas y kilometraje como Alcalde de A Cañiza (Pontevedra).,,,,,,,deputy_000396_interests_registro_intereses_diputado_396.pdf
000396,Gómez Piña,Luis Antonio,Pontevedra,11 de febrero de 2025,,actividades,2.0,,PSdG-PSOE de A Cañiza,Cargos en partidos ó grupos parlamentarios,"Secretario Grupo Municipal de PSdG-PSOE de A Cañiza (Pontevedra), sin percibir remuneración alguna.",,,,,,,deputy_000396_interests_registro_intereses_diputado_396.pdf
000396,Gómez Piña,Luis Antonio,Pontevedra,11 de febrero de 2025,,actividades,3.0,,PSdG-PSOE de Pontevedra,Cargos en partidos ó grupos parlamentarios,"Secretario Organización Provincial del PSdG-PSOE de Pontevedra, sin percibir remuneración alguna.",,,,,,,deputy_000396_interests_registro_intereses_diputado_396.pdf
000396,Gómez Piña,Luis Antonio,Pontevedra,11 de febrero de 2025,,actividades,4.0,,PSdG-PSOE de Pontevedra y PSdG-PSOE de A Cañiza,Cargos en partidos ó grupos parlamentarios,Percepción muy ocasionalmente de gastos como Secretario de la Organización Provincial del PSdG-PSOE de Pontevedra y como Secretario General Municipal del PSdG-PSOE de A Cañiza (Pontevedra).,,,,,,,deputy_000396_interests_registro_intereses_diputado_396.pdf
000396,Gómez Piña,Luis Antonio,Pontevedra,11 de febrero de 2025,,actividades,5.0,,FCC (Fomento de Construcciones y Contratas),Actividades privadas autorizadas,En excedencia de empresa privada de ámbito de los servicios públicos. Administrativo.,,,,,,,deputy_000396_interests_registro_intereses_diputado_396.pdf
000396,Gómez Piña,Luis Antonio,Pontevedra,11 de febrero de 2025,,actividades,6.0,,"Vilamide, S.L.",Actividades privadas autorizadas,"Consejero Delegado de Vilamide, S.L.",,,,,,,deputy_000396_interests_registro_intereses_diputado_396.pdf
000397,Ogou i Corbi,Viviane,Barcelona,11 de febrero de 2025,,actividades,0.0,,Grupo Coordinador de Movimiento SUMAR,Cargos en partidos ó grupos parlamentarios,Miembro del Grupo Coordinador de Movimiento SUMAR (sin remuneración).,,,,,,,deputy_000397_interests_registro_intereses_diputado_397.pdf
000397,Ogou i Corbi,Viviane,Barcelona,11 de febrero de 2025,,actividades,1.0,,Coordinadora de Barcelona En Comú,Cargos en partidos ó grupos parlamentarios,Miembro de la coordinadora de Barcelona En Comú (sin remuneración).,,,,,,,deputy_000397_interests_registro_intereses_diputado_397.pdf
000397,Ogou i Corbi,Viviane,Barcelona,11 de febrero de 2025,,actividades,2.0,,"Grupo de Trabajo Sectorial de Antirracismo, Migración y Refugio de SUMAR",Cargos en partidos ó grupos parlamentarios,"Coordinadora del Grupo de Trabajo Sectorial de Antirracismo, Migración y Refugio de SUMAR (sin remuneración).",,,,,,,deputy_000397_interests_registro_intereses_diputado_397.pdf
000397,Ogou i Corbi,Viviane,Barcelona,11 de febrero de 2025,,actividades,3.0,,Asociación Puerta de África,Actividades privadas autorizadas,Presidenta de la asociación Puerta de África (sin remuneración).,,,,,,,deputy_000397_interests_registro_intereses_diputado_397.pdf
000397,Ogou i Corbi,Viviane,Barcelona,11 de febrero de 2025,,actividades,4.0,,Comité Científico de AfroMadrid,Actividades privadas autorizadas,Miembro del Comité Científico de AfroMadrid (sin remuneración).,,,,,,,deputy_000397_interests_registro_intereses_diputado_397.pdf
000397,Ogou i Corbi,Viviane,Barcelona,11 de febrero de 2025,,actividades,5.0,,Arrels Fundació,Actividades privadas autorizadas,"Técnica de comunicación e incidencia - Arrels Fundació -, en excedencia desde el 10 de febrero de 2025 y efecto desde el 11 de febrero de 2025.",,,,,,,deputy_000397_interests_registro_intereses_diputado_397.pdf
000398,Otero Gabirondo,Mikel,Araba/Álava,18 de febrero de 2025,,actividades,0.0,,Ayuntamiento de Victoria-Gasteiz,Funcionario de carrera,"Mando intermedio en el Servicio de Prevención y Extinción de Fuego y Salvamento, en excedencia, en situación de servicios especiales, percibiendo el correspondiente complemento por antigüedad.",,,,,,18 de febrero de 2025,deputy_000398_interests_registro_intereses_diputado_398.pdf
000398,Otero Gabirondo,Mikel,Araba/Álava,18 de febrero de 2025,,actividades,1.0,,EH Bildu,Cargos en partidos ó grupos parlamentarios,Secretario de Transición Ecológica en EH Bildu sin remuneración.,,,,,,18 de febrero de 2025,deputy_000398_interests_registro_intereses_diputado_398.pdf
000398,Otero Gabirondo,Mikel,Araba/Álava,18 de febrero de 2025,,otros_intereses,0.0,,,,,,,,,"La autorización de esta actividad se realiza con la cautela de que no suponga el desempeño de otro puesto público o privado o incurra en algunas de las actividades prohibidas del artículo 159.2 LOREG. Las actividades privadas se autorizan en la medida en que no incurran en los supuestos del artículo 159.2 de la LOREG, con las cautelas de no invocar la condición de parlamentario, no menoscabar la dedicación parlamentaria, y no incurrir en actividades prohibidas del artículo 159.2",18 de febrero de 2025,deputy_000398_interests_registro_intereses_diputado_398.pdf
000399,Renteria Lasanta,Nerea,Bizkaia,8 de abril de 2025,,actividades,0.0,,Ayuntamiento de Zaratamo,Cargos públicos,"Concejal del Ayuntamiento de Zaratamo (Bizkaia), sin percibir ningún tipo de remuneración, salvo indemnización por asistencia a órganos de la Corporación.",,,,,,,deputy_000399_interests_registro_intereses_diputado_399.pdf
000399,Renteria Lasanta,Nerea,Bizkaia,8 de abril de 2025,,actividades,1.0,,Mancomunidad Nerbioi-Ibaizabal,Cargos públicos,Vicepresidenta de la Mancomunidad Nerbioi-Ibaizabal.,,,,,,,deputy_000399_interests_registro_intereses_diputado_399.pdf
000399,Renteria Lasanta,Nerea,Bizkaia,8 de abril de 2025,,actividades,2.0,1 al 7 de abril de 2025,Diputación de Bizkaia,Actividades públicas a las que ha renunciado,Asesora General del Medio Natural y Agricultura de la Diputación de Bizkaia (recibiendo retribución).,,,,,,,deputy_000399_interests_registro_intereses_diputado_399.pdf
000400,Blanco Arrúe,Gabriel,Bizkaia,10 de junio de 2025,,actividades,0.0,Fecha del acuerdo plenario definitivo: 26.06.2025,Consejería de Vivienda y Agenda Urbana del Gobierno Vasco,Cargo público,"Personal eventual como asesor en relaciones con el Parlamento, cobrando retribuciones asociadas al cargo, en situación de cese desde el 10.06.2025.",,,,,,10 de junio de 2025,deputy_000400_interests_registro_intereses_diputado_400.pdf
000400,Blanco Arrúe,Gabriel,Bizkaia,10 de junio de 2025,,actividades,1.0,Fecha del acuerdo plenario definitivo: 26.06.2025,Euskadiko Ezkenaren Gasteak (JSE-Egaz),Cargo en partido político,Secretario General de Juventudes Socialistas de Euskadi. Sin remuneración.,,,,,,10 de junio de 2025,deputy_000400_interests_registro_intereses_diputado_400.pdf
000400,Blanco Arrúe,Gabriel,Bizkaia,10 de junio de 2025,,actividades,2.0,Fecha del acuerdo plenario definitivo: 26.06.2025,Euskadiko Eeneka (PSE-EE),Cargo en partido político,Secretario LGTBI del Partido Socialista de Euskadi. Sin remuneración.,,,,,,10 de junio de 2025,deputy_000400_interests_registro_intereses_diputado_400.pdf
